rn:R00001	cpd:C00001
rn:R00002	cpd:C00001
rn:R00004	cpd:C00001
rn:R00005	cpd:C00001
rn:R00009	cpd:C00001
rn:R00010	cpd:C00001
rn:R00011	cpd:C00001
rn:R00017	cpd:C00001
rn:R00022	cpd:C00001
rn:R00024	cpd:C00001
rn:R00025	cpd:C00001
rn:R00026	cpd:C00001
rn:R00028	cpd:C00001
rn:R00036	cpd:C00001
rn:R00041	cpd:C00001
rn:R00044	cpd:C00001
rn:R00045	cpd:C00001
rn:R00047	cpd:C00001
rn:R00048	cpd:C00001
rn:R00052	cpd:C00001
rn:R00053	cpd:C00001
rn:R00054	cpd:C00001
rn:R00055	cpd:C00001
rn:R00056	cpd:C00001
rn:R00058	cpd:C00001
rn:R00059	cpd:C00001
rn:R00060	cpd:C00001
rn:R00061	cpd:C00001
rn:R00068	cpd:C00001
rn:R00069	cpd:C00001
rn:R00070	cpd:C00001
rn:R00072	cpd:C00001
rn:R00073	cpd:C00001
rn:R00074	cpd:C00001
rn:R00077	cpd:C00001
rn:R00078	cpd:C00001
rn:R00080	cpd:C00001
rn:R00081	cpd:C00001
rn:R00082	cpd:C00001
rn:R00083	cpd:C00001
rn:R00084	cpd:C00001
rn:R00085	cpd:C00001
rn:R00086	cpd:C00001
rn:R00087	cpd:C00001
rn:R00088	cpd:C00001
rn:R00090	cpd:C00001
rn:R00102	cpd:C00001
rn:R00103	cpd:C00001
rn:R00111	cpd:C00001
rn:R00113	cpd:C00001
rn:R00118	cpd:C00001
rn:R00122	cpd:C00001
rn:R00123	cpd:C00001
rn:R00125	cpd:C00001
rn:R00128	cpd:C00001
rn:R00131	cpd:C00001
rn:R00132	cpd:C00001
rn:R00135	cpd:C00001
rn:R00138	cpd:C00001
rn:R00143	cpd:C00001
rn:R00145	cpd:C00001
rn:R00146	cpd:C00001
rn:R00148	cpd:C00001
rn:R00149	cpd:C00001
rn:R00150	cpd:C00001
rn:R00152	cpd:C00001
rn:R00155	cpd:C00001
rn:R00159	cpd:C00001
rn:R00160	cpd:C00001
rn:R00164	cpd:C00001
rn:R00173	cpd:C00001
rn:R00177	cpd:C00001
rn:R00181	cpd:C00001
rn:R00182	cpd:C00001
rn:R00183	cpd:C00001
rn:R00184	cpd:C00001
rn:R00187	cpd:C00001
rn:R00188	cpd:C00001
rn:R00191	cpd:C00001
rn:R00192	cpd:C00001
rn:R00193	cpd:C00001
rn:R00194	cpd:C00001
rn:R00195	cpd:C00001
rn:R00199	cpd:C00001
rn:R00203	cpd:C00001
rn:R00205	cpd:C00001
rn:R00208	cpd:C00001
rn:R00213	cpd:C00001
rn:R00218	cpd:C00001
rn:R00227	cpd:C00001
rn:R00243	cpd:C00001
rn:R00245	cpd:C00001
rn:R00248	cpd:C00001
rn:R00250	cpd:C00001
rn:R00251	cpd:C00001
rn:R00254	cpd:C00001
rn:R00256	cpd:C00001
rn:R00257	cpd:C00001
rn:R00264	cpd:C00001
rn:R00269	cpd:C00001
rn:R00270	cpd:C00001
rn:R00271	cpd:C00001
rn:R00274	cpd:C00001
rn:R00277	cpd:C00001
rn:R00279	cpd:C00001
rn:R00280	cpd:C00001
rn:R00283	cpd:C00001
rn:R00283	cpd:C00001
rn:R00284	cpd:C00001
rn:R00286	cpd:C00001
rn:R00287	cpd:C00001
rn:R00293	cpd:C00001
rn:R00294	cpd:C00001
rn:R00295	cpd:C00001
rn:R00303	cpd:C00001
rn:R00304	cpd:C00001
rn:R00306	cpd:C00001
rn:R00308	cpd:C00001
rn:R00311	cpd:C00001
rn:R00317	cpd:C00001
rn:R00318	cpd:C00001
rn:R00319	cpd:C00001
rn:R00321	cpd:C00001
rn:R00322	cpd:C00001
rn:R00324	cpd:C00001
rn:R00326	cpd:C00001
rn:R00327	cpd:C00001
rn:R00328	cpd:C00001
rn:R00329	cpd:C00001
rn:R00335	cpd:C00001
rn:R00336	cpd:C00001
rn:R00337	cpd:C00001
rn:R00338	cpd:C00001
rn:R00339	cpd:C00001
rn:R00340	cpd:C00001
rn:R00345	cpd:C00001
rn:R00348	cpd:C00001
rn:R00351	cpd:C00001
rn:R00357	cpd:C00001
rn:R00359	cpd:C00001
rn:R00364	cpd:C00001
rn:R00365	cpd:C00001
rn:R00366	cpd:C00001
rn:R00368	cpd:C00001
rn:R00383	cpd:C00001
rn:R00396	cpd:C00001
rn:R00398	cpd:C00001
rn:R00407	cpd:C00001
rn:R00411	cpd:C00001
rn:R00414	cpd:C00001
rn:R00421	cpd:C00001
rn:R00424	cpd:C00001
rn:R00425	cpd:C00001
rn:R00426	cpd:C00001
rn:R00428	cpd:C00001
rn:R00446	cpd:C00001
rn:R00447	cpd:C00001
rn:R00448	cpd:C00001
rn:R00449	cpd:C00001
rn:R00452	cpd:C00001
rn:R00458	cpd:C00001
rn:R00463	cpd:C00001
rn:R00466	cpd:C00001
rn:R00469	cpd:C00001
rn:R00472	cpd:C00001
rn:R00484	cpd:C00001
rn:R00485	cpd:C00001
rn:R00486	cpd:C00001
rn:R00488	cpd:C00001
rn:R00494	cpd:C00001
rn:R00499	cpd:C00001
rn:R00501	cpd:C00001
rn:R00507	cpd:C00001
rn:R00508	cpd:C00001
rn:R00510	cpd:C00001
rn:R00511	cpd:C00001
rn:R00514	cpd:C00001
rn:R00515	cpd:C00001
rn:R00521	cpd:C00001
rn:R00524	cpd:C00001
rn:R00525	cpd:C00001
rn:R00526	cpd:C00001
rn:R00527	cpd:C00001
rn:R00528	cpd:C00001
rn:R00531	cpd:C00001
rn:R00532	cpd:C00001
rn:R00533	cpd:C00001
rn:R00534	cpd:C00001
rn:R00538	cpd:C00001
rn:R00539	cpd:C00001
rn:R00540	cpd:C00001
rn:R00542	cpd:C00001
rn:R00543	cpd:C00001
rn:R00544	cpd:C00001
rn:R00545	cpd:C00001
rn:R00546	cpd:C00001
rn:R00547	cpd:C00001
rn:R00548	cpd:C00001
rn:R00551	cpd:C00001
rn:R00552	cpd:C00001
rn:R00557	cpd:C00001
rn:R00558	cpd:C00001
rn:R00559	cpd:C00001
rn:R00562	cpd:C00001
rn:R00563	cpd:C00001
rn:R00569	cpd:C00001
rn:R00573	cpd:C00001
rn:R00575	cpd:C00001
rn:R00578	cpd:C00001
rn:R00581	cpd:C00001
rn:R00582	cpd:C00001
rn:R00590	cpd:C00001
rn:R00602	cpd:C00001
rn:R00603	cpd:C00001
rn:R00604	cpd:C00001
rn:R00606	cpd:C00001
rn:R00609	cpd:C00001
rn:R00610	cpd:C00001
rn:R00612	cpd:C00001
rn:R00614	cpd:C00001
rn:R00615	cpd:C00001
rn:R00618	cpd:C00001
rn:R00626	cpd:C00001
rn:R00628	cpd:C00001
rn:R00630	cpd:C00001
rn:R00631	cpd:C00001
rn:R00634	cpd:C00001
rn:R00635	cpd:C00001
rn:R00638	cpd:C00001
rn:R00644	cpd:C00001
rn:R00646	cpd:C00001
rn:R00648	cpd:C00001
rn:R00653	cpd:C00001
rn:R00654	cpd:C00001
rn:R00657	cpd:C00001
rn:R00658	cpd:C00001
rn:R00662	cpd:C00001
rn:R00665	cpd:C00001
rn:R00666	cpd:C00001
rn:R00668	cpd:C00001
rn:R00669	cpd:C00001
rn:R00673	cpd:C00001
rn:R00674	cpd:C00001
rn:R00675	cpd:C00001
rn:R00676	cpd:C00001
rn:R00677	cpd:C00001
rn:R00679	cpd:C00001
rn:R00682	cpd:C00001
rn:R00686	cpd:C00001
rn:R00688	cpd:C00001
rn:R00689	cpd:C00001
rn:R00690	cpd:C00001
rn:R00691	cpd:C00001
rn:R00707	cpd:C00001
rn:R00708	cpd:C00001
rn:R00710	cpd:C00001
rn:R00711	cpd:C00001
rn:R00713	cpd:C00001
rn:R00714	cpd:C00001
rn:R00715	cpd:C00001
rn:R00716	cpd:C00001
rn:R00719	cpd:C00001
rn:R00720	cpd:C00001
rn:R00723	cpd:C00001
rn:R00728	cpd:C00001
rn:R00729	cpd:C00001
rn:R00730	cpd:C00001
rn:R00731	cpd:C00001
rn:R00744	cpd:C00001
rn:R00747	cpd:C00001
rn:R00748	cpd:C00001
rn:R00761	cpd:C00001
rn:R00762	cpd:C00001
rn:R00763	cpd:C00001
rn:R00765	cpd:C00001
rn:R00775	cpd:C00001
rn:R00777	cpd:C00001
rn:R00778	cpd:C00001
rn:R00782	cpd:C00001
rn:R00783	cpd:C00001
rn:R00784	cpd:C00001
rn:R00785	cpd:C00001
rn:R00787	cpd:C00001
rn:R00789	cpd:C00001
rn:R00790	cpd:C00001
rn:R00791	cpd:C00001
rn:R00792	cpd:C00001
rn:R00793	cpd:C00001
rn:R00794	cpd:C00001
rn:R00796	cpd:C00001
rn:R00798	cpd:C00001
rn:R00799	cpd:C00001
rn:R00801	cpd:C00001
rn:R00802	cpd:C00001
rn:R00804	cpd:C00001
rn:R00805	cpd:C00001
rn:R00815	cpd:C00001
rn:R00818	cpd:C00001
rn:R00828	cpd:C00001
rn:R00837	cpd:C00001
rn:R00838	cpd:C00001
rn:R00839	cpd:C00001
rn:R00841	cpd:C00001
rn:R00855	cpd:C00001
rn:R00857	cpd:C00001
rn:R00858	cpd:C00001
rn:R00859	cpd:C00001
rn:R00861	cpd:C00001
rn:R00872	cpd:C00001
rn:R00879	cpd:C00001
rn:R00880	cpd:C00001
rn:R00881	cpd:C00001
rn:R00888	cpd:C00001
rn:R00891	cpd:C00001
rn:R00899	cpd:C00001
rn:R00904	cpd:C00001
rn:R00905	cpd:C00001
rn:R00906	cpd:C00001
rn:R00909	cpd:C00001
rn:R00911	cpd:C00001
rn:R00913	cpd:C00001
rn:R00917	cpd:C00001
rn:R00918	cpd:C00001
rn:R00931	cpd:C00001
rn:R00932	cpd:C00001
rn:R00941	cpd:C00001
rn:R00944	cpd:C00001
rn:R00945	cpd:C00001
rn:R00947	cpd:C00001
rn:R00951	cpd:C00001
rn:R00957	cpd:C00001
rn:R00961	cpd:C00001
rn:R00963	cpd:C00001
rn:R00969	cpd:C00001
rn:R00974	cpd:C00001
rn:R00976	cpd:C00001
rn:R00985	cpd:C00001
rn:R00987	cpd:C00001
rn:R00988	cpd:C00001
rn:R00997	cpd:C00001
rn:R00998	cpd:C00001
rn:R00999	cpd:C00001
rn:R01001	cpd:C00001
rn:R01003	cpd:C00001
rn:R01004	cpd:C00001
rn:R01006	cpd:C00001
rn:R01010	cpd:C00001
rn:R01019	cpd:C00001
rn:R01026	cpd:C00001
rn:R01028	cpd:C00001
rn:R01029	cpd:C00001
rn:R01030	cpd:C00001
rn:R01031	cpd:C00001
rn:R01032	cpd:C00001
rn:R01043	cpd:C00001
rn:R01047	cpd:C00001
rn:R01054	cpd:C00001
rn:R01055	cpd:C00001
rn:R01058	cpd:C00001
rn:R01072	cpd:C00001
rn:R01077	cpd:C00001
rn:R01079	cpd:C00001
rn:R01080	cpd:C00001
rn:R01082	cpd:C00001
rn:R01085	cpd:C00001
rn:R01088	cpd:C00001
rn:R01098	cpd:C00001
rn:R01100	cpd:C00001
rn:R01101	cpd:C00001
rn:R01103	cpd:C00001
rn:R01104	cpd:C00001
rn:R01105	cpd:C00001
rn:R01106	cpd:C00001
rn:R01115	cpd:C00001
rn:R01126	cpd:C00001
rn:R01127	cpd:C00001
rn:R01128	cpd:C00001
rn:R01130	cpd:C00001
rn:R01142	cpd:C00001
rn:R01143	cpd:C00001
rn:R01144	cpd:C00001
rn:R01145	cpd:C00001
rn:R01151	cpd:C00001
rn:R01152	cpd:C00001
rn:R01156	cpd:C00001
rn:R01157	cpd:C00001
rn:R01158	cpd:C00001
rn:R01163	cpd:C00001
rn:R01166	cpd:C00001
rn:R01180	cpd:C00001
rn:R01184	cpd:C00001
rn:R01185	cpd:C00001
rn:R01186	cpd:C00001
rn:R01187	cpd:C00001
rn:R01193	cpd:C00001
rn:R01194	cpd:C00001
rn:R01200	cpd:C00001
rn:R01202	cpd:C00001
rn:R01203	cpd:C00001
rn:R01206	cpd:C00001
rn:R01209	cpd:C00001
rn:R01212	cpd:C00001
rn:R01213	cpd:C00001
rn:R01225	cpd:C00001
rn:R01226	cpd:C00001
rn:R01227	cpd:C00001
rn:R01231	cpd:C00001
rn:R01232	cpd:C00001
rn:R01233	cpd:C00001
rn:R01234	cpd:C00001
rn:R01237	cpd:C00001
rn:R01241	cpd:C00001
rn:R01243	cpd:C00001
rn:R01244	cpd:C00001
rn:R01245	cpd:C00001
rn:R01258	cpd:C00001
rn:R01259	cpd:C00001
rn:R01260	cpd:C00001
rn:R01263	cpd:C00001
rn:R01264	cpd:C00001
rn:R01266	cpd:C00001
rn:R01267	cpd:C00001
rn:R01268	cpd:C00001
rn:R01270	cpd:C00001
rn:R01273	cpd:C00001
rn:R01274	cpd:C00001
rn:R01283	cpd:C00001
rn:R01286	cpd:C00001
rn:R01289	cpd:C00001
rn:R01290	cpd:C00001
rn:R01293	cpd:C00001
rn:R01294	cpd:C00001
rn:R01295	cpd:C00001
rn:R01296	cpd:C00001
rn:R01297	cpd:C00001
rn:R01298	cpd:C00001
rn:R01299	cpd:C00001
rn:R01301	cpd:C00001
rn:R01303	cpd:C00001
rn:R01306	cpd:C00001
rn:R01307	cpd:C00001
rn:R01308	cpd:C00001
rn:R01309	cpd:C00001
rn:R01310	cpd:C00001
rn:R01312	cpd:C00001
rn:R01313	cpd:C00001
rn:R01314	cpd:C00001
rn:R01315	cpd:C00001
rn:R01316	cpd:C00001
rn:R01317	cpd:C00001
rn:R01325	cpd:C00001
rn:R01328	cpd:C00001
rn:R01329	cpd:C00001
rn:R01331	cpd:C00001
rn:R01332	cpd:C00001
rn:R01333	cpd:C00001
rn:R01334	cpd:C00001
rn:R01335	cpd:C00001
rn:R01337	cpd:C00001
rn:R01338	cpd:C00001
rn:R01340	cpd:C00001
rn:R01342	cpd:C00001
rn:R01347	cpd:C00001
rn:R01348	cpd:C00001
rn:R01351	cpd:C00001
rn:R01352	cpd:C00001
rn:R01358	cpd:C00001
rn:R01364	cpd:C00001
rn:R01367	cpd:C00001
rn:R01369	cpd:C00001
rn:R01373	cpd:C00001
rn:R01374	cpd:C00001
rn:R01401	cpd:C00001
rn:R01408	cpd:C00001
rn:R01410	cpd:C00001
rn:R01411	cpd:C00001
rn:R01413	cpd:C00001
rn:R01416	cpd:C00001
rn:R01418	cpd:C00001
rn:R01419	cpd:C00001
rn:R01420	cpd:C00001
rn:R01421	cpd:C00001
rn:R01423	cpd:C00001
rn:R01424	cpd:C00001
rn:R01425	cpd:C00001
rn:R01426	cpd:C00001
rn:R01433	cpd:C00001
rn:R01434	cpd:C00001
rn:R01444	cpd:C00001
rn:R01446	cpd:C00001
rn:R01448	cpd:C00001
rn:R01452	cpd:C00001
rn:R01453	cpd:C00001
rn:R01454	cpd:C00001
rn:R01460	cpd:C00001
rn:R01462	cpd:C00001
rn:R01463	cpd:C00001
rn:R01466	cpd:C00001
rn:R01469	cpd:C00001
rn:R01470	cpd:C00001
rn:R01478	cpd:C00001
rn:R01480	cpd:C00001
rn:R01483	cpd:C00001
rn:R01484	cpd:C00001
rn:R01486	cpd:C00001
rn:R01489	cpd:C00001
rn:R01493	cpd:C00001
rn:R01494	cpd:C00001
rn:R01498	cpd:C00001
rn:R01508	cpd:C00001
rn:R01511	cpd:C00001
rn:R01515	cpd:C00001
rn:R01519	cpd:C00001
rn:R01532	cpd:C00001
rn:R01533	cpd:C00001
rn:R01538	cpd:C00001
rn:R01540	cpd:C00001
rn:R01560	cpd:C00001
rn:R01562	cpd:C00001
rn:R01563	cpd:C00001
rn:R01566	cpd:C00001
rn:R01569	cpd:C00001
rn:R01579	cpd:C00001
rn:R01581	cpd:C00001
rn:R01583	cpd:C00001
rn:R01584	cpd:C00001
rn:R01587	cpd:C00001
rn:R01588	cpd:C00001
rn:R01589	cpd:C00001
rn:R01599	cpd:C00001
rn:R01604	cpd:C00001
rn:R01607	cpd:C00001
rn:R01609	cpd:C00001
rn:R01611	cpd:C00001
rn:R01621	cpd:C00001
rn:R01623	cpd:C00001
rn:R01627	cpd:C00001
rn:R01628	cpd:C00001
rn:R01629	cpd:C00001
rn:R01630	cpd:C00001
rn:R01649	cpd:C00001
rn:R01650	cpd:C00001
rn:R01655	cpd:C00001
rn:R01663	cpd:C00001
rn:R01664	cpd:C00001
rn:R01667	cpd:C00001
rn:R01668	cpd:C00001
rn:R01669	cpd:C00001
rn:R01676	cpd:C00001
rn:R01677	cpd:C00001
rn:R01678	cpd:C00001
rn:R01683	cpd:C00001
rn:R01685	cpd:C00001
rn:R01690	cpd:C00001
rn:R01703	cpd:C00001
rn:R01704	cpd:C00001
rn:R01705	cpd:C00001
rn:R01706	cpd:C00001
rn:R01709	cpd:C00001
rn:R01710	cpd:C00001
rn:R01718	cpd:C00001
rn:R01720	cpd:C00001
rn:R01724	cpd:C00001
rn:R01732	cpd:C00001
rn:R01735	cpd:C00001
rn:R01736	cpd:C00001
rn:R01748	cpd:C00001
rn:R01752	cpd:C00001
rn:R01760	cpd:C00001
rn:R01762	cpd:C00001
rn:R01768	cpd:C00001
rn:R01769	cpd:C00001
rn:R01770	cpd:C00001
rn:R01788	cpd:C00001
rn:R01790	cpd:C00001
rn:R01791	cpd:C00001
rn:R01795	cpd:C00001
rn:R01797	cpd:C00001
rn:R01803	cpd:C00001
rn:R01804	cpd:C00001
rn:R01805	cpd:C00001
rn:R01810	cpd:C00001
rn:R01814	cpd:C00001
rn:R01815	cpd:C00001
rn:R01825	cpd:C00001
rn:R01826	cpd:C00001
rn:R01833	cpd:C00001
rn:R01840	cpd:C00001
rn:R01842	cpd:C00001
rn:R01845	cpd:C00001
rn:R01851	cpd:C00001
rn:R01853	cpd:C00001
rn:R01854	cpd:C00001
rn:R01855	cpd:C00001
rn:R01856	cpd:C00001
rn:R01862	cpd:C00001
rn:R01874	cpd:C00001
rn:R01877	cpd:C00001
rn:R01878	cpd:C00001
rn:R01882	cpd:C00001
rn:R01884	cpd:C00001
rn:R01885	cpd:C00001
rn:R01886	cpd:C00001
rn:R01887	cpd:C00001
rn:R01900	cpd:C00001
rn:R01911	cpd:C00001
rn:R01914	cpd:C00001
rn:R01915	cpd:C00001
rn:R01918	cpd:C00001
rn:R01922	cpd:C00001
rn:R01924	cpd:C00001
rn:R01930	cpd:C00001
rn:R01937	cpd:C00001
rn:R01938	cpd:C00001
rn:R01959	cpd:C00001
rn:R01960	cpd:C00001
rn:R01962	cpd:C00001
rn:R01963	cpd:C00001
rn:R01966	cpd:C00001
rn:R01968	cpd:C00001
rn:R01978	cpd:C00001
rn:R01981	cpd:C00001
rn:R01982	cpd:C00001
rn:R01984	cpd:C00001
rn:R01986	cpd:C00001
rn:R01987	cpd:C00001
rn:R01990	cpd:C00001
rn:R01992	cpd:C00001
rn:R01993	cpd:C00001
rn:R01998	cpd:C00001
rn:R02004	cpd:C00001
rn:R02006	cpd:C00001
rn:R02014	cpd:C00001
rn:R02017	cpd:C00001
rn:R02018	cpd:C00001
rn:R02019	cpd:C00001
rn:R02020	cpd:C00001
rn:R02022	cpd:C00001
rn:R02023	cpd:C00001
rn:R02024	cpd:C00001
rn:R02025	cpd:C00001
rn:R02027	cpd:C00001
rn:R02029	cpd:C00001
rn:R02035	cpd:C00001
rn:R02036	cpd:C00001
rn:R02039	cpd:C00001
rn:R02040	cpd:C00001
rn:R02041	cpd:C00001
rn:R02042	cpd:C00001
rn:R02051	cpd:C00001
rn:R02052	cpd:C00001
rn:R02053	cpd:C00001
rn:R02054	cpd:C00001
rn:R02059	cpd:C00001
rn:R02078	cpd:C00001
rn:R02083	cpd:C00001
rn:R02085	cpd:C00001
rn:R02088	cpd:C00001
rn:R02092	cpd:C00001
rn:R02095	cpd:C00001
rn:R02100	cpd:C00001
rn:R02102	cpd:C00001
rn:R02103	cpd:C00001
rn:R02106	cpd:C00001
rn:R02107	cpd:C00001
rn:R02108	cpd:C00001
rn:R02109	cpd:C00001
rn:R02115	cpd:C00001
rn:R02123	cpd:C00001
rn:R02125	cpd:C00001
rn:R02130	cpd:C00001
rn:R02131	cpd:C00001
rn:R02132	cpd:C00001
rn:R02133	cpd:C00001
rn:R02135	cpd:C00001
rn:R02137	cpd:C00001
rn:R02139	cpd:C00001
rn:R02141	cpd:C00001
rn:R02143	cpd:C00001
rn:R02145	cpd:C00001
rn:R02148	cpd:C00001
rn:R02150	cpd:C00001
rn:R02160	cpd:C00001
rn:R02165	cpd:C00001
rn:R02167	cpd:C00001
rn:R02170	cpd:C00001
rn:R02171	cpd:C00001
rn:R02172	cpd:C00001
rn:R02173	cpd:C00001
rn:R02178	cpd:C00001
rn:R02182	cpd:C00001
rn:R02190	cpd:C00001
rn:R02192	cpd:C00001
rn:R02196	cpd:C00001
rn:R02197	cpd:C00001
rn:R02210	cpd:C00001
rn:R02211	cpd:C00001
rn:R02212	cpd:C00001
rn:R02213	cpd:C00001
rn:R02214	cpd:C00001
rn:R02218	cpd:C00001
rn:R02222	cpd:C00001
rn:R02224	cpd:C00001
rn:R02228	cpd:C00001
rn:R02231	cpd:C00001
rn:R02233	cpd:C00001
rn:R02239	cpd:C00001
rn:R02248	cpd:C00001
rn:R02249	cpd:C00001
rn:R02250	cpd:C00001
rn:R02253	cpd:C00001
rn:R02254	cpd:C00001
rn:R02269	cpd:C00001
rn:R02273	cpd:C00001
rn:R02276	cpd:C00001
rn:R02278	cpd:C00001
rn:R02279	cpd:C00001
rn:R02280	cpd:C00001
rn:R02281	cpd:C00001
rn:R02284	cpd:C00001
rn:R02285	cpd:C00001
rn:R02286	cpd:C00001
rn:R02288	cpd:C00001
rn:R02300	cpd:C00001
rn:R02313	cpd:C00001
rn:R02315	cpd:C00001
rn:R02317	cpd:C00001
rn:R02319	cpd:C00001
rn:R02322	cpd:C00001
rn:R02323	cpd:C00001
rn:R02325	cpd:C00001
rn:R02330	cpd:C00001
rn:R02333	cpd:C00001
rn:R02334	cpd:C00001
rn:R02336	cpd:C00001
rn:R02337	cpd:C00001
rn:R02339	cpd:C00001
rn:R02341	cpd:C00001
rn:R02351	cpd:C00001
rn:R02354	cpd:C00001
rn:R02355	cpd:C00001
rn:R02356	cpd:C00001
rn:R02359	cpd:C00001
rn:R02360	cpd:C00001
rn:R02362	cpd:C00001
rn:R02363	cpd:C00001
rn:R02368	cpd:C00001
rn:R02370	cpd:C00001
rn:R02374	cpd:C00001
rn:R02376	cpd:C00001
rn:R02378	cpd:C00001
rn:R02381	cpd:C00001
rn:R02382	cpd:C00001
rn:R02383	cpd:C00001
rn:R02394	cpd:C00001
rn:R02401	cpd:C00001
rn:R02408	cpd:C00001
rn:R02410	cpd:C00001
rn:R02418	cpd:C00001
rn:R02419	cpd:C00001
rn:R02422	cpd:C00001
rn:R02423	cpd:C00001
rn:R02425	cpd:C00001
rn:R02426	cpd:C00001
rn:R02427	cpd:C00001
rn:R02428	cpd:C00001
rn:R02429	cpd:C00001
rn:R02434	cpd:C00001
rn:R02436	cpd:C00001
rn:R02442	cpd:C00001
rn:R02443	cpd:C00001
rn:R02445	cpd:C00001
rn:R02449	cpd:C00001
rn:R02451	cpd:C00001
rn:R02457	cpd:C00001
rn:R02458	cpd:C00001
rn:R02468	cpd:C00001
rn:R02469	cpd:C00001
rn:R02470	cpd:C00001
rn:R02474	cpd:C00001
rn:R02485	cpd:C00001
rn:R02490	cpd:C00001
rn:R02491	cpd:C00001
rn:R02492	cpd:C00001
rn:R02494	cpd:C00001
rn:R02501	cpd:C00001
rn:R02503	cpd:C00001
rn:R02504	cpd:C00001
rn:R02509	cpd:C00001
rn:R02511	cpd:C00001
rn:R02513	cpd:C00001
rn:R02514	cpd:C00001
rn:R02515	cpd:C00001
rn:R02516	cpd:C00001
rn:R02517	cpd:C00001
rn:R02518	cpd:C00001
rn:R02520	cpd:C00001
rn:R02522	cpd:C00001
rn:R02526	cpd:C00001
rn:R02529	cpd:C00001
rn:R02532	cpd:C00001
rn:R02535	cpd:C00001
rn:R02536	cpd:C00001
rn:R02537	cpd:C00001
rn:R02540	cpd:C00001
rn:R02541	cpd:C00001
rn:R02542	cpd:C00001
rn:R02547	cpd:C00001
rn:R02549	cpd:C00001
rn:R02550	cpd:C00001
rn:R02551	cpd:C00001
rn:R02552	cpd:C00001
rn:R02554	cpd:C00001
rn:R02556	cpd:C00001
rn:R02558	cpd:C00001
rn:R02560	cpd:C00001
rn:R02561	cpd:C00001
rn:R02562	cpd:C00001
rn:R02564	cpd:C00001
rn:R02565	cpd:C00001
rn:R02566	cpd:C00001
rn:R02583	cpd:C00001
rn:R02585	cpd:C00001
rn:R02587	cpd:C00001
rn:R02588	cpd:C00001
rn:R02589	cpd:C00001
rn:R02591	cpd:C00001
rn:R02595	cpd:C00001
rn:R02597	cpd:C00001
rn:R02598	cpd:C00001
rn:R02601	cpd:C00001
rn:R02603	cpd:C00001
rn:R02604	cpd:C00001
rn:R02605	cpd:C00001
rn:R02606	cpd:C00001
rn:R02612	cpd:C00001
rn:R02613	cpd:C00001
rn:R02618	cpd:C00001
rn:R02621	cpd:C00001
rn:R02622	cpd:C00001
rn:R02624	cpd:C00001
rn:R02648	cpd:C00001
rn:R02655	cpd:C00001
rn:R02657	cpd:C00001
rn:R02659	cpd:C00001
rn:R02668	cpd:C00001
rn:R02675	cpd:C00001
rn:R02677	cpd:C00001
rn:R02678	cpd:C00001
rn:R02681	cpd:C00001
rn:R02682	cpd:C00001
rn:R02685	cpd:C00001
rn:R02687	cpd:C00001
rn:R02688	cpd:C00001
rn:R02695	cpd:C00001
rn:R02697	cpd:C00001
rn:R02698	cpd:C00001
rn:R02706	cpd:C00001
rn:R02707	cpd:C00001
rn:R02708	cpd:C00001
rn:R02712	cpd:C00001
rn:R02714	cpd:C00001
rn:R02719	cpd:C00001
rn:R02720	cpd:C00001
rn:R02722	cpd:C00001
rn:R02723	cpd:C00001
rn:R02724	cpd:C00001
rn:R02725	cpd:C00001
rn:R02726	cpd:C00001
rn:R02730	cpd:C00001
rn:R02731	cpd:C00001
rn:R02733	cpd:C00001
rn:R02734	cpd:C00001
rn:R02744	cpd:C00001
rn:R02745	cpd:C00001
rn:R02746	cpd:C00001
rn:R02747	cpd:C00001
rn:R02751	cpd:C00001
rn:R02752	cpd:C00001
rn:R02755	cpd:C00001
rn:R02762	cpd:C00001
rn:R02764	cpd:C00001
rn:R02769	cpd:C00001
rn:R02778	cpd:C00001
rn:R02782	cpd:C00001
rn:R02797	cpd:C00001
rn:R02798	cpd:C00001
rn:R02801	cpd:C00001
rn:R02804	cpd:C00001
rn:R02805	cpd:C00001
rn:R02810	cpd:C00001
rn:R02813	cpd:C00001
rn:R02814	cpd:C00001
rn:R02815	cpd:C00001
rn:R02817	cpd:C00001
rn:R02822	cpd:C00001
rn:R02823	cpd:C00001
rn:R02826	cpd:C00001
rn:R02827	cpd:C00001
rn:R02828	cpd:C00001
rn:R02830	cpd:C00001
rn:R02833	cpd:C00001
rn:R02838	cpd:C00001
rn:R02843	cpd:C00001
rn:R02853	cpd:C00001
rn:R02857	cpd:C00001
rn:R02860	cpd:C00001
rn:R02866	cpd:C00001
rn:R02874	cpd:C00001
rn:R02875	cpd:C00001
rn:R02879	cpd:C00001
rn:R02885	cpd:C00001
rn:R02886	cpd:C00001
rn:R02887	cpd:C00001
rn:R02901	cpd:C00001
rn:R02907	cpd:C00001
rn:R02908	cpd:C00001
rn:R02914	cpd:C00001
rn:R02915	cpd:C00001
rn:R02919	cpd:C00001
rn:R02922	cpd:C00001
rn:R02923	cpd:C00001
rn:R02926	cpd:C00001
rn:R02930	cpd:C00001
rn:R02933	cpd:C00001
rn:R02938	cpd:C00001
rn:R02940	cpd:C00001
rn:R02941	cpd:C00001
rn:R02942	cpd:C00001
rn:R02950	cpd:C00001
rn:R02953	cpd:C00001
rn:R02957	cpd:C00001
rn:R02960	cpd:C00001
rn:R02963	cpd:C00001
rn:R02973	cpd:C00001
rn:R02974	cpd:C00001
rn:R02983	cpd:C00001
rn:R02985	cpd:C00001
rn:R02987	cpd:C00001
rn:R02991	cpd:C00001
rn:R02992	cpd:C00001
rn:R02995	cpd:C00001
rn:R02997	cpd:C00001
rn:R03004	cpd:C00001
rn:R03006	cpd:C00001
rn:R03013	cpd:C00001
rn:R03015	cpd:C00001
rn:R03016	cpd:C00001
rn:R03023	cpd:C00001
rn:R03024	cpd:C00001
rn:R03026	cpd:C00001
rn:R03027	cpd:C00001
rn:R03032	cpd:C00001
rn:R03033	cpd:C00001
rn:R03034	cpd:C00001
rn:R03036	cpd:C00001
rn:R03037	cpd:C00001
rn:R03040	cpd:C00001
rn:R03042	cpd:C00001
rn:R03045	cpd:C00001
rn:R03049	cpd:C00001
rn:R03055	cpd:C00001
rn:R03057	cpd:C00001
rn:R03058	cpd:C00001
rn:R03060	cpd:C00001
rn:R03062	cpd:C00001
rn:R03066	cpd:C00001
rn:R03069	cpd:C00001
rn:R03071	cpd:C00001
rn:R03084	cpd:C00001
rn:R03086	cpd:C00001
rn:R03087	cpd:C00001
rn:R03088	cpd:C00001
rn:R03089	cpd:C00001
rn:R03090	cpd:C00001
rn:R03093	cpd:C00001
rn:R03096	cpd:C00001
rn:R03102	cpd:C00001
rn:R03103	cpd:C00001
rn:R03107	cpd:C00001
rn:R03115	cpd:C00001
rn:R03122	cpd:C00001
rn:R03124	cpd:C00001
rn:R03125	cpd:C00001
rn:R03126	cpd:C00001
rn:R03139	cpd:C00001
rn:R03145	cpd:C00001
rn:R03151	cpd:C00001
rn:R03158	cpd:C00001
rn:R03162	cpd:C00001
rn:R03165	cpd:C00001
rn:R03166	cpd:C00001
rn:R03167	cpd:C00001
rn:R03177	cpd:C00001
rn:R03180	cpd:C00001
rn:R03187	cpd:C00001
rn:R03188	cpd:C00001
rn:R03198	cpd:C00001
rn:R03202	cpd:C00001
rn:R03204	cpd:C00001
rn:R03206	cpd:C00001
rn:R03208	cpd:C00001
rn:R03211	cpd:C00001
rn:R03216	cpd:C00001
rn:R03220	cpd:C00001
rn:R03224	cpd:C00001
rn:R03249	cpd:C00001
rn:R03250	cpd:C00001
rn:R03254	cpd:C00001
rn:R03255	cpd:C00001
rn:R03256	cpd:C00001
rn:R03259	cpd:C00001
rn:R03262	cpd:C00001
rn:R03263	cpd:C00001
rn:R03273	cpd:C00001
rn:R03281	cpd:C00001
rn:R03283	cpd:C00001
rn:R03288	cpd:C00001
rn:R03299	cpd:C00001
rn:R03300	cpd:C00001
rn:R03302	cpd:C00001
rn:R03314	cpd:C00001
rn:R03317	cpd:C00001
rn:R03326	cpd:C00001
rn:R03329	cpd:C00001
rn:R03330	cpd:C00001
rn:R03331	cpd:C00001
rn:R03332	cpd:C00001
rn:R03333	cpd:C00001
rn:R03344	cpd:C00001
rn:R03346	cpd:C00001
rn:R03349	cpd:C00001
rn:R03350	cpd:C00001
rn:R03352	cpd:C00001
rn:R03355	cpd:C00001
rn:R03360	cpd:C00001
rn:R03363	cpd:C00001
rn:R03369	cpd:C00001
rn:R03370	cpd:C00001
rn:R03371	cpd:C00001
rn:R03372	cpd:C00001
rn:R03391	cpd:C00001
rn:R03392	cpd:C00001
rn:R03393	cpd:C00001
rn:R03394	cpd:C00001
rn:R03404	cpd:C00001
rn:R03408	cpd:C00001
rn:R03409	cpd:C00001
rn:R03415	cpd:C00001
rn:R03416	cpd:C00001
rn:R03417	cpd:C00001
rn:R03421	cpd:C00001
rn:R03422	cpd:C00001
rn:R03423	cpd:C00001
rn:R03427	cpd:C00001
rn:R03430	cpd:C00001
rn:R03434	cpd:C00001
rn:R03435	cpd:C00001
rn:R03444	cpd:C00001
rn:R03445	cpd:C00001
rn:R03446	cpd:C00001
rn:R03448	cpd:C00001
rn:R03450	cpd:C00001
rn:R03452	cpd:C00001
rn:R03454	cpd:C00001
rn:R03457	cpd:C00001
rn:R03459	cpd:C00001
rn:R03464	cpd:C00001
rn:R03465	cpd:C00001
rn:R03467	cpd:C00001
rn:R03476	cpd:C00001
rn:R03482	cpd:C00001
rn:R03491	cpd:C00001
rn:R03492	cpd:C00001
rn:R03493	cpd:C00001
rn:R03496	cpd:C00001
rn:R03506	cpd:C00001
rn:R03507	cpd:C00001
rn:R03508	cpd:C00001
rn:R03510	cpd:C00001
rn:R03511	cpd:C00001
rn:R03515	cpd:C00001
rn:R03517	cpd:C00001
rn:R03518	cpd:C00001
rn:R03521	cpd:C00001
rn:R03523	cpd:C00001
rn:R03527	cpd:C00001
rn:R03528	cpd:C00001
rn:R03531	cpd:C00001
rn:R03532	cpd:C00001
rn:R03535	cpd:C00001
rn:R03537	cpd:C00001
rn:R03538	cpd:C00001
rn:R03540	cpd:C00001
rn:R03541	cpd:C00001
rn:R03542	cpd:C00001
rn:R03549	cpd:C00001
rn:R03551	cpd:C00001
rn:R03555	cpd:C00001
rn:R03556	cpd:C00001
rn:R03560	cpd:C00001
rn:R03562	cpd:C00001
rn:R03563	cpd:C00001
rn:R03564	cpd:C00001
rn:R03566	cpd:C00001
rn:R03568	cpd:C00001
rn:R03570	cpd:C00001
rn:R03575	cpd:C00001
rn:R03579	cpd:C00001
rn:R03590	cpd:C00001
rn:R03593	cpd:C00001
rn:R03595	cpd:C00001
rn:R03596	cpd:C00001
rn:R03597	cpd:C00001
rn:R03600	cpd:C00001
rn:R03604	cpd:C00001
rn:R03608	cpd:C00001
rn:R03610	cpd:C00001
rn:R03611	cpd:C00001
rn:R03612	cpd:C00001
rn:R03615	cpd:C00001
rn:R03616	cpd:C00001
rn:R03617	cpd:C00001
rn:R03618	cpd:C00001
rn:R03620	cpd:C00001
rn:R03622	cpd:C00001
rn:R03624	cpd:C00001
rn:R03629	cpd:C00001
rn:R03634	cpd:C00001
rn:R03635	cpd:C00001
rn:R03637	cpd:C00001
rn:R03638	cpd:C00001
rn:R03639	cpd:C00001
rn:R03641	cpd:C00001
rn:R03642	cpd:C00001
rn:R03645	cpd:C00001
rn:R03671	cpd:C00001
rn:R03675	cpd:C00001
rn:R03685	cpd:C00001
rn:R03687	cpd:C00001
rn:R03688	cpd:C00001
rn:R03692	cpd:C00001
rn:R03693	cpd:C00001
rn:R03694	cpd:C00001
rn:R03695	cpd:C00001
rn:R03697	cpd:C00001
rn:R03702	cpd:C00001
rn:R03703	cpd:C00001
rn:R03708	cpd:C00001
rn:R03711	cpd:C00001
rn:R03712	cpd:C00001
rn:R03728	cpd:C00001
rn:R03732	cpd:C00001
rn:R03735	cpd:C00001
rn:R03737	cpd:C00001
rn:R03738	cpd:C00001
rn:R03739	cpd:C00001
rn:R03742	cpd:C00001
rn:R03743	cpd:C00001
rn:R03751	cpd:C00001
rn:R03772	cpd:C00001
rn:R03774	cpd:C00001
rn:R03781	cpd:C00001
rn:R03783	cpd:C00001
rn:R03784	cpd:C00001
rn:R03800	cpd:C00001
rn:R03801	cpd:C00001
rn:R03802	cpd:C00001
rn:R03803	cpd:C00001
rn:R03804	cpd:C00001
rn:R03806	cpd:C00001
rn:R03807	cpd:C00001
rn:R03810	cpd:C00001
rn:R03814	cpd:C00001
rn:R03818	cpd:C00001
rn:R03820	cpd:C00001
rn:R03826	cpd:C00001
rn:R03830	cpd:C00001
rn:R03833	cpd:C00001
rn:R03834	cpd:C00001
rn:R03842	cpd:C00001
rn:R03849	cpd:C00001
rn:R03851	cpd:C00001
rn:R03859	cpd:C00001
rn:R03866	cpd:C00001
rn:R03869	cpd:C00001
rn:R03870	cpd:C00001
rn:R03871	cpd:C00001
rn:R03877	cpd:C00001
rn:R03878	cpd:C00001
rn:R03885	cpd:C00001
rn:R03887	cpd:C00001
rn:R03889	cpd:C00001
rn:R03893	cpd:C00001
rn:R03896	cpd:C00001
rn:R03897	cpd:C00001
rn:R03898	cpd:C00001
rn:R03899	cpd:C00001
rn:R03905	cpd:C00001
rn:R03906	cpd:C00001
rn:R03907	cpd:C00001
rn:R03909	cpd:C00001
rn:R03912	cpd:C00001
rn:R03916	cpd:C00001
rn:R03921	cpd:C00001
rn:R03927	cpd:C00001
rn:R03929	cpd:C00001
rn:R03933	cpd:C00001
rn:R03935	cpd:C00001
rn:R03936	cpd:C00001
rn:R03937	cpd:C00001
rn:R03953	cpd:C00001
rn:R03954	cpd:C00001
rn:R03964	cpd:C00001
rn:R03968	cpd:C00001
rn:R03969	cpd:C00001
rn:R03970	cpd:C00001
rn:R03971	cpd:C00001
rn:R03974	cpd:C00001
rn:R03975	cpd:C00001
rn:R03977	cpd:C00001
rn:R03978	cpd:C00001
rn:R03979	cpd:C00001
rn:R03980	cpd:C00001
rn:R03982	cpd:C00001
rn:R03984	cpd:C00001
rn:R03986	cpd:C00001
rn:R03993	cpd:C00001
rn:R03995	cpd:C00001
rn:R03997	cpd:C00001
rn:R03998	cpd:C00001
rn:R03999	cpd:C00001
rn:R04001	cpd:C00001
rn:R04006	cpd:C00001
rn:R04014	cpd:C00001
rn:R04018	cpd:C00001
rn:R04019	cpd:C00001
rn:R04020	cpd:C00001
rn:R04025	cpd:C00001
rn:R04026	cpd:C00001
rn:R04031	cpd:C00001
rn:R04034	cpd:C00001
rn:R04035	cpd:C00001
rn:R04037	cpd:C00001
rn:R04043	cpd:C00001
rn:R04046	cpd:C00001
rn:R04047	cpd:C00001
rn:R04056	cpd:C00001
rn:R04060	cpd:C00001
rn:R04065	cpd:C00001
rn:R04066	cpd:C00001
rn:R04068	cpd:C00001
rn:R04070	cpd:C00001
rn:R04084	cpd:C00001
rn:R04085	cpd:C00001
rn:R04090	cpd:C00001
rn:R04093	cpd:C00001
rn:R04094	cpd:C00001
rn:R04101	cpd:C00001
rn:R04102	cpd:C00001
rn:R04103	cpd:C00001
rn:R04112	cpd:C00001
rn:R04113	cpd:C00001
rn:R04118	cpd:C00001
rn:R04119	cpd:C00001
rn:R04120	cpd:C00001
rn:R04121	cpd:C00001
rn:R04122	cpd:C00001
rn:R04130	cpd:C00001
rn:R04131	cpd:C00001
rn:R04132	cpd:C00001
rn:R04137	cpd:C00001
rn:R04140	cpd:C00001
rn:R04141	cpd:C00001
rn:R04142	cpd:C00001
rn:R04146	cpd:C00001
rn:R04149	cpd:C00001
rn:R04156	cpd:C00001
rn:R04162	cpd:C00001
rn:R04166	cpd:C00001
rn:R04167	cpd:C00001
rn:R04170	cpd:C00001
rn:R04174	cpd:C00001
rn:R04175	cpd:C00001
rn:R04177	cpd:C00001
rn:R04180	cpd:C00001
rn:R04183	cpd:C00001
rn:R04184	cpd:C00001
rn:R04189	cpd:C00001
rn:R04191	cpd:C00001
rn:R04198	cpd:C00001
rn:R04199	cpd:C00001
rn:R04200	cpd:C00001
rn:R04201	cpd:C00001
rn:R04202	cpd:C00001
rn:R04204	cpd:C00001
rn:R04206	cpd:C00001
rn:R04212	cpd:C00001
rn:R04214	cpd:C00001
rn:R04223	cpd:C00001
rn:R04224	cpd:C00001
rn:R04228	cpd:C00001
rn:R04229	cpd:C00001
rn:R04238	cpd:C00001
rn:R04239	cpd:C00001
rn:R04242	cpd:C00001
rn:R04251	cpd:C00001
rn:R04256	cpd:C00001
rn:R04268	cpd:C00001
rn:R04270	cpd:C00001
rn:R04272	cpd:C00001
rn:R04276	cpd:C00001
rn:R04277	cpd:C00001
rn:R04282	cpd:C00001
rn:R04283	cpd:C00001
rn:R04292	cpd:C00001
rn:R04293	cpd:C00001
rn:R04294	cpd:C00001
rn:R04300	cpd:C00001
rn:R04303	cpd:C00001
rn:R04305	cpd:C00001
rn:R04306	cpd:C00001
rn:R04313	cpd:C00001
rn:R04315	cpd:C00001
rn:R04317	cpd:C00001
rn:R04318	cpd:C00001
rn:R04320	cpd:C00001
rn:R04326	cpd:C00001
rn:R04328	cpd:C00001
rn:R04336	cpd:C00001
rn:R04341	cpd:C00001
rn:R04342	cpd:C00001
rn:R04349	cpd:C00001
rn:R04350	cpd:C00001
rn:R04362	cpd:C00001
rn:R04364	cpd:C00001
rn:R04365	cpd:C00001
rn:R04366	cpd:C00001
rn:R04368	cpd:C00001
rn:R04371	cpd:C00001
rn:R04372	cpd:C00001
rn:R04373	cpd:C00001
rn:R04374	cpd:C00001
rn:R04384	cpd:C00001
rn:R04392	cpd:C00001
rn:R04397	cpd:C00001
rn:R04399	cpd:C00001
rn:R04400	cpd:C00001
rn:R04404	cpd:C00001
rn:R04416	cpd:C00001
rn:R04418	cpd:C00001
rn:R04419	cpd:C00001
rn:R04424	cpd:C00001
rn:R04425	cpd:C00001
rn:R04428	cpd:C00001
rn:R04435	cpd:C00001
rn:R04437	cpd:C00001
rn:R04441	cpd:C00001
rn:R04443	cpd:C00001
rn:R04444	cpd:C00001
rn:R04445	cpd:C00001
rn:R04446	cpd:C00001
rn:R04447	cpd:C00001
rn:R04450	cpd:C00001
rn:R04452	cpd:C00001
rn:R04453	cpd:C00001
rn:R04457	cpd:C00001
rn:R04460	cpd:C00001
rn:R04461	cpd:C00001
rn:R04463	cpd:C00001
rn:R04470	cpd:C00001
rn:R04471	cpd:C00001
rn:R04478	cpd:C00001
rn:R04479	cpd:C00001
rn:R04486	cpd:C00001
rn:R04487	cpd:C00001
rn:R04488	cpd:C00001
rn:R04490	cpd:C00001
rn:R04501	cpd:C00001
rn:R04503	cpd:C00001
rn:R04506	cpd:C00001
rn:R04512	cpd:C00001
rn:R04513	cpd:C00001
rn:R04515	cpd:C00001
rn:R04523	cpd:C00001
rn:R04524	cpd:C00001
rn:R04525	cpd:C00001
rn:R04527	cpd:C00001
rn:R04535	cpd:C00001
rn:R04537	cpd:C00001
rn:R04542	cpd:C00001
rn:R04544	cpd:C00001
rn:R04549	cpd:C00001
rn:R04568	cpd:C00001
rn:R04571	cpd:C00001
rn:R04586	cpd:C00001
rn:R04587	cpd:C00001
rn:R04593	cpd:C00001
rn:R04594	cpd:C00001
rn:R04608	cpd:C00001
rn:R04609	cpd:C00001
rn:R04611	cpd:C00001
rn:R04620	cpd:C00001
rn:R04621	cpd:C00001
rn:R04633	cpd:C00001
rn:R04634	cpd:C00001
rn:R04638	cpd:C00001
rn:R04639	cpd:C00001
rn:R04641	cpd:C00001
rn:R04650	cpd:C00001
rn:R04666	cpd:C00001
rn:R04674	cpd:C00001
rn:R04675	cpd:C00001
rn:R04676	cpd:C00001
rn:R04687	cpd:C00001
rn:R04688	cpd:C00001
rn:R04690	cpd:C00001
rn:R04693	cpd:C00001
rn:R04694	cpd:C00001
rn:R04696	cpd:C00001
rn:R04699	cpd:C00001
rn:R04700	cpd:C00001
rn:R04701	cpd:C00001
rn:R04702	cpd:C00001
rn:R04708	cpd:C00001
rn:R04727	cpd:C00001
rn:R04728	cpd:C00001
rn:R04731	cpd:C00001
rn:R04734	cpd:C00001
rn:R04738	cpd:C00001
rn:R04740	cpd:C00001
rn:R04744	cpd:C00001
rn:R04746	cpd:C00001
rn:R04749	cpd:C00001
rn:R04759	cpd:C00001
rn:R04761	cpd:C00001
rn:R04770	cpd:C00001
rn:R04771	cpd:C00001
rn:R04780	cpd:C00001
rn:R04781	cpd:C00001
rn:R04783	cpd:C00001
rn:R04784	cpd:C00001
rn:R04785	cpd:C00001
rn:R04789	cpd:C00001
rn:R04790	cpd:C00001
rn:R04791	cpd:C00001
rn:R04792	cpd:C00001
rn:R04794	cpd:C00001
rn:R04798	cpd:C00001
rn:R04799	cpd:C00001
rn:R04800	cpd:C00001
rn:R04803	cpd:C00001
rn:R04806	cpd:C00001
rn:R04807	cpd:C00001
rn:R04809	cpd:C00001
rn:R04813	cpd:C00001
rn:R04826	cpd:C00001
rn:R04850	cpd:C00001
rn:R04852	cpd:C00001
rn:R04853	cpd:C00001
rn:R04854	cpd:C00001
rn:R04855	cpd:C00001
rn:R04856	cpd:C00001
rn:R04857	cpd:C00001
rn:R04861	cpd:C00001
rn:R04868	cpd:C00001
rn:R04869	cpd:C00001
rn:R04870	cpd:C00001
rn:R04872	cpd:C00001
rn:R04875	cpd:C00001
rn:R04879	cpd:C00001
rn:R04882	cpd:C00001
rn:R04883	cpd:C00001
rn:R04884	cpd:C00001
rn:R04886	cpd:C00001
rn:R04888	cpd:C00001
rn:R04889	cpd:C00001
rn:R04890	cpd:C00001
rn:R04891	cpd:C00001
rn:R04892	cpd:C00001
rn:R04893	cpd:C00001
rn:R04894	cpd:C00001
rn:R04895	cpd:C00001
rn:R04902	cpd:C00001
rn:R04903	cpd:C00001
rn:R04904	cpd:C00001
rn:R04908	cpd:C00001
rn:R04908	cpd:C00001
rn:R04911	cpd:C00001
rn:R04914	cpd:C00001
rn:R04916	cpd:C00001
rn:R04917	cpd:C00001
rn:R04930	cpd:C00001
rn:R04937	cpd:C00001
rn:R04938	cpd:C00001
rn:R04941	cpd:C00001
rn:R04942	cpd:C00001
rn:R04949	cpd:C00001
rn:R04951	cpd:C00001
rn:R04954	cpd:C00001
rn:R04965	cpd:C00001
rn:R04975	cpd:C00001
rn:R04979	cpd:C00001
rn:R04980	cpd:C00001
rn:R04987	cpd:C00001
rn:R04996	cpd:C00001
rn:R04998	cpd:C00001
rn:R04999	cpd:C00001
rn:R05036	cpd:C00001
rn:R05037	cpd:C00001
rn:R05046	cpd:C00001
rn:R05049	cpd:C00001
rn:R05050	cpd:C00001
rn:R05051	cpd:C00001
rn:R05055	cpd:C00001
rn:R05063	cpd:C00001
rn:R05064	cpd:C00001
rn:R05070	cpd:C00001
rn:R05076	cpd:C00001
rn:R05077	cpd:C00001
rn:R05078	cpd:C00001
rn:R05079	cpd:C00001
rn:R05086	cpd:C00001
rn:R05099	cpd:C00001
rn:R05100	cpd:C00001
rn:R05112	cpd:C00001
rn:R05115	cpd:C00001
rn:R05117	cpd:C00001
rn:R05118	cpd:C00001
rn:R05119	cpd:C00001
rn:R05120	cpd:C00001
rn:R05122	cpd:C00001
rn:R05129	cpd:C00001
rn:R05133	cpd:C00001
rn:R05134	cpd:C00001
rn:R05135	cpd:C00001
rn:R05136	cpd:C00001
rn:R05138	cpd:C00001
rn:R05141	cpd:C00001
rn:R05142	cpd:C00001
rn:R05144	cpd:C00001
rn:R05151	cpd:C00001
rn:R05152	cpd:C00001
rn:R05154	cpd:C00001
rn:R05158	cpd:C00001
rn:R05166	cpd:C00001
rn:R05167	cpd:C00001
rn:R05168	cpd:C00001
rn:R05169	cpd:C00001
rn:R05170	cpd:C00001
rn:R05172	cpd:C00001
rn:R05174	cpd:C00001
rn:R05183	cpd:C00001
rn:R05185	cpd:C00001
rn:R05186	cpd:C00001
rn:R05188	cpd:C00001
rn:R05189	cpd:C00001
rn:R05190	cpd:C00001
rn:R05207	cpd:C00001
rn:R05209	cpd:C00001
rn:R05210	cpd:C00001
rn:R05215	cpd:C00001
rn:R05217	cpd:C00001
rn:R05219	cpd:C00001
rn:R05224	cpd:C00001
rn:R05225	cpd:C00001
rn:R05226	cpd:C00001
rn:R05227	cpd:C00001
rn:R05228	cpd:C00001
rn:R05235	cpd:C00001
rn:R05236	cpd:C00001
rn:R05237	cpd:C00001
rn:R05238	cpd:C00001
rn:R05249	cpd:C00001
rn:R05250	cpd:C00001
rn:R05251	cpd:C00001
rn:R05252	cpd:C00001
rn:R05258	cpd:C00001
rn:R05259	cpd:C00001
rn:R05265	cpd:C00001
rn:R05266	cpd:C00001
rn:R05270	cpd:C00001
rn:R05272	cpd:C00001
rn:R05273	cpd:C00001
rn:R05274	cpd:C00001
rn:R05281	cpd:C00001
rn:R05284	cpd:C00001
rn:R05286	cpd:C00001
rn:R05287	cpd:C00001
rn:R05288	cpd:C00001
rn:R05289	cpd:C00001
rn:R05296	cpd:C00001
rn:R05297	cpd:C00001
rn:R05301	cpd:C00001
rn:R05316	cpd:C00001
rn:R05321	cpd:C00001
rn:R05322	cpd:C00001
rn:R05334	cpd:C00001
rn:R05335	cpd:C00001
rn:R05337	cpd:C00001
rn:R05345	cpd:C00001
rn:R05346	cpd:C00001
rn:R05353	cpd:C00001
rn:R05356	cpd:C00001
rn:R05357	cpd:C00001
rn:R05358	cpd:C00001
rn:R05359	cpd:C00001
rn:R05360	cpd:C00001
rn:R05361	cpd:C00001
rn:R05362	cpd:C00001
rn:R05363	cpd:C00001
rn:R05364	cpd:C00001
rn:R05365	cpd:C00001
rn:R05366	cpd:C00001
rn:R05367	cpd:C00001
rn:R05368	cpd:C00001
rn:R05369	cpd:C00001
rn:R05370	cpd:C00001
rn:R05371	cpd:C00001
rn:R05372	cpd:C00001
rn:R05379	cpd:C00001
rn:R05380	cpd:C00001
rn:R05401	cpd:C00001
rn:R05408	cpd:C00001
rn:R05418	cpd:C00001
rn:R05420	cpd:C00001
rn:R05421	cpd:C00001
rn:R05422	cpd:C00001
rn:R05425	cpd:C00001
rn:R05426	cpd:C00001
rn:R05441	cpd:C00001
rn:R05442	cpd:C00001
rn:R05443	cpd:C00001
rn:R05444	cpd:C00001
rn:R05445	cpd:C00001
rn:R05446	cpd:C00001
rn:R05447	cpd:C00001
rn:R05448	cpd:C00001
rn:R05449	cpd:C00001
rn:R05450	cpd:C00001
rn:R05453	cpd:C00001
rn:R05454	cpd:C00001
rn:R05462	cpd:C00001
rn:R05463	cpd:C00001
rn:R05468	cpd:C00001
rn:R05469	cpd:C00001
rn:R05477	cpd:C00001
rn:R05478	cpd:C00001
rn:R05481	cpd:C00001
rn:R05482	cpd:C00001
rn:R05485	cpd:C00001
rn:R05486	cpd:C00001
rn:R05487	cpd:C00001
rn:R05488	cpd:C00001
rn:R05495	cpd:C00001
rn:R05496	cpd:C00001
rn:R05510	cpd:C00001
rn:R05511	cpd:C00001
rn:R05518	cpd:C00001
rn:R05519	cpd:C00001
rn:R05521	cpd:C00001
rn:R05522	cpd:C00001
rn:R05538	cpd:C00001
rn:R05543	cpd:C00001
rn:R05544	cpd:C00001
rn:R05545	cpd:C00001
rn:R05546	cpd:C00001
rn:R05548	cpd:C00001
rn:R05549	cpd:C00001
rn:R05551	cpd:C00001
rn:R05552	cpd:C00001
rn:R05554	cpd:C00001
rn:R05558	cpd:C00001
rn:R05559	cpd:C00001
rn:R05560	cpd:C00001
rn:R05563	cpd:C00001
rn:R05569	cpd:C00001
rn:R05572	cpd:C00001
rn:R05573	cpd:C00001
rn:R05574	cpd:C00001
rn:R05590	cpd:C00001
rn:R05591	cpd:C00001
rn:R05592	cpd:C00001
rn:R05593	cpd:C00001
rn:R05594	cpd:C00001
rn:R05595	cpd:C00001
rn:R05596	cpd:C00001
rn:R05597	cpd:C00001
rn:R05599	cpd:C00001
rn:R05600	cpd:C00001
rn:R05601	cpd:C00001
rn:R05602	cpd:C00001
rn:R05603	cpd:C00001
rn:R05606	cpd:C00001
rn:R05608	cpd:C00001
rn:R05618	cpd:C00001
rn:R05623	cpd:C00001
rn:R05624	cpd:C00001
rn:R05625	cpd:C00001
rn:R05627	cpd:C00001
rn:R05632	cpd:C00001
rn:R05635	cpd:C00001
rn:R05640	cpd:C00001
rn:R05643	cpd:C00001
rn:R05647	cpd:C00001
rn:R05648	cpd:C00001
rn:R05649	cpd:C00001
rn:R05653	cpd:C00001
rn:R05654	cpd:C00001
rn:R05655	cpd:C00001
rn:R05658	cpd:C00001
rn:R05659	cpd:C00001
rn:R05663	cpd:C00001
rn:R05664	cpd:C00001
rn:R05666	cpd:C00001
rn:R05677	cpd:C00001
rn:R05695	cpd:C00001
rn:R05697	cpd:C00001
rn:R05699	cpd:C00001
rn:R05700	cpd:C00001
rn:R05701	cpd:C00001
rn:R05708	cpd:C00001
rn:R05712	cpd:C00001
rn:R05723	cpd:C00001
rn:R05727	cpd:C00001
rn:R05728	cpd:C00001
rn:R05729	cpd:C00001
rn:R05730	cpd:C00001
rn:R05731	cpd:C00001
rn:R05732	cpd:C00001
rn:R05733	cpd:C00001
rn:R05734	cpd:C00001
rn:R05735	cpd:C00001
rn:R05739	cpd:C00001
rn:R05740	cpd:C00001
rn:R05741	cpd:C00001
rn:R05742	cpd:C00001
rn:R05745	cpd:C00001
rn:R05746	cpd:C00001
rn:R05748	cpd:C00001
rn:R05749	cpd:C00001
rn:R05750	cpd:C00001
rn:R05751	cpd:C00001
rn:R05771	cpd:C00001
rn:R05772	cpd:C00001
rn:R05775	cpd:C00001
rn:R05777	cpd:C00001
rn:R05779	cpd:C00001
rn:R05780	cpd:C00001
rn:R05781	cpd:C00001
rn:R05782	cpd:C00001
rn:R05783	cpd:C00001
rn:R05784	cpd:C00001
rn:R05788	cpd:C00001
rn:R05789	cpd:C00001
rn:R05790	cpd:C00001
rn:R05791	cpd:C00001
rn:R05792	cpd:C00001
rn:R05793	cpd:C00001
rn:R05796	cpd:C00001
rn:R05797	cpd:C00001
rn:R05811	cpd:C00001
rn:R05815	cpd:C00001
rn:R05816	cpd:C00001
rn:R05821	cpd:C00001
rn:R05825	cpd:C00001
rn:R05828	cpd:C00001
rn:R05829	cpd:C00001
rn:R05832	cpd:C00001
rn:R05833	cpd:C00001
rn:R05835	cpd:C00001
rn:R05838	cpd:C00001
rn:R05842	cpd:C00001
rn:R05845	cpd:C00001
rn:R05849	cpd:C00001
rn:R05855	cpd:C00001
rn:R05856	cpd:C00001
rn:R05861	cpd:C00001
rn:R05862	cpd:C00001
rn:R05863	cpd:C00001
rn:R05864	cpd:C00001
rn:R05865	cpd:C00001
rn:R05866	cpd:C00001
rn:R05877	cpd:C00001
rn:R05880	cpd:C00001
rn:R05884	cpd:C00001
rn:R05917	cpd:C00001
rn:R05961	cpd:C00001
rn:R05963	cpd:C00001
rn:R05966	cpd:C00001
rn:R05979	cpd:C00001
rn:R05980	cpd:C00001
rn:R05981	cpd:C00001
rn:R05984	cpd:C00001
rn:R05994	cpd:C00001
rn:R05996	cpd:C00001
rn:R05998	cpd:C00001
rn:R05999	cpd:C00001
rn:R06001	cpd:C00001
rn:R06004	cpd:C00001
rn:R06010	cpd:C00001
rn:R06012	cpd:C00001
rn:R06054	cpd:C00001
rn:R06063	cpd:C00001
rn:R06064	cpd:C00001
rn:R06070	cpd:C00001
rn:R06077	cpd:C00001
rn:R06078	cpd:C00001
rn:R06080	cpd:C00001
rn:R06081	cpd:C00001
rn:R06082	cpd:C00001
rn:R06084	cpd:C00001
rn:R06087	cpd:C00001
rn:R06088	cpd:C00001
rn:R06091	cpd:C00001
rn:R06092	cpd:C00001
rn:R06093	cpd:C00001
rn:R06094	cpd:C00001
rn:R06096	cpd:C00001
rn:R06098	cpd:C00001
rn:R06099	cpd:C00001
rn:R06100	cpd:C00001
rn:R06101	cpd:C00001
rn:R06102	cpd:C00001
rn:R06103	cpd:C00001
rn:R06104	cpd:C00001
rn:R06105	cpd:C00001
rn:R06106	cpd:C00001
rn:R06107	cpd:C00001
rn:R06108	cpd:C00001
rn:R06109	cpd:C00001
rn:R06110	cpd:C00001
rn:R06112	cpd:C00001
rn:R06113	cpd:C00001
rn:R06114	cpd:C00001
rn:R06115	cpd:C00001
rn:R06116	cpd:C00001
rn:R06118	cpd:C00001
rn:R06119	cpd:C00001
rn:R06124	cpd:C00001
rn:R06134	cpd:C00001
rn:R06138	cpd:C00001
rn:R06140	cpd:C00001
rn:R06141	cpd:C00001
rn:R06142	cpd:C00001
rn:R06143	cpd:C00001
rn:R06144	cpd:C00001
rn:R06147	cpd:C00001
rn:R06149	cpd:C00001
rn:R06150	cpd:C00001
rn:R06151	cpd:C00001
rn:R06152	cpd:C00001
rn:R06154	cpd:C00001
rn:R06157	cpd:C00001
rn:R06158	cpd:C00001
rn:R06160	cpd:C00001
rn:R06161	cpd:C00001
rn:R06175	cpd:C00001
rn:R06199	cpd:C00001
rn:R06200	cpd:C00001
rn:R06201	cpd:C00001
rn:R06202	cpd:C00001
rn:R06203	cpd:C00001
rn:R06204	cpd:C00001
rn:R06206	cpd:C00001
rn:R06207	cpd:C00001
rn:R06208	cpd:C00001
rn:R06209	cpd:C00001
rn:R06211	cpd:C00001
rn:R06225	cpd:C00001
rn:R06228	cpd:C00001
rn:R06239	cpd:C00001
rn:R06241	cpd:C00001
rn:R06250	cpd:C00001
rn:R06253	cpd:C00001
rn:R06254	cpd:C00001
rn:R06255	cpd:C00001
rn:R06265	cpd:C00001
rn:R06266	cpd:C00001
rn:R06267	cpd:C00001
rn:R06268	cpd:C00001
rn:R06280	cpd:C00001
rn:R06282	cpd:C00001
rn:R06283	cpd:C00001
rn:R06291	cpd:C00001
rn:R06292	cpd:C00001
rn:R06293	cpd:C00001
rn:R06294	cpd:C00001
rn:R06295	cpd:C00001
rn:R06296	cpd:C00001
rn:R06297	cpd:C00001
rn:R06306	cpd:C00001
rn:R06308	cpd:C00001
rn:R06309	cpd:C00001
rn:R06313	cpd:C00001
rn:R06323	cpd:C00001
rn:R06351	cpd:C00001
rn:R06354	cpd:C00001
rn:R06357	cpd:C00001
rn:R06361	cpd:C00001
rn:R06363	cpd:C00001
rn:R06366	cpd:C00001
rn:R06367	cpd:C00001
rn:R06368	cpd:C00001
rn:R06369	cpd:C00001
rn:R06371	cpd:C00001
rn:R06386	cpd:C00001
rn:R06387	cpd:C00001
rn:R06388	cpd:C00001
rn:R06389	cpd:C00001
rn:R06390	cpd:C00001
rn:R06391	cpd:C00001
rn:R06392	cpd:C00001
rn:R06393	cpd:C00001
rn:R06396	cpd:C00001
rn:R06398	cpd:C00001
rn:R06400	cpd:C00001
rn:R06401	cpd:C00001
rn:R06402	cpd:C00001
rn:R06403	cpd:C00001
rn:R06404	cpd:C00001
rn:R06406	cpd:C00001
rn:R06407	cpd:C00001
rn:R06408	cpd:C00001
rn:R06411	cpd:C00001
rn:R06412	cpd:C00001
rn:R06415	cpd:C00001
rn:R06421	cpd:C00001
rn:R06428	cpd:C00001
rn:R06448	cpd:C00001
rn:R06449	cpd:C00001
rn:R06453	cpd:C00001
rn:R06454	cpd:C00001
rn:R06458	cpd:C00001
rn:R06459	cpd:C00001
rn:R06462	cpd:C00001
rn:R06463	cpd:C00001
rn:R06464	cpd:C00001
rn:R06465	cpd:C00001
rn:R06467	cpd:C00001
rn:R06468	cpd:C00001
rn:R06470	cpd:C00001
rn:R06480	cpd:C00001
rn:R06481	cpd:C00001
rn:R06482	cpd:C00001
rn:R06483	cpd:C00001
rn:R06513	cpd:C00001
rn:R06515	cpd:C00001
rn:R06518	cpd:C00001
rn:R06519	cpd:C00001
rn:R06520	cpd:C00001
rn:R06521	cpd:C00001
rn:R06522	cpd:C00001
rn:R06525	cpd:C00001
rn:R06526	cpd:C00001
rn:R06528	cpd:C00001
rn:R06532	cpd:C00001
rn:R06533	cpd:C00001
rn:R06537	cpd:C00001
rn:R06538	cpd:C00001
rn:R06539	cpd:C00001
rn:R06540	cpd:C00001
rn:R06551	cpd:C00001
rn:R06560	cpd:C00001
rn:R06561	cpd:C00001
rn:R06568	cpd:C00001
rn:R06572	cpd:C00001
rn:R06573	cpd:C00001
rn:R06582	cpd:C00001
rn:R06591	cpd:C00001
rn:R06593	cpd:C00001
rn:R06595	cpd:C00001
rn:R06601	cpd:C00001
rn:R06606	cpd:C00001
rn:R06607	cpd:C00001
rn:R06615	cpd:C00001
rn:R06622	cpd:C00001
rn:R06623	cpd:C00001
rn:R06625	cpd:C00001
rn:R06650	cpd:C00001
rn:R06665	cpd:C00001
rn:R06679	cpd:C00001
rn:R06683	cpd:C00001
rn:R06685	cpd:C00001
rn:R06688	cpd:C00001
rn:R06689	cpd:C00001
rn:R06690	cpd:C00001
rn:R06691	cpd:C00001
rn:R06692	cpd:C00001
rn:R06696	cpd:C00001
rn:R06699	cpd:C00001
rn:R06700	cpd:C00001
rn:R06704	cpd:C00001
rn:R06704	cpd:C00001
rn:R06722	cpd:C00001
rn:R06728	cpd:C00001
rn:R06729	cpd:C00001
rn:R06740	cpd:C00001
rn:R06752	cpd:C00001
rn:R06759	cpd:C00001
rn:R06786	cpd:C00001
rn:R06787	cpd:C00001
rn:R06789	cpd:C00001
rn:R06792	cpd:C00001
rn:R06793	cpd:C00001
rn:R06835	cpd:C00001
rn:R06838	cpd:C00001
rn:R06851	cpd:C00001
rn:R06852	cpd:C00001
rn:R06854	cpd:C00001
rn:R06865	cpd:C00001
rn:R06870	cpd:C00001
rn:R06871	cpd:C00001
rn:R06875	cpd:C00001
rn:R06883	cpd:C00001
rn:R06884	cpd:C00001
rn:R06885	cpd:C00001
rn:R06888	cpd:C00001
rn:R06890	cpd:C00001
rn:R06892	cpd:C00001
rn:R06893	cpd:C00001
rn:R06894	cpd:C00001
rn:R06897	cpd:C00001
rn:R06902	cpd:C00001
rn:R06906	cpd:C00001
rn:R06913	cpd:C00001
rn:R06914	cpd:C00001
rn:R06915	cpd:C00001
rn:R06916	cpd:C00001
rn:R06918	cpd:C00001
rn:R06923	cpd:C00001
rn:R06924	cpd:C00001
rn:R06926	cpd:C00001
rn:R06928	cpd:C00001
rn:R06934	cpd:C00001
rn:R06935	cpd:C00001
rn:R06936	cpd:C00001
rn:R06939	cpd:C00001
rn:R06940	cpd:C00001
rn:R06942	cpd:C00001
rn:R06945	cpd:C00001
rn:R06946	cpd:C00001
rn:R06947	cpd:C00001
rn:R06957	cpd:C00001
rn:R06966	cpd:C00001
rn:R06967	cpd:C00001
rn:R06968	cpd:C00001
rn:R06969	cpd:C00001
rn:R06970	cpd:C00001
rn:R06971	cpd:C00001
rn:R06972	cpd:C00001
rn:R06979	cpd:C00001
rn:R06980	cpd:C00001
rn:R07000	cpd:C00001
rn:R07001	cpd:C00001
rn:R07013	cpd:C00001
rn:R07014	cpd:C00001
rn:R07016	cpd:C00001
rn:R07020	cpd:C00001
rn:R07021	cpd:C00001
rn:R07022	cpd:C00001
rn:R07027	cpd:C00001
rn:R07031	cpd:C00001
rn:R07032	cpd:C00001
rn:R07034	cpd:C00001
rn:R07035	cpd:C00001
rn:R07036	cpd:C00001
rn:R07037	cpd:C00001
rn:R07041	cpd:C00001
rn:R07044	cpd:C00001
rn:R07045	cpd:C00001
rn:R07046	cpd:C00001
rn:R07048	cpd:C00001
rn:R07050	cpd:C00001
rn:R07051	cpd:C00001
rn:R07052	cpd:C00001
rn:R07054	cpd:C00001
rn:R07055	cpd:C00001
rn:R07056	cpd:C00001
rn:R07063	cpd:C00001
rn:R07064	cpd:C00001
rn:R07066	cpd:C00001
rn:R07067	cpd:C00001
rn:R07068	cpd:C00001
rn:R07071	cpd:C00001
rn:R07072	cpd:C00001
rn:R07075	cpd:C00001
rn:R07079	cpd:C00001
rn:R07080	cpd:C00001
rn:R07081	cpd:C00001
rn:R07082	cpd:C00001
rn:R07084	cpd:C00001
rn:R07085	cpd:C00001
rn:R07087	cpd:C00001
rn:R07088	cpd:C00001
rn:R07089	cpd:C00001
rn:R07090	cpd:C00001
rn:R07095	cpd:C00001
rn:R07096	cpd:C00001
rn:R07097	cpd:C00001
rn:R07098	cpd:C00001
rn:R07099	cpd:C00001
rn:R07101	cpd:C00001
rn:R07105	cpd:C00001
rn:R07107	cpd:C00001
rn:R07108	cpd:C00001
rn:R07109	cpd:C00001
rn:R07110	cpd:C00001
rn:R07111	cpd:C00001
rn:R07112	cpd:C00001
rn:R07117	cpd:C00001
rn:R07121	cpd:C00001
rn:R07122	cpd:C00001
rn:R07124	cpd:C00001
rn:R07150	cpd:C00001
rn:R07156	cpd:C00001
rn:R07157	cpd:C00001
rn:R07158	cpd:C00001
rn:R07159	cpd:C00001
rn:R07164	cpd:C00001
rn:R07165	cpd:C00001
rn:R07166	cpd:C00001
rn:R07167	cpd:C00001
rn:R07170	cpd:C00001
rn:R07178	cpd:C00001
rn:R07179	cpd:C00001
rn:R07190	cpd:C00001
rn:R07191	cpd:C00001
rn:R07192	cpd:C00001
rn:R07193	cpd:C00001
rn:R07194	cpd:C00001
rn:R07195	cpd:C00001
rn:R07196	cpd:C00001
rn:R07197	cpd:C00001
rn:R07198	cpd:C00001
rn:R07201	cpd:C00001
rn:R07202	cpd:C00001
rn:R07203	cpd:C00001
rn:R07204	cpd:C00001
rn:R07205	cpd:C00001
rn:R07206	cpd:C00001
rn:R07207	cpd:C00001
rn:R07208	cpd:C00001
rn:R07209	cpd:C00001
rn:R07210	cpd:C00001
rn:R07214	cpd:C00001
rn:R07215	cpd:C00001
rn:R07216	cpd:C00001
rn:R07217	cpd:C00001
rn:R07218	cpd:C00001
rn:R07220	cpd:C00001
rn:R07221	cpd:C00001
rn:R07222	cpd:C00001
rn:R07224	cpd:C00001
rn:R07225	cpd:C00001
rn:R07226	cpd:C00001
rn:R07227	cpd:C00001
rn:R07228	cpd:C00001
rn:R07229	cpd:C00001
rn:R07250	cpd:C00001
rn:R07251	cpd:C00001
rn:R07253	cpd:C00001
rn:R07262	cpd:C00001
rn:R07263	cpd:C00001
rn:R07280	cpd:C00001
rn:R07291	cpd:C00001
rn:R07292	cpd:C00001
rn:R07293	cpd:C00001
rn:R07294	cpd:C00001
rn:R07296	cpd:C00001
rn:R07297	cpd:C00001
rn:R07298	cpd:C00001
rn:R07299	cpd:C00001
rn:R07300	cpd:C00001
rn:R07301	cpd:C00001
rn:R07303	cpd:C00001
rn:R07306	cpd:C00001
rn:R07307	cpd:C00001
rn:R07308	cpd:C00001
rn:R07309	cpd:C00001
rn:R07310	cpd:C00001
rn:R07311	cpd:C00001
rn:R07314	cpd:C00001
rn:R07317	cpd:C00001
rn:R07318	cpd:C00001
rn:R07323	cpd:C00001
rn:R07342	cpd:C00001
rn:R07343	cpd:C00001
rn:R07353	cpd:C00001
rn:R07356	cpd:C00001
rn:R07357	cpd:C00001
rn:R07360	cpd:C00001
rn:R07365	cpd:C00001
rn:R07366	cpd:C00001
rn:R07367	cpd:C00001
rn:R07368	cpd:C00001
rn:R07369	cpd:C00001
rn:R07370	cpd:C00001
rn:R07371	cpd:C00001
rn:R07372	cpd:C00001
rn:R07373	cpd:C00001
rn:R07374	cpd:C00001
rn:R07379	cpd:C00001
rn:R07380	cpd:C00001
rn:R07381	cpd:C00001
rn:R07383	cpd:C00001
rn:R07385	cpd:C00001
rn:R07387	cpd:C00001
rn:R07388	cpd:C00001
rn:R07392	cpd:C00001
rn:R07394	cpd:C00001
rn:R07395	cpd:C00001
rn:R07398	cpd:C00001
rn:R07399	cpd:C00001
rn:R07400	cpd:C00001
rn:R07401	cpd:C00001
rn:R07402	cpd:C00001
rn:R07403	cpd:C00001
rn:R07409	cpd:C00001
rn:R07411	cpd:C00001
rn:R07412	cpd:C00001
rn:R07413	cpd:C00001
rn:R07415	cpd:C00001
rn:R07417	cpd:C00001
rn:R07418	cpd:C00001
rn:R07419	cpd:C00001
rn:R07421	cpd:C00001
rn:R07422	cpd:C00001
rn:R07423	cpd:C00001
rn:R07430	cpd:C00001
rn:R07431	cpd:C00001
rn:R07440	cpd:C00001
rn:R07441	cpd:C00001
rn:R07442	cpd:C00001
rn:R07445	cpd:C00001
rn:R07446	cpd:C00001
rn:R07448	cpd:C00001
rn:R07450	cpd:C00001
rn:R07451	cpd:C00001
rn:R07452	cpd:C00001
rn:R07453	cpd:C00001
rn:R07454	cpd:C00001
rn:R07455	cpd:C00001
rn:R07456	cpd:C00001
rn:R07457	cpd:C00001
rn:R07458	cpd:C00001
rn:R07467	cpd:C00001
rn:R07470	cpd:C00001
rn:R07471	cpd:C00001
rn:R07474	cpd:C00001
rn:R07486	cpd:C00001
rn:R07489	cpd:C00001
rn:R07491	cpd:C00001
rn:R07506	cpd:C00001
rn:R07509	cpd:C00001
rn:R07513	cpd:C00001
rn:R07514	cpd:C00001
rn:R07515	cpd:C00001
rn:R07516	cpd:C00001
rn:R07518	cpd:C00001
rn:R07519	cpd:C00001
rn:R07522	cpd:C00001
rn:R07525	cpd:C00001
rn:R07526	cpd:C00001
rn:R07528	cpd:C00001
rn:R07530	cpd:C00001
rn:R07531	cpd:C00001
rn:R07532	cpd:C00001
rn:R07536	cpd:C00001
rn:R07537	cpd:C00001
rn:R07538	cpd:C00001
rn:R07539	cpd:C00001
rn:R07543	cpd:C00001
rn:R07557	cpd:C00001
rn:R07558	cpd:C00001
rn:R07559	cpd:C00001
rn:R07561	cpd:C00001
rn:R07562	cpd:C00001
rn:R07563	cpd:C00001
rn:R07564	cpd:C00001
rn:R07565	cpd:C00001
rn:R07566	cpd:C00001
rn:R07567	cpd:C00001
rn:R07568	cpd:C00001
rn:R07569	cpd:C00001
rn:R07570	cpd:C00001
rn:R07571	cpd:C00001
rn:R07572	cpd:C00001
rn:R07573	cpd:C00001
rn:R07582	cpd:C00001
rn:R07583	cpd:C00001
rn:R07597	cpd:C00001
rn:R07598	cpd:C00001
rn:R07606	cpd:C00001
rn:R07607	cpd:C00001
rn:R07608	cpd:C00001
rn:R07612	cpd:C00001
rn:R07613	cpd:C00001
rn:R07626	cpd:C00001
rn:R07627	cpd:C00001
rn:R07629	cpd:C00001
rn:R07631	cpd:C00001
rn:R07632	cpd:C00001
rn:R07634	cpd:C00001
rn:R07638	cpd:C00001
rn:R07647	cpd:C00001
rn:R07651	cpd:C00001
rn:R07662	cpd:C00001
rn:R07665	cpd:C00001
rn:R07666	cpd:C00001
rn:R07667	cpd:C00001
rn:R07669	cpd:C00001
rn:R07670	cpd:C00001
rn:R07674	cpd:C00001
rn:R07677	cpd:C00001
rn:R07680	cpd:C00001
rn:R07685	cpd:C00001
rn:R07692	cpd:C00001
rn:R07708	cpd:C00001
rn:R07709	cpd:C00001
rn:R07710	cpd:C00001
rn:R07711	cpd:C00001
rn:R07712	cpd:C00001
rn:R07713	cpd:C00001
rn:R07714	cpd:C00001
rn:R07715	cpd:C00001
rn:R07723	cpd:C00001
rn:R07727	cpd:C00001
rn:R07728	cpd:C00001
rn:R07734	cpd:C00001
rn:R07738	cpd:C00001
rn:R07745	cpd:C00001
rn:R07746	cpd:C00001
rn:R07748	cpd:C00001
rn:R07752	cpd:C00001
rn:R07760	cpd:C00001
rn:R07764	cpd:C00001
rn:R07772	cpd:C00001
rn:R07776	cpd:C00001
rn:R07777	cpd:C00001
rn:R07778	cpd:C00001
rn:R07779	cpd:C00001
rn:R07780	cpd:C00001
rn:R07782	cpd:C00001
rn:R07786	cpd:C00001
rn:R07787	cpd:C00001
rn:R07791	cpd:C00001
rn:R07792	cpd:C00001
rn:R07795	cpd:C00001
rn:R07800	cpd:C00001
rn:R07802	cpd:C00001
rn:R07805	cpd:C00001
rn:R07806	cpd:C00001
rn:R07807	cpd:C00001
rn:R07808	cpd:C00001
rn:R07809	cpd:C00001
rn:R07810	cpd:C00001
rn:R07811	cpd:C00001
rn:R07812	cpd:C00001
rn:R07813	cpd:C00001
rn:R07814	cpd:C00001
rn:R07816	cpd:C00001
rn:R07817	cpd:C00001
rn:R07818	cpd:C00001
rn:R07819	cpd:C00001
rn:R07820	cpd:C00001
rn:R07821	cpd:C00001
rn:R07822	cpd:C00001
rn:R07823	cpd:C00001
rn:R07824	cpd:C00001
rn:R07825	cpd:C00001
rn:R07831	cpd:C00001
rn:R07835	cpd:C00001
rn:R07836	cpd:C00001
rn:R07837	cpd:C00001
rn:R07850	cpd:C00001
rn:R07851	cpd:C00001
rn:R07854	cpd:C00001
rn:R07855	cpd:C00001
rn:R07859	cpd:C00001
rn:R07860	cpd:C00001
rn:R07861	cpd:C00001
rn:R07863	cpd:C00001
rn:R07865	cpd:C00001
rn:R07867	cpd:C00001
rn:R07871	cpd:C00001
rn:R07881	cpd:C00001
rn:R07889	cpd:C00001
rn:R07893	cpd:C00001
rn:R07897	cpd:C00001
rn:R07902	cpd:C00001
rn:R07918	cpd:C00001
rn:R07933	cpd:C00001
rn:R07935	cpd:C00001
rn:R07939	cpd:C00001
rn:R07942	cpd:C00001
rn:R07946	cpd:C00001
rn:R07947	cpd:C00001
rn:R07951	cpd:C00001
rn:R07954	cpd:C00001
rn:R07955	cpd:C00001
rn:R07956	cpd:C00001
rn:R07957	cpd:C00001
rn:R07958	cpd:C00001
rn:R07959	cpd:C00001
rn:R07960	cpd:C00001
rn:R07961	cpd:C00001
rn:R07962	cpd:C00001
rn:R07963	cpd:C00001
rn:R07964	cpd:C00001
rn:R07965	cpd:C00001
rn:R07966	cpd:C00001
rn:R07967	cpd:C00001
rn:R07968	cpd:C00001
rn:R07969	cpd:C00001
rn:R07970	cpd:C00001
rn:R07971	cpd:C00001
rn:R07972	cpd:C00001
rn:R07973	cpd:C00001
rn:R07974	cpd:C00001
rn:R07975	cpd:C00001
rn:R07976	cpd:C00001
rn:R07977	cpd:C00001
rn:R07978	cpd:C00001
rn:R07979	cpd:C00001
rn:R07980	cpd:C00001
rn:R07981	cpd:C00001
rn:R07982	cpd:C00001
rn:R07983	cpd:C00001
rn:R07984	cpd:C00001
rn:R07986	cpd:C00001
rn:R08002	cpd:C00001
rn:R08005	cpd:C00001
rn:R08008	cpd:C00001
rn:R08009	cpd:C00001
rn:R08010	cpd:C00001
rn:R08014	cpd:C00001
rn:R08015	cpd:C00001
rn:R08016	cpd:C00001
rn:R08017	cpd:C00001
rn:R08018	cpd:C00001
rn:R08019	cpd:C00001
rn:R08020	cpd:C00001
rn:R08032	cpd:C00001
rn:R08037	cpd:C00001
rn:R08038	cpd:C00001
rn:R08042	cpd:C00001
rn:R08043	cpd:C00001
rn:R08044	cpd:C00001
rn:R08045	cpd:C00001
rn:R08046	cpd:C00001
rn:R08047	cpd:C00001
rn:R08053	cpd:C00001
rn:R08054	cpd:C00001
rn:R08055	cpd:C00001
rn:R08056	cpd:C00001
rn:R08058	cpd:C00001
rn:R08060	cpd:C00001
rn:R08061	cpd:C00001
rn:R08062	cpd:C00001
rn:R08063	cpd:C00001
rn:R08064	cpd:C00001
rn:R08066	cpd:C00001
rn:R08068	cpd:C00001
rn:R08069	cpd:C00001
rn:R08070	cpd:C00001
rn:R08071	cpd:C00001
rn:R08072	cpd:C00001
rn:R08073	cpd:C00001
rn:R08074	cpd:C00001
rn:R08079	cpd:C00001
rn:R08080	cpd:C00001
rn:R08081	cpd:C00001
rn:R08082	cpd:C00001
rn:R08086	cpd:C00001
rn:R08087	cpd:C00001
rn:R08093	cpd:C00001
rn:R08096	cpd:C00001
rn:R08097	cpd:C00001
rn:R08118	cpd:C00001
rn:R08120	cpd:C00001
rn:R08121	cpd:C00001
rn:R08125	cpd:C00001
rn:R08127	cpd:C00001
rn:R08134	cpd:C00001
rn:R08138	cpd:C00001
rn:R08144	cpd:C00001
rn:R08146	cpd:C00001
rn:R08148	cpd:C00001
rn:R08149	cpd:C00001
rn:R08150	cpd:C00001
rn:R08152	cpd:C00001
rn:R08153	cpd:C00001
rn:R08157	cpd:C00001
rn:R08158	cpd:C00001
rn:R08159	cpd:C00001
rn:R08160	cpd:C00001
rn:R08161	cpd:C00001
rn:R08162	cpd:C00001
rn:R08163	cpd:C00001
rn:R08168	cpd:C00001
rn:R08170	cpd:C00001
rn:R08173	cpd:C00001
rn:R08174	cpd:C00001
rn:R08175	cpd:C00001
rn:R08176	cpd:C00001
rn:R08177	cpd:C00001
rn:R08178	cpd:C00001
rn:R08179	cpd:C00001
rn:R08180	cpd:C00001
rn:R08181	cpd:C00001
rn:R08182	cpd:C00001
rn:R08183	cpd:C00001
rn:R08184	cpd:C00001
rn:R08185	cpd:C00001
rn:R08186	cpd:C00001
rn:R08187	cpd:C00001
rn:R08188	cpd:C00001
rn:R08189	cpd:C00001
rn:R08190	cpd:C00001
rn:R08191	cpd:C00001
rn:R08192	cpd:C00001
rn:R08200	cpd:C00001
rn:R08203	cpd:C00001
rn:R08204	cpd:C00001
rn:R08205	cpd:C00001
rn:R08206	cpd:C00001
rn:R08207	cpd:C00001
rn:R08210	cpd:C00001
rn:R08211	cpd:C00001
rn:R08212	cpd:C00001
rn:R08220	cpd:C00001
rn:R08221	cpd:C00001
rn:R08224	cpd:C00001
rn:R08225	cpd:C00001
rn:R08227	cpd:C00001
rn:R08228	cpd:C00001
rn:R08235	cpd:C00001
rn:R08240	cpd:C00001
rn:R08243	cpd:C00001
rn:R08244	cpd:C00001
rn:R08249	cpd:C00001
rn:R08251	cpd:C00001
rn:R08253	cpd:C00001
rn:R08254	cpd:C00001
rn:R08255	cpd:C00001
rn:R08257	cpd:C00001
rn:R08258	cpd:C00001
rn:R08260	cpd:C00001
rn:R08264	cpd:C00001
rn:R08265	cpd:C00001
rn:R08266	cpd:C00001
rn:R08267	cpd:C00001
rn:R08270	cpd:C00001
rn:R08271	cpd:C00001
rn:R08273	cpd:C00001
rn:R08274	cpd:C00001
rn:R08275	cpd:C00001
rn:R08280	cpd:C00001
rn:R08282	cpd:C00001
rn:R08283	cpd:C00001
rn:R08285	cpd:C00001
rn:R08294	cpd:C00001
rn:R08295	cpd:C00001
rn:R08300	cpd:C00001
rn:R08303	cpd:C00001
rn:R08304	cpd:C00001
rn:R08305	cpd:C00001
rn:R08307	cpd:C00001
rn:R08311	cpd:C00001
rn:R08312	cpd:C00001
rn:R08313	cpd:C00001
rn:R08314	cpd:C00001
rn:R08325	cpd:C00001
rn:R08326	cpd:C00001
rn:R08327	cpd:C00001
rn:R08331	cpd:C00001
rn:R08332	cpd:C00001
rn:R08346	cpd:C00001
rn:R08347	cpd:C00001
rn:R08348	cpd:C00001
rn:R08349	cpd:C00001
rn:R08350	cpd:C00001
rn:R08351	cpd:C00001
rn:R08360	cpd:C00001
rn:R08362	cpd:C00001
rn:R08363	cpd:C00001
rn:R08364	cpd:C00001
rn:R08365	cpd:C00001
rn:R08374	cpd:C00001
rn:R08384	cpd:C00001
rn:R08385	cpd:C00001
rn:R08388	cpd:C00001
rn:R08390	cpd:C00001
rn:R08391	cpd:C00001
rn:R08392	cpd:C00001
rn:R08396	cpd:C00001
rn:R08403	cpd:C00001
rn:R08408	cpd:C00001
rn:R08436	cpd:C00001
rn:R08440	cpd:C00001
rn:R08448	cpd:C00001
rn:R08451	cpd:C00001
rn:R08462	cpd:C00001
rn:R08505	cpd:C00001
rn:R08517	cpd:C00001
rn:R08518	cpd:C00001
rn:R08522	cpd:C00001
rn:R08523	cpd:C00001
rn:R08527	cpd:C00001
rn:R08529	cpd:C00001
rn:R08543	cpd:C00001
rn:R08548	cpd:C00001
rn:R08555	cpd:C00001
rn:R08569	cpd:C00001
rn:R08571	cpd:C00001
rn:R08587	cpd:C00001
rn:R08600	cpd:C00001
rn:R08601	cpd:C00001
rn:R08602	cpd:C00001
rn:R08603	cpd:C00001
rn:R08604	cpd:C00001
rn:R08607	cpd:C00001
rn:R08608	cpd:C00001
rn:R08610	cpd:C00001
rn:R08612	cpd:C00001
rn:R08613	cpd:C00001
rn:R08614	cpd:C00001
rn:R08615	cpd:C00001
rn:R08619	cpd:C00001
rn:R08623	cpd:C00001
rn:R08627	cpd:C00001
rn:R08631	cpd:C00001
rn:R08637	cpd:C00001
rn:R08640	cpd:C00001
rn:R08644	cpd:C00001
rn:R08650	cpd:C00001
rn:R08652	cpd:C00001
rn:R08653	cpd:C00001
rn:R08654	cpd:C00001
rn:R08655	cpd:C00001
rn:R08658	cpd:C00001
rn:R08659	cpd:C00001
rn:R08660	cpd:C00001
rn:R08663	cpd:C00001
rn:R08664	cpd:C00001
rn:R08665	cpd:C00001
rn:R08666	cpd:C00001
rn:R08667	cpd:C00001
rn:R08670	cpd:C00001
rn:R08672	cpd:C00001
rn:R08673	cpd:C00001
rn:R08674	cpd:C00001
rn:R08675	cpd:C00001
rn:R08678	cpd:C00001
rn:R08680	cpd:C00001
rn:R08684	cpd:C00001
rn:R08685	cpd:C00001
rn:R08686	cpd:C00001
rn:R08689	cpd:C00001
rn:R08697	cpd:C00001
rn:R08698	cpd:C00001
rn:R08701	cpd:C00001
rn:R08702	cpd:C00001
rn:R08707	cpd:C00001
rn:R08715	cpd:C00001
rn:R08717	cpd:C00001
rn:R08718	cpd:C00001
rn:R08725	cpd:C00001
rn:R08726	cpd:C00001
rn:R08727	cpd:C00001
rn:R08757	cpd:C00001
rn:R08760	cpd:C00001
rn:R08761	cpd:C00001
rn:R08762	cpd:C00001
rn:R08764	cpd:C00001
rn:R08766	cpd:C00001
rn:R08767	cpd:C00001
rn:R08768	cpd:C00001
rn:R08770	cpd:C00001
rn:R08784	cpd:C00001
rn:R08785	cpd:C00001
rn:R08790	cpd:C00001
rn:R08796	cpd:C00001
rn:R08797	cpd:C00001
rn:R08807	cpd:C00001
rn:R08808	cpd:C00001
rn:R08809	cpd:C00001
rn:R08810	cpd:C00001
rn:R08815	cpd:C00001
rn:R08818	cpd:C00001
rn:R08820	cpd:C00001
rn:R08821	cpd:C00001
rn:R08825	cpd:C00001
rn:R08826	cpd:C00001
rn:R08827	cpd:C00001
rn:R08828	cpd:C00001
rn:R08831	cpd:C00001
rn:R08832	cpd:C00001
rn:R08834	cpd:C00001
rn:R08835	cpd:C00001
rn:R08837	cpd:C00001
rn:R08838	cpd:C00001
rn:R08840	cpd:C00001
rn:R08841	cpd:C00001
rn:R08850	cpd:C00001
rn:R08851	cpd:C00001
rn:R08852	cpd:C00001
rn:R08853	cpd:C00001
rn:R08854	cpd:C00001
rn:R08855	cpd:C00001
rn:R08863	cpd:C00001
rn:R08870	cpd:C00001
rn:R08872	cpd:C00001
rn:R08874	cpd:C00001
rn:R08876	cpd:C00001
rn:R08895	cpd:C00001
rn:R08899	cpd:C00001
rn:R08901	cpd:C00001
rn:R08908	cpd:C00001
rn:R08912	cpd:C00001
rn:R08913	cpd:C00001
rn:R08922	cpd:C00001
rn:R08923	cpd:C00001
rn:R08925	cpd:C00001
rn:R08930	cpd:C00001
rn:R08941	cpd:C00001
rn:R08942	cpd:C00001
rn:R08943	cpd:C00001
rn:R08949	cpd:C00001
rn:R08961	cpd:C00001
rn:R08965	cpd:C00001
rn:R08970	cpd:C00001
rn:R08974	cpd:C00001
rn:R08975	cpd:C00001
rn:R08979	cpd:C00001
rn:R08981	cpd:C00001
rn:R08982	cpd:C00001
rn:R08991	cpd:C00001
rn:R08992	cpd:C00001
rn:R08993	cpd:C00001
rn:R08997	cpd:C00001
rn:R08998	cpd:C00001
rn:R08999	cpd:C00001
rn:R09002	cpd:C00001
rn:R09038	cpd:C00001
rn:R09039	cpd:C00001
rn:R09042	cpd:C00001
rn:R09048	cpd:C00001
rn:R09053	cpd:C00001
rn:R09054	cpd:C00001
rn:R09059	cpd:C00001
rn:R09060	cpd:C00001
rn:R09061	cpd:C00001
rn:R09068	cpd:C00001
rn:R09071	cpd:C00001
rn:R09074	cpd:C00001
rn:R09075	cpd:C00001
rn:R09076	cpd:C00001
rn:R09077	cpd:C00001
rn:R09079	cpd:C00001
rn:R09080	cpd:C00001
rn:R09083	cpd:C00001
rn:R09093	cpd:C00001
rn:R09098	cpd:C00001
rn:R09099	cpd:C00001
rn:R09105	cpd:C00001
rn:R09107	cpd:C00001
rn:R09122	cpd:C00001
rn:R09126	cpd:C00001
rn:R09136	cpd:C00001
rn:R09140	cpd:C00001
rn:R09141	cpd:C00001
rn:R09148	cpd:C00001
rn:R09151	cpd:C00001
rn:R09152	cpd:C00001
rn:R09156	cpd:C00001
rn:R09157	cpd:C00001
rn:R09167	cpd:C00001
rn:R09168	cpd:C00001
rn:R09169	cpd:C00001
rn:R09171	cpd:C00001
rn:R09174	cpd:C00001
rn:R09178	cpd:C00001
rn:R09186	cpd:C00001
rn:R09187	cpd:C00001
rn:R09190	cpd:C00001
rn:R09195	cpd:C00001
rn:R09198	cpd:C00001
rn:R09211	cpd:C00001
rn:R09220	cpd:C00001
rn:R09222	cpd:C00001
rn:R09226	cpd:C00001
rn:R09230	cpd:C00001
rn:R09231	cpd:C00001
rn:R09232	cpd:C00001
rn:R09234	cpd:C00001
rn:R09235	cpd:C00001
rn:R09238	cpd:C00001
rn:R09240	cpd:C00001
rn:R09241	cpd:C00001
rn:R09242	cpd:C00001
rn:R09243	cpd:C00001
rn:R09265	cpd:C00001
rn:R09266	cpd:C00001
rn:R09267	cpd:C00001
rn:R09268	cpd:C00001
rn:R09269	cpd:C00001
rn:R09273	cpd:C00001
rn:R09275	cpd:C00001
rn:R09277	cpd:C00001
rn:R09282	cpd:C00001
rn:R09285	cpd:C00001
rn:R09287	cpd:C00001
rn:R09288	cpd:C00001
rn:R09305	cpd:C00001
rn:R09308	cpd:C00001
rn:R09311	cpd:C00001
rn:R09313	cpd:C00001
rn:R09314	cpd:C00001
rn:R09317	cpd:C00001
rn:R09323	cpd:C00001
rn:R09327	cpd:C00001
rn:R09337	cpd:C00001
rn:R09338	cpd:C00001
rn:R09342	cpd:C00001
rn:R09344	cpd:C00001
rn:R09364	cpd:C00001
rn:R09366	cpd:C00001
rn:R09367	cpd:C00001
rn:R09372	cpd:C00001
rn:R09374	cpd:C00001
rn:R09377	cpd:C00001
rn:R09385	cpd:C00001
rn:R09387	cpd:C00001
rn:R09389	cpd:C00001
rn:R09390	cpd:C00001
rn:R09393	cpd:C00001
rn:R09403	cpd:C00001
rn:R09404	cpd:C00001
rn:R09405	cpd:C00001
rn:R09406	cpd:C00001
rn:R09407	cpd:C00001
rn:R09408	cpd:C00001
rn:R09410	cpd:C00001
rn:R09416	cpd:C00001
rn:R09417	cpd:C00001
rn:R09418	cpd:C00001
rn:R09421	cpd:C00001
rn:R09423	cpd:C00001
rn:R09424	cpd:C00001
rn:R09425	cpd:C00001
rn:R09435	cpd:C00001
rn:R09435	cpd:C00001
rn:R09436	cpd:C00001
rn:R09436	cpd:C00001
rn:R09441	cpd:C00001
rn:R09442	cpd:C00001
rn:R09443	cpd:C00001
rn:R09445	cpd:C00001
rn:R09446	cpd:C00001
rn:R09447	cpd:C00001
rn:R09450	cpd:C00001
rn:R09451	cpd:C00001
rn:R09452	cpd:C00001
rn:R09453	cpd:C00001
rn:R09454	cpd:C00001
rn:R09460	cpd:C00001
rn:R09461	cpd:C00001
rn:R09464	cpd:C00001
rn:R09465	cpd:C00001
rn:R09471	cpd:C00001
rn:R09472	cpd:C00001
rn:R09473	cpd:C00001
rn:R09487	cpd:C00001
rn:R09492	cpd:C00001
rn:R09493	cpd:C00001
rn:R09495	cpd:C00001
rn:R09497	cpd:C00001
rn:R09498	cpd:C00001
rn:R09500	cpd:C00001
rn:R09501	cpd:C00001
rn:R09503	cpd:C00001
rn:R09504	cpd:C00001
rn:R09505	cpd:C00001
rn:R09507	cpd:C00001
rn:R09513	cpd:C00001
rn:R09514	cpd:C00001
rn:R09515	cpd:C00001
rn:R09516	cpd:C00001
rn:R09517	cpd:C00001
rn:R09518	cpd:C00001
rn:R09519	cpd:C00001
rn:R09526	cpd:C00001
rn:R09532	cpd:C00001
rn:R09533	cpd:C00001
rn:R09534	cpd:C00001
rn:R09535	cpd:C00001
rn:R09536	cpd:C00001
rn:R09537	cpd:C00001
rn:R09538	cpd:C00001
rn:R09540	cpd:C00001
rn:R09545	cpd:C00001
rn:R09548	cpd:C00001
rn:R09549	cpd:C00001
rn:R09554	cpd:C00001
rn:R09555	cpd:C00001
rn:R09556	cpd:C00001
rn:R09562	cpd:C00001
rn:R09563	cpd:C00001
rn:R09564	cpd:C00001
rn:R09566	cpd:C00001
rn:R09567	cpd:C00001
rn:R09568	cpd:C00001
rn:R09570	cpd:C00001
rn:R09571	cpd:C00001
rn:R09573	cpd:C00001
rn:R09575	cpd:C00001
rn:R09576	cpd:C00001
rn:R09577	cpd:C00001
rn:R09578	cpd:C00001
rn:R09579	cpd:C00001
rn:R09580	cpd:C00001
rn:R09581	cpd:C00001
rn:R09583	cpd:C00001
rn:R09584	cpd:C00001
rn:R09585	cpd:C00001
rn:R09586	cpd:C00001
rn:R09587	cpd:C00001
rn:R09597	cpd:C00001
rn:R09598	cpd:C00001
rn:R09599	cpd:C00001
rn:R09602	cpd:C00001
rn:R09604	cpd:C00001
rn:R09605	cpd:C00001
rn:R09617	cpd:C00001
rn:R09618	cpd:C00001
rn:R09628	cpd:C00001
rn:R09629	cpd:C00001
rn:R09630	cpd:C00001
rn:R09640	cpd:C00001
rn:R09643	cpd:C00001
rn:R09644	cpd:C00001
rn:R09645	cpd:C00001
rn:R09646	cpd:C00001
rn:R09647	cpd:C00001
rn:R09648	cpd:C00001
rn:R09649	cpd:C00001
rn:R09650	cpd:C00001
rn:R09651	cpd:C00001
rn:R09657	cpd:C00001
rn:R09660	cpd:C00001
rn:R09661	cpd:C00001
rn:R09664	cpd:C00001
rn:R09671	cpd:C00001
rn:R09672	cpd:C00001
rn:R09673	cpd:C00001
rn:R09674	cpd:C00001
rn:R09680	cpd:C00001
rn:R09686	cpd:C00001
rn:R09694	cpd:C00001
rn:R09696	cpd:C00001
rn:R09697	cpd:C00001
rn:R09698	cpd:C00001
rn:R09699	cpd:C00001
rn:R09700	cpd:C00001
rn:R09701	cpd:C00001
rn:R09702	cpd:C00001
rn:R09721	cpd:C00001
rn:R09722	cpd:C00001
rn:R09723	cpd:C00001
rn:R09724	cpd:C00001
rn:R09725	cpd:C00001
rn:R09727	cpd:C00001
rn:R09728	cpd:C00001
rn:R09735	cpd:C00001
rn:R09740	cpd:C00001
rn:R09741	cpd:C00001
rn:R09743	cpd:C00001
rn:R09747	cpd:C00001
rn:R09751	cpd:C00001
rn:R09771	cpd:C00001
rn:R09779	cpd:C00001
rn:R09783	cpd:C00001
rn:R09784	cpd:C00001
rn:R09786	cpd:C00001
rn:R09787	cpd:C00001
rn:R09788	cpd:C00001
rn:R09789	cpd:C00001
rn:R09790	cpd:C00001
rn:R09795	cpd:C00001
rn:R09796	cpd:C00001
rn:R09798	cpd:C00001
rn:R09799	cpd:C00001
rn:R09800	cpd:C00001
rn:R09801	cpd:C00001
rn:R09805	cpd:C00001
rn:R09809	cpd:C00001
rn:R09812	cpd:C00001
rn:R09813	cpd:C00001
rn:R09814	cpd:C00001
rn:R09815	cpd:C00001
rn:R09816	cpd:C00001
rn:R09817	cpd:C00001
rn:R09818	cpd:C00001
rn:R09819	cpd:C00001
rn:R09820	cpd:C00001
rn:R09826	cpd:C00001
rn:R09827	cpd:C00001
rn:R09830	cpd:C00001
rn:R09831	cpd:C00001
rn:R09832	cpd:C00001
rn:R09833	cpd:C00001
rn:R09834	cpd:C00001
rn:R09835	cpd:C00001
rn:R09836	cpd:C00001
rn:R09838	cpd:C00001
rn:R09840	cpd:C00001
rn:R09841	cpd:C00001
rn:R09845	cpd:C00001
rn:R09846	cpd:C00001
rn:R09859	cpd:C00001
rn:R09860	cpd:C00001
rn:R09861	cpd:C00001
rn:R09862	cpd:C00001
rn:R09863	cpd:C00001
rn:R09864	cpd:C00001
rn:R09865	cpd:C00001
rn:R09866	cpd:C00001
rn:R09867	cpd:C00001
rn:R09868	cpd:C00001
rn:R09874	cpd:C00001
rn:R09875	cpd:C00001
rn:R09876	cpd:C00001
rn:R09877	cpd:C00001
rn:R09879	cpd:C00001
rn:R09880	cpd:C00001
rn:R09881	cpd:C00001
rn:R09882	cpd:C00001
rn:R09883	cpd:C00001
rn:R09891	cpd:C00001
rn:R09896	cpd:C00001
rn:R09898	cpd:C00001
rn:R09921	cpd:C00001
rn:R09922	cpd:C00001
rn:R09923	cpd:C00001
rn:R09924	cpd:C00001
rn:R09925	cpd:C00001
rn:R09934	cpd:C00001
rn:R09935	cpd:C00001
rn:R09938	cpd:C00001
rn:R09947	cpd:C00001
rn:R09948	cpd:C00001
rn:R09949	cpd:C00001
rn:R09950	cpd:C00001
rn:R09959	cpd:C00001
rn:R09960	cpd:C00001
rn:R09964	cpd:C00001
rn:R09967	cpd:C00001
rn:R09968	cpd:C00001
rn:R09973	cpd:C00001
rn:R09980	cpd:C00001
rn:R09981	cpd:C00001
rn:R09983	cpd:C00001
rn:R09991	cpd:C00001
rn:R09992	cpd:C00001
rn:R09993	cpd:C00001
rn:R10012	cpd:C00001
rn:R10013	cpd:C00001
rn:R10023	cpd:C00001
rn:R10024	cpd:C00001
rn:R10025	cpd:C00001
rn:R10026	cpd:C00001
rn:R10027	cpd:C00001
rn:R10028	cpd:C00001
rn:R10029	cpd:C00001
rn:R10031	cpd:C00001
rn:R10032	cpd:C00001
rn:R10033	cpd:C00001
rn:R10035	cpd:C00001
rn:R10036	cpd:C00001
rn:R10038	cpd:C00001
rn:R10039	cpd:C00001
rn:R10040	cpd:C00001
rn:R10042	cpd:C00001
rn:R10043	cpd:C00001
rn:R10044	cpd:C00001
rn:R10045	cpd:C00001
rn:R10046	cpd:C00001
rn:R10047	cpd:C00001
rn:R10051	cpd:C00001
rn:R10055	cpd:C00001
rn:R10057	cpd:C00001
rn:R10066	cpd:C00001
rn:R10067	cpd:C00001
rn:R10068	cpd:C00001
rn:R10069	cpd:C00001
rn:R10070	cpd:C00001
rn:R10072	cpd:C00001
rn:R10073	cpd:C00001
rn:R10076	cpd:C00001
rn:R10077	cpd:C00001
rn:R10078	cpd:C00001
rn:R10080	cpd:C00001
rn:R10086	cpd:C00001
rn:R10088	cpd:C00001
rn:R10089	cpd:C00001
rn:R10092	cpd:C00001
rn:R10101	cpd:C00001
rn:R10102	cpd:C00001
rn:R10103	cpd:C00001
rn:R10105	cpd:C00001
rn:R10106	cpd:C00001
rn:R10107	cpd:C00001
rn:R10108	cpd:C00001
rn:R10117	cpd:C00001
rn:R10121	cpd:C00001
rn:R10123	cpd:C00001
rn:R10127	cpd:C00001
rn:R10133	cpd:C00001
rn:R10134	cpd:C00001
rn:R10135	cpd:C00001
rn:R10143	cpd:C00001
rn:R10145	cpd:C00001
rn:R10146	cpd:C00001
rn:R10147	cpd:C00001
rn:R10151	cpd:C00001
rn:R10154	cpd:C00001
rn:R10155	cpd:C00001
rn:R10158	cpd:C00001
rn:R10162	cpd:C00001
rn:R10164	cpd:C00001
rn:R10181	cpd:C00001
rn:R10186	cpd:C00001
rn:R10187	cpd:C00001
rn:R10193	cpd:C00001
rn:R10203	cpd:C00001
rn:R10205	cpd:C00001
rn:R10206	cpd:C00001
rn:R10208	cpd:C00001
rn:R10210	cpd:C00001
rn:R10211	cpd:C00001
rn:R10212	cpd:C00001
rn:R10216	cpd:C00001
rn:R10223	cpd:C00001
rn:R10224	cpd:C00001
rn:R10230	cpd:C00001
rn:R10231	cpd:C00001
rn:R10232	cpd:C00001
rn:R10233	cpd:C00001
rn:R10234	cpd:C00001
rn:R10235	cpd:C00001
rn:R10238	cpd:C00001
rn:R10239	cpd:C00001
rn:R10241	cpd:C00001
rn:R10245	cpd:C00001
rn:R10247	cpd:C00001
rn:R10258	cpd:C00001
rn:R10260	cpd:C00001
rn:R10266	cpd:C00001
rn:R10269	cpd:C00001
rn:R10270	cpd:C00001
rn:R10274	cpd:C00001
rn:R10301	cpd:C00001
rn:R10304	cpd:C00001
rn:R10313	cpd:C00001
rn:R10314	cpd:C00001
rn:R10315	cpd:C00001
rn:R10316	cpd:C00001
rn:R10317	cpd:C00001
rn:R10318	cpd:C00001
rn:R10319	cpd:C00001
rn:R10320	cpd:C00001
rn:R10321	cpd:C00001
rn:R10322	cpd:C00001
rn:R10323	cpd:C00001
rn:R10324	cpd:C00001
rn:R10344	cpd:C00001
rn:R10345	cpd:C00001
rn:R10346	cpd:C00001
rn:R10347	cpd:C00001
rn:R10348	cpd:C00001
rn:R10350	cpd:C00001
rn:R10351	cpd:C00001
rn:R10356	cpd:C00001
rn:R10357	cpd:C00001
rn:R10358	cpd:C00001
rn:R10359	cpd:C00001
rn:R10361	cpd:C00001
rn:R10362	cpd:C00001
rn:R10366	cpd:C00001
rn:R10367	cpd:C00001
rn:R10368	cpd:C00001
rn:R10371	cpd:C00001
rn:R10373	cpd:C00001
rn:R10376	cpd:C00001
rn:R10379	cpd:C00001
rn:R10381	cpd:C00001
rn:R10388	cpd:C00001
rn:R10389	cpd:C00001
rn:R10392	cpd:C00001
rn:R10393	cpd:C00001
rn:R10395	cpd:C00001
rn:R10396	cpd:C00001
rn:R10398	cpd:C00001
rn:R10401	cpd:C00001
rn:R10402	cpd:C00001
rn:R10414	cpd:C00001
rn:R10415	cpd:C00001
rn:R10416	cpd:C00001
rn:R10437	cpd:C00001
rn:R10442	cpd:C00001
rn:R10443	cpd:C00001
rn:R10444	cpd:C00001
rn:R10445	cpd:C00001
rn:R10463	cpd:C00001
rn:R10466	cpd:C00001
rn:R10467	cpd:C00001
rn:R10468	cpd:C00001
rn:R10469	cpd:C00001
rn:R10470	cpd:C00001
rn:R10475	cpd:C00001
rn:R10476	cpd:C00001
rn:R10477	cpd:C00001
rn:R10478	cpd:C00001
rn:R10479	cpd:C00001
rn:R10485	cpd:C00001
rn:R10486	cpd:C00001
rn:R10493	cpd:C00001
rn:R10496	cpd:C00001
rn:R10500	cpd:C00001
rn:R10510	cpd:C00001
rn:R10511	cpd:C00001
rn:R10515	cpd:C00001
rn:R10517	cpd:C00001
rn:R10518	cpd:C00001
rn:R10530	cpd:C00001
rn:R10531	cpd:C00001
rn:R10532	cpd:C00001
rn:R10533	cpd:C00001
rn:R10534	cpd:C00001
rn:R10535	cpd:C00001
rn:R10538	cpd:C00001
rn:R10540	cpd:C00001
rn:R10541	cpd:C00001
rn:R10545	cpd:C00001
rn:R10546	cpd:C00001
rn:R10547	cpd:C00001
rn:R10551	cpd:C00001
rn:R10552	cpd:C00001
rn:R10553	cpd:C00001
rn:R10562	cpd:C00001
rn:R10579	cpd:C00001
rn:R10580	cpd:C00001
rn:R10581	cpd:C00001
rn:R10582	cpd:C00001
rn:R10583	cpd:C00001
rn:R10589	cpd:C00001
rn:R10591	cpd:C00001
rn:R10602	cpd:C00001
rn:R10604	cpd:C00001
rn:R10612	cpd:C00001
rn:R10615	cpd:C00001
rn:R10617	cpd:C00001
rn:R10621	cpd:C00001
rn:R10622	cpd:C00001
rn:R10626	cpd:C00001
rn:R10627	cpd:C00001
rn:R10628	cpd:C00001
rn:R10630	cpd:C00001
rn:R10633	cpd:C00001
rn:R10634	cpd:C00001
rn:R10637	cpd:C00001
rn:R10656	cpd:C00001
rn:R10662	cpd:C00001
rn:R10663	cpd:C00001
rn:R10664	cpd:C00001
rn:R10666	cpd:C00001
rn:R10667	cpd:C00001
rn:R10668	cpd:C00001
rn:R10669	cpd:C00001
rn:R10670	cpd:C00001
rn:R10671	cpd:C00001
rn:R10672	cpd:C00001
rn:R10675	cpd:C00001
rn:R10682	cpd:C00001
rn:R10683	cpd:C00001
rn:R10684	cpd:C00001
rn:R10685	cpd:C00001
rn:R10687	cpd:C00001
rn:R10688	cpd:C00001
rn:R10689	cpd:C00001
rn:R10691	cpd:C00001
rn:R10692	cpd:C00001
rn:R10694	cpd:C00001
rn:R10695	cpd:C00001
rn:R10696	cpd:C00001
rn:R10701	cpd:C00001
rn:R10702	cpd:C00001
rn:R10704	cpd:C00001
rn:R10705	cpd:C00001
rn:R10711	cpd:C00001
rn:R10720	cpd:C00001
rn:R10721	cpd:C00001
rn:R10725	cpd:C00001
rn:R10728	cpd:C00001
rn:R10731	cpd:C00001
rn:R10740	cpd:C00001
rn:R10741	cpd:C00001
rn:R10747	cpd:C00001
rn:R10748	cpd:C00001
rn:R10752	cpd:C00001
rn:R10761	cpd:C00001
rn:R10762	cpd:C00001
rn:R10763	cpd:C00001
rn:R10767	cpd:C00001
rn:R10768	cpd:C00001
rn:R10773	cpd:C00001
rn:R10775	cpd:C00001
rn:R10776	cpd:C00001
rn:R10777	cpd:C00001
rn:R10778	cpd:C00001
rn:R10782	cpd:C00001
rn:R10784	cpd:C00001
rn:R10789	cpd:C00001
rn:R10790	cpd:C00001
rn:R10791	cpd:C00001
rn:R10792	cpd:C00001
rn:R10793	cpd:C00001
rn:R10794	cpd:C00001
rn:R10795	cpd:C00001
rn:R10796	cpd:C00001
rn:R10803	cpd:C00001
rn:R10809	cpd:C00001
rn:R10814	cpd:C00001
rn:R10815	cpd:C00001
rn:R10816	cpd:C00001
rn:R10827	cpd:C00001
rn:R10830	cpd:C00001
rn:R10831	cpd:C00001
rn:R10854	cpd:C00001
rn:R10856	cpd:C00001
rn:R10858	cpd:C00001
rn:R10859	cpd:C00001
rn:R10860	cpd:C00001
rn:R10861	cpd:C00001
rn:R10862	cpd:C00001
rn:R10867	cpd:C00001
rn:R10875	cpd:C00001
rn:R10877	cpd:C00001
rn:R10878	cpd:C00001
rn:R10879	cpd:C00001
rn:R10880	cpd:C00001
rn:R10882	cpd:C00001
rn:R10891	cpd:C00001
rn:R10897	cpd:C00001
rn:R10899	cpd:C00001
rn:R10905	cpd:C00001
rn:R10911	cpd:C00001
rn:R10912	cpd:C00001
rn:R10914	cpd:C00001
rn:R10915	cpd:C00001
rn:R10921	cpd:C00001
rn:R10922	cpd:C00001
rn:R10923	cpd:C00001
rn:R10924	cpd:C00001
rn:R10925	cpd:C00001
rn:R10926	cpd:C00001
rn:R10927	cpd:C00001
rn:R10928	cpd:C00001
rn:R10933	cpd:C00001
rn:R10935	cpd:C00001
rn:R10936	cpd:C00001
rn:R10945	cpd:C00001
rn:R10947	cpd:C00001
rn:R10950	cpd:C00001
rn:R10952	cpd:C00001
rn:R10954	cpd:C00001
rn:R10954	cpd:C00001
rn:R10960	cpd:C00001
rn:R10965	cpd:C00001
rn:R10972	cpd:C00001
rn:R10973	cpd:C00001
rn:R10974	cpd:C00001
rn:R10975	cpd:C00001
rn:R10976	cpd:C00001
rn:R10978	cpd:C00001
rn:R10980	cpd:C00001
rn:R10982	cpd:C00001
rn:R10983	cpd:C00001
rn:R10999	cpd:C00001
rn:R11000	cpd:C00001
rn:R11001	cpd:C00001
rn:R11002	cpd:C00001
rn:R11003	cpd:C00001
rn:R11004	cpd:C00001
rn:R11005	cpd:C00001
rn:R11006	cpd:C00001
rn:R11007	cpd:C00001
rn:R11008	cpd:C00001
rn:R11009	cpd:C00001
rn:R11010	cpd:C00001
rn:R11011	cpd:C00001
rn:R11012	cpd:C00001
rn:R11013	cpd:C00001
rn:R11014	cpd:C00001
rn:R11015	cpd:C00001
rn:R11017	cpd:C00001
rn:R11018	cpd:C00001
rn:R11021	cpd:C00001
rn:R11022	cpd:C00001
rn:R11031	cpd:C00001
rn:R11032	cpd:C00001
rn:R11043	cpd:C00001
rn:R11044	cpd:C00001
rn:R11049	cpd:C00001
rn:R11054	cpd:C00001
rn:R11055	cpd:C00001
rn:R11056	cpd:C00001
rn:R11057	cpd:C00001
rn:R11058	cpd:C00001
rn:R11059	cpd:C00001
rn:R11060	cpd:C00001
rn:R11072	cpd:C00001
rn:R11075	cpd:C00001
rn:R11076	cpd:C00001
rn:R11077	cpd:C00001
rn:R11094	cpd:C00001
rn:R11095	cpd:C00001
rn:R11097	cpd:C00001
rn:R11098	cpd:C00001
rn:R11099	cpd:C00001
rn:R11104	cpd:C00001
rn:R11105	cpd:C00001
rn:R11106	cpd:C00001
rn:R11107	cpd:C00001
rn:R11108	cpd:C00001
rn:R11109	cpd:C00001
rn:R11110	cpd:C00001
rn:R11111	cpd:C00001
rn:R11113	cpd:C00001
rn:R11116	cpd:C00001
rn:R11121	cpd:C00001
rn:R11124	cpd:C00001
rn:R11125	cpd:C00001
rn:R11132	cpd:C00001
rn:R11133	cpd:C00001
rn:R11134	cpd:C00001
rn:R11135	cpd:C00001
rn:R11136	cpd:C00001
rn:R11142	cpd:C00001
rn:R11148	cpd:C00001
rn:R11149	cpd:C00001
rn:R11150	cpd:C00001
rn:R11151	cpd:C00001
rn:R11152	cpd:C00001
rn:R11153	cpd:C00001
rn:R11155	cpd:C00001
rn:R11156	cpd:C00001
rn:R11157	cpd:C00001
rn:R11158	cpd:C00001
rn:R11161	cpd:C00001
rn:R11162	cpd:C00001
rn:R11163	cpd:C00001
rn:R11164	cpd:C00001
rn:R11166	cpd:C00001
rn:R11168	cpd:C00001
rn:R11173	cpd:C00001
rn:R11176	cpd:C00001
rn:R11177	cpd:C00001
rn:R11178	cpd:C00001
rn:R11179	cpd:C00001
rn:R11180	cpd:C00001
rn:R11181	cpd:C00001
rn:R11187	cpd:C00001
rn:R11188	cpd:C00001
rn:R11189	cpd:C00001
rn:R11190	cpd:C00001
rn:R11194	cpd:C00001
rn:R11195	cpd:C00001
rn:R11197	cpd:C00001
rn:R11198	cpd:C00001
rn:R11202	cpd:C00001
rn:R11208	cpd:C00001
rn:R11209	cpd:C00001
rn:R11210	cpd:C00001
rn:R11211	cpd:C00001
rn:R11212	cpd:C00001
rn:R11214	cpd:C00001
rn:R11222	cpd:C00001
rn:R11227	cpd:C00001
rn:R11228	cpd:C00001
rn:R11231	cpd:C00001
rn:R11232	cpd:C00001
rn:R11233	cpd:C00001
rn:R11240	cpd:C00001
rn:R11242	cpd:C00001
rn:R11251	cpd:C00001
rn:R11256	cpd:C00001
rn:R11257	cpd:C00001
rn:R11258	cpd:C00001
rn:R11259	cpd:C00001
rn:R11261	cpd:C00001
rn:R11262	cpd:C00001
rn:R11263	cpd:C00001
rn:R11274	cpd:C00001
rn:R11275	cpd:C00001
rn:R11279	cpd:C00001
rn:R11281	cpd:C00001
rn:R11283	cpd:C00001
rn:R11307	cpd:C00001
rn:R11313	cpd:C00001
rn:R11316	cpd:C00001
rn:R11317	cpd:C00001
rn:R11323	cpd:C00001
rn:R11324	cpd:C00001
rn:R11325	cpd:C00001
rn:R11326	cpd:C00001
rn:R11335	cpd:C00001
rn:R11346	cpd:C00001
rn:R11347	cpd:C00001
rn:R11348	cpd:C00001
rn:R11349	cpd:C00001
rn:R11350	cpd:C00001
rn:R11351	cpd:C00001
rn:R11352	cpd:C00001
rn:R11354	cpd:C00001
rn:R11355	cpd:C00001
rn:R11356	cpd:C00001
rn:R11357	cpd:C00001
rn:R11358	cpd:C00001
rn:R11359	cpd:C00001
rn:R11360	cpd:C00001
rn:R11361	cpd:C00001
rn:R11368	cpd:C00001
rn:R11372	cpd:C00001
rn:R11373	cpd:C00001
rn:R11374	cpd:C00001
rn:R11382	cpd:C00001
rn:R11383	cpd:C00001
rn:R11384	cpd:C00001
rn:R11385	cpd:C00001
rn:R11387	cpd:C00001
rn:R11393	cpd:C00001
rn:R11401	cpd:C00001
rn:R11403	cpd:C00001
rn:R11404	cpd:C00001
rn:R11405	cpd:C00001
rn:R11410	cpd:C00001
rn:R11412	cpd:C00001
rn:R11424	cpd:C00001
rn:R11425	cpd:C00001
rn:R11435	cpd:C00001
rn:R11439	cpd:C00001
rn:R11440	cpd:C00001
rn:R11445	cpd:C00001
rn:R11446	cpd:C00001
rn:R11447	cpd:C00001
rn:R11448	cpd:C00001
rn:R11449	cpd:C00001
rn:R11450	cpd:C00001
rn:R11451	cpd:C00001
rn:R11454	cpd:C00001
rn:R11455	cpd:C00001
rn:R11456	cpd:C00001
rn:R11457	cpd:C00001
rn:R11458	cpd:C00001
rn:R11459	cpd:C00001
rn:R11463	cpd:C00001
rn:R11468	cpd:C00001
rn:R11471	cpd:C00001
rn:R11473	cpd:C00001
rn:R11477	cpd:C00001
rn:R11478	cpd:C00001
rn:R11482	cpd:C00001
rn:R11483	cpd:C00001
rn:R11484	cpd:C00001
rn:R11487	cpd:C00001
rn:R11493	cpd:C00001
rn:R11494	cpd:C00001
rn:R11494	cpd:C00001
rn:R11495	cpd:C00001
rn:R11496	cpd:C00001
rn:R11501	cpd:C00001
rn:R11502	cpd:C00001
rn:R11503	cpd:C00001
rn:R11506	cpd:C00001
rn:R11510	cpd:C00001
rn:R11511	cpd:C00001
rn:R11512	cpd:C00001
rn:R11513	cpd:C00001
rn:R11515	cpd:C00001
rn:R11522	cpd:C00001
rn:R11524	cpd:C00001
rn:R11525	cpd:C00001
rn:R11526	cpd:C00001
rn:R11527	cpd:C00001
rn:R11531	cpd:C00001
rn:R11532	cpd:C00001
rn:R11540	cpd:C00001
rn:R11541	cpd:C00001
rn:R11542	cpd:C00001
rn:R11543	cpd:C00001
rn:R11544	cpd:C00001
rn:R11551	cpd:C00001
rn:R11552	cpd:C00001
rn:R11559	cpd:C00001
rn:R11560	cpd:C00001
rn:R11561	cpd:C00001
rn:R11562	cpd:C00001
rn:R11563	cpd:C00001
rn:R11564	cpd:C00001
rn:R11565	cpd:C00001
rn:R11566	cpd:C00001
rn:R11568	cpd:C00001
rn:R11569	cpd:C00001
rn:R11578	cpd:C00001
rn:R11579	cpd:C00001
rn:R11583	cpd:C00001
rn:R11590	cpd:C00001
rn:R11592	cpd:C00001
rn:R11597	cpd:C00001
rn:R11598	cpd:C00001
rn:R11604	cpd:C00001
rn:R11615	cpd:C00001
rn:R11616	cpd:C00001
rn:R11617	cpd:C00001
rn:R11619	cpd:C00001
rn:R11622	cpd:C00001
rn:R11625	cpd:C00001
rn:R11627	cpd:C00001
rn:R11628	cpd:C00001
rn:R11633	cpd:C00001
rn:R11634	cpd:C00001
rn:R11635	cpd:C00001
rn:R11636	cpd:C00001
rn:R11639	cpd:C00001
rn:R11640	cpd:C00001
rn:R11641	cpd:C00001
rn:R11642	cpd:C00001
rn:R11643	cpd:C00001
rn:R11644	cpd:C00001
rn:R11645	cpd:C00001
rn:R11646	cpd:C00001
rn:R11647	cpd:C00001
rn:R11648	cpd:C00001
rn:R11649	cpd:C00001
rn:R11650	cpd:C00001
rn:R11651	cpd:C00001
rn:R11652	cpd:C00001
rn:R11653	cpd:C00001
rn:R11655	cpd:C00001
rn:R11656	cpd:C00001
rn:R11657	cpd:C00001
rn:R11658	cpd:C00001
rn:R11660	cpd:C00001
rn:R11663	cpd:C00001
rn:R11664	cpd:C00001
rn:R11666	cpd:C00001
rn:R11667	cpd:C00001
rn:R11677	cpd:C00001
rn:R11678	cpd:C00001
rn:R11680	cpd:C00001
rn:R11682	cpd:C00001
rn:R11684	cpd:C00001
rn:R11687	cpd:C00001
rn:R11688	cpd:C00001
rn:R11690	cpd:C00001
rn:R11693	cpd:C00001
rn:R11694	cpd:C00001
rn:R11708	cpd:C00001
rn:R11709	cpd:C00001
rn:R11710	cpd:C00001
rn:R11711	cpd:C00001
rn:R11712	cpd:C00001
rn:R11713	cpd:C00001
rn:R11730	cpd:C00001
rn:R11732	cpd:C00001
rn:R11733	cpd:C00001
rn:R11734	cpd:C00001
rn:R11735	cpd:C00001
rn:R11736	cpd:C00001
rn:R11737	cpd:C00001
rn:R11738	cpd:C00001
rn:R11739	cpd:C00001
rn:R11741	cpd:C00001
rn:R11742	cpd:C00001
rn:R11743	cpd:C00001
rn:R11744	cpd:C00001
rn:R11745	cpd:C00001
rn:R11747	cpd:C00001
rn:R11768	cpd:C00001
rn:R11771	cpd:C00001
rn:R11785	cpd:C00001
rn:R11786	cpd:C00001
rn:R11787	cpd:C00001
rn:R11788	cpd:C00001
rn:R11789	cpd:C00001
rn:R11790	cpd:C00001
rn:R11791	cpd:C00001
rn:R11792	cpd:C00001
rn:R11793	cpd:C00001
rn:R11794	cpd:C00001
rn:R11795	cpd:C00001
rn:R11804	cpd:C00001
rn:R11805	cpd:C00001
rn:R11806	cpd:C00001
rn:R11807	cpd:C00001
rn:R11808	cpd:C00001
rn:R11809	cpd:C00001
rn:R11810	cpd:C00001
rn:R11811	cpd:C00001
rn:R11812	cpd:C00001
rn:R11813	cpd:C00001
rn:R11814	cpd:C00001
rn:R11815	cpd:C00001
rn:R11816	cpd:C00001
rn:R11817	cpd:C00001
rn:R11819	cpd:C00001
rn:R11820	cpd:C00001
rn:R11821	cpd:C00001
rn:R11822	cpd:C00001
rn:R11828	cpd:C00001
rn:R11831	cpd:C00001
rn:R11832	cpd:C00001
rn:R11834	cpd:C00001
rn:R11835	cpd:C00001
rn:R11836	cpd:C00001
rn:R11837	cpd:C00001
rn:R11838	cpd:C00001
rn:R11839	cpd:C00001
rn:R11840	cpd:C00001
rn:R11841	cpd:C00001
rn:R11847	cpd:C00001
rn:R11848	cpd:C00001
rn:R11849	cpd:C00001
rn:R11852	cpd:C00001
rn:R11864	cpd:C00001
rn:R11865	cpd:C00001
rn:R11875	cpd:C00001
rn:R11878	cpd:C00001
rn:R11880	cpd:C00001
rn:R11881	cpd:C00001
rn:R11882	cpd:C00001
rn:R11886	cpd:C00001
rn:R11889	cpd:C00001
rn:R11893	cpd:C00001
rn:R11896	cpd:C00001
rn:R11901	cpd:C00001
rn:R11903	cpd:C00001
rn:R11904	cpd:C00001
rn:R11906	cpd:C00001
rn:R11911	cpd:C00001
rn:R11912	cpd:C00001
rn:R11913	cpd:C00001
rn:R11914	cpd:C00001
rn:R11916	cpd:C00001
rn:R11917	cpd:C00001
rn:R11918	cpd:C00001
rn:R11930	cpd:C00001
rn:R11941	cpd:C00001
rn:R11942	cpd:C00001
rn:R11947	cpd:C00001
rn:R11949	cpd:C00001
rn:R11951	cpd:C00001
rn:R11952	cpd:C00001
rn:R11958	cpd:C00001
rn:R11960	cpd:C00001
rn:R11961	cpd:C00001
rn:R11962	cpd:C00001
rn:R11963	cpd:C00001
rn:R11964	cpd:C00001
rn:R11965	cpd:C00001
rn:R11971	cpd:C00001
rn:R11973	cpd:C00001
rn:R11974	cpd:C00001
rn:R11975	cpd:C00001
rn:R11976	cpd:C00001
rn:R11977	cpd:C00001
rn:R11978	cpd:C00001
rn:R11979	cpd:C00001
rn:R11980	cpd:C00001
rn:R11981	cpd:C00001
rn:R11982	cpd:C00001
rn:R11983	cpd:C00001
rn:R11984	cpd:C00001
rn:R11985	cpd:C00001
rn:R11986	cpd:C00001
rn:R11987	cpd:C00001
rn:R11988	cpd:C00001
rn:R11989	cpd:C00001
rn:R11990	cpd:C00001
rn:R11991	cpd:C00001
rn:R11992	cpd:C00001
rn:R11993	cpd:C00001
rn:R12007	cpd:C00001
rn:R12008	cpd:C00001
rn:R12009	cpd:C00001
rn:R12010	cpd:C00001
rn:R12013	cpd:C00001
rn:R12015	cpd:C00001
rn:R12016	cpd:C00001
rn:R12018	cpd:C00001
rn:R12019	cpd:C00001
rn:R12020	cpd:C00001
rn:R12021	cpd:C00001
rn:R12022	cpd:C00001
rn:R12023	cpd:C00001
rn:R12024	cpd:C00001
rn:R12026	cpd:C00001
rn:R12027	cpd:C00001
rn:R12028	cpd:C00001
rn:R12029	cpd:C00001
rn:R12030	cpd:C00001
rn:R12031	cpd:C00001
rn:R12032	cpd:C00001
rn:R12033	cpd:C00001
rn:R12034	cpd:C00001
rn:R12048	cpd:C00001
rn:R12051	cpd:C00001
rn:R12052	cpd:C00001
rn:R12053	cpd:C00001
rn:R12058	cpd:C00001
rn:R12067	cpd:C00001
rn:R12068	cpd:C00001
rn:R12069	cpd:C00001
rn:R12070	cpd:C00001
rn:R12071	cpd:C00001
rn:R12072	cpd:C00001
rn:R12073	cpd:C00001
rn:R12074	cpd:C00001
rn:R12076	cpd:C00001
rn:R12081	cpd:C00001
rn:R12082	cpd:C00001
rn:R12083	cpd:C00001
rn:R12084	cpd:C00001
rn:R12091	cpd:C00001
rn:R12094	cpd:C00001
rn:R12095	cpd:C00001
rn:R12096	cpd:C00001
rn:R12097	cpd:C00001
rn:R12098	cpd:C00001
rn:R12114	cpd:C00001
rn:R12118	cpd:C00001
rn:R12119	cpd:C00001
rn:R12120	cpd:C00001
rn:R12121	cpd:C00001
rn:R12122	cpd:C00001
rn:R12123	cpd:C00001
rn:R12124	cpd:C00001
rn:R12125	cpd:C00001
rn:R12128	cpd:C00001
rn:R12129	cpd:C00001
rn:R12130	cpd:C00001
rn:R12131	cpd:C00001
rn:R12132	cpd:C00001
rn:R12133	cpd:C00001
rn:R12140	cpd:C00001
rn:R12149	cpd:C00001
rn:R12150	cpd:C00001
rn:R12151	cpd:C00001
rn:R12152	cpd:C00001
rn:R12153	cpd:C00001
rn:R12154	cpd:C00001
rn:R12155	cpd:C00001
rn:R12165	cpd:C00001
rn:R12166	cpd:C00001
rn:R12167	cpd:C00001
rn:R12168	cpd:C00001
rn:R12169	cpd:C00001
rn:R12170	cpd:C00001
rn:R12171	cpd:C00001
rn:R12172	cpd:C00001
rn:R12173	cpd:C00001
rn:R12176	cpd:C00001
rn:R12177	cpd:C00001
rn:R12178	cpd:C00001
rn:R12182	cpd:C00001
rn:R12185	cpd:C00001
rn:R12188	cpd:C00001
rn:R12196	cpd:C00001
rn:R12198	cpd:C00001
rn:R12199	cpd:C00001
rn:R12201	cpd:C00001
rn:R12203	cpd:C00001
rn:R12204	cpd:C00001
rn:R12205	cpd:C00001
rn:R12208	cpd:C00001
rn:R12209	cpd:C00001
rn:R12215	cpd:C00001
rn:R12218	cpd:C00001
rn:R12219	cpd:C00001
rn:R12223	cpd:C00001
rn:R12224	cpd:C00001
rn:R12225	cpd:C00001
rn:R12226	cpd:C00001
rn:R12227	cpd:C00001
rn:R12228	cpd:C00001
rn:R12229	cpd:C00001
rn:R12230	cpd:C00001
rn:R12231	cpd:C00001
rn:R12232	cpd:C00001
rn:R12233	cpd:C00001
rn:R12234	cpd:C00001
rn:R12237	cpd:C00001
rn:R12248	cpd:C00001
rn:R12249	cpd:C00001
rn:R12250	cpd:C00001
rn:R12251	cpd:C00001
rn:R12253	cpd:C00001
rn:R12259	cpd:C00001
rn:R12265	cpd:C00001
rn:R12266	cpd:C00001
rn:R12267	cpd:C00001
rn:R12268	cpd:C00001
rn:R12270	cpd:C00001
rn:R12271	cpd:C00001
rn:R12273	cpd:C00001
rn:R12274	cpd:C00001
rn:R12275	cpd:C00001
rn:R12276	cpd:C00001
rn:R12277	cpd:C00001
rn:R12278	cpd:C00001
rn:R12279	cpd:C00001
rn:R12282	cpd:C00001
rn:R12283	cpd:C00001
rn:R12284	cpd:C00001
rn:R12285	cpd:C00001
rn:R12286	cpd:C00001
rn:R12301	cpd:C00001
rn:R12307	cpd:C00001
rn:R12317	cpd:C00001
rn:R12318	cpd:C00001
rn:R12319	cpd:C00001
rn:R12320	cpd:C00001
rn:R12321	cpd:C00001
rn:R12322	cpd:C00001
rn:R12323	cpd:C00001
rn:R12324	cpd:C00001
rn:R12325	cpd:C00001
rn:R12326	cpd:C00001
rn:R12328	cpd:C00001
rn:R12329	cpd:C00001
rn:R12332	cpd:C00001
rn:R12333	cpd:C00001
rn:R12337	cpd:C00001
rn:R12345	cpd:C00001
rn:R12346	cpd:C00001
rn:R12347	cpd:C00001
rn:R12352	cpd:C00001
rn:R12355	cpd:C00001
rn:R12357	cpd:C00001
rn:R12358	cpd:C00001
rn:R12359	cpd:C00001
rn:R12360	cpd:C00001
rn:R12364	cpd:C00001
rn:R12367	cpd:C00001
rn:R12368	cpd:C00001
rn:R12369	cpd:C00001
rn:R12370	cpd:C00001
rn:R12372	cpd:C00001
rn:R12373	cpd:C00001
rn:R12374	cpd:C00001
rn:R12377	cpd:C00001
rn:R12378	cpd:C00001
rn:R12379	cpd:C00001
rn:R12380	cpd:C00001
rn:R12381	cpd:C00001
rn:R12390	cpd:C00001
rn:R12391	cpd:C00001
rn:R12392	cpd:C00001
rn:R12403	cpd:C00001
rn:R12407	cpd:C00001
rn:R12408	cpd:C00001
rn:R12412	cpd:C00001
rn:R12416	cpd:C00001
rn:R12417	cpd:C00001
rn:R12418	cpd:C00001
rn:R12419	cpd:C00001
rn:R12441	cpd:C00001
rn:R12442	cpd:C00001
rn:R12444	cpd:C00001
rn:R12445	cpd:C00001
rn:R12446	cpd:C00001
rn:R12448	cpd:C00001
rn:R12454	cpd:C00001
rn:R12455	cpd:C00001
rn:R12456	cpd:C00001
rn:R12462	cpd:C00001
rn:R12463	cpd:C00001
rn:R12464	cpd:C00001
rn:R12467	cpd:C00001
rn:R12468	cpd:C00001
rn:R12473	cpd:C00001
rn:R12474	cpd:C00001
rn:R12475	cpd:C00001
rn:R12476	cpd:C00001
rn:R12477	cpd:C00001
rn:R12478	cpd:C00001
rn:R12479	cpd:C00001
rn:R12487	cpd:C00001
rn:R12488	cpd:C00001
rn:R12489	cpd:C00001
rn:R12499	cpd:C00001
rn:R12500	cpd:C00001
rn:R12505	cpd:C00001
rn:R12511	cpd:C00001
rn:R12512	cpd:C00001
rn:R12513	cpd:C00001
rn:R12514	cpd:C00001
rn:R12515	cpd:C00001
rn:R12516	cpd:C00001
rn:R12531	cpd:C00001
rn:R12532	cpd:C00001
rn:R12533	cpd:C00001
rn:R12537	cpd:C00001
rn:R12539	cpd:C00001
rn:R12544	cpd:C00001
rn:R12546	cpd:C00001
rn:R12550	cpd:C00001
rn:R12557	cpd:C00001
rn:R12559	cpd:C00001
rn:R12564	cpd:C00001
rn:R12565	cpd:C00001
rn:R12566	cpd:C00001
rn:R12567	cpd:C00001
rn:R12570	cpd:C00001
rn:R12571	cpd:C00001
rn:R12578	cpd:C00001
rn:R12579	cpd:C00001
rn:R12580	cpd:C00001
rn:R12583	cpd:C00001
rn:R12585	cpd:C00001
rn:R12587	cpd:C00001
rn:R12588	cpd:C00001
rn:R12589	cpd:C00001
rn:R12590	cpd:C00001
rn:R12591	cpd:C00001
rn:R12592	cpd:C00001
rn:R12595	cpd:C00001
rn:R12602	cpd:C00001
rn:R12603	cpd:C00001
rn:R12611	cpd:C00001
rn:R12617	cpd:C00001
rn:R12618	cpd:C00001
rn:R12619	cpd:C00001
rn:R12621	cpd:C00001
rn:R12623	cpd:C00001
rn:R12624	cpd:C00001
rn:R12625	cpd:C00001
rn:R12631	cpd:C00001
rn:R12634	cpd:C00001
rn:R12635	cpd:C00001
rn:R12652	cpd:C00001
rn:R12653	cpd:C00001
rn:R12658	cpd:C00001
rn:R12659	cpd:C00001
rn:R12660	cpd:C00001
rn:R12661	cpd:C00001
rn:R12670	cpd:C00001
rn:R12671	cpd:C00001
rn:R12672	cpd:C00001
rn:R12673	cpd:C00001
rn:R12674	cpd:C00001
rn:R12675	cpd:C00001
rn:R12676	cpd:C00001
rn:R12677	cpd:C00001
rn:R12678	cpd:C00001
rn:R12679	cpd:C00001
rn:R12682	cpd:C00001
rn:R12683	cpd:C00001
rn:R12684	cpd:C00001
rn:R12686	cpd:C00001
rn:R12687	cpd:C00001
rn:R12688	cpd:C00001
rn:R12692	cpd:C00001
rn:R12693	cpd:C00001
rn:R12700	cpd:C00001
rn:R12706	cpd:C00001
rn:R12707	cpd:C00001
rn:R12710	cpd:C00001
rn:R12711	cpd:C00001
rn:R12712	cpd:C00001
rn:R12714	cpd:C00001
rn:R12715	cpd:C00001
rn:R12716	cpd:C00001
rn:R12717	cpd:C00001
rn:R12746	cpd:C00001
rn:R12748	cpd:C00001
rn:R12749	cpd:C00001
rn:R12755	cpd:C00001
rn:R12761	cpd:C00001
rn:R12762	cpd:C00001
rn:R12795	cpd:C00001
rn:R12796	cpd:C00001
rn:R12797	cpd:C00001
rn:R12798	cpd:C00001
rn:R12801	cpd:C00001
rn:R12802	cpd:C00001
rn:R12827	cpd:C00001
rn:R12828	cpd:C00001
rn:R12831	cpd:C00001
rn:R12832	cpd:C00001
rn:R12833	cpd:C00001
rn:R12834	cpd:C00001
rn:R12846	cpd:C00001
rn:R12847	cpd:C00001
rn:R12857	cpd:C00001
rn:R12858	cpd:C00001
rn:R12877	cpd:C00001
rn:R12878	cpd:C00001
rn:R12879	cpd:C00001
rn:R12894	cpd:C00001
rn:R12896	cpd:C00001
rn:R12907	cpd:C00001
rn:R12908	cpd:C00001
rn:R12909	cpd:C00001
rn:R12910	cpd:C00001
rn:R12911	cpd:C00001
rn:R12912	cpd:C00001
rn:R12913	cpd:C00001
rn:R12915	cpd:C00001
rn:R12917	cpd:C00001
rn:R12918	cpd:C00001
rn:R12921	cpd:C00001
rn:R12922	cpd:C00001
rn:R12923	cpd:C00001
rn:R12924	cpd:C00001
rn:R12925	cpd:C00001
rn:R12926	cpd:C00001
rn:R12927	cpd:C00001
rn:R12937	cpd:C00001
rn:R12939	cpd:C00001
rn:R12941	cpd:C00001
rn:R12942	cpd:C00001
rn:R12943	cpd:C00001
rn:R12949	cpd:C00001
rn:R12950	cpd:C00001
rn:R12952	cpd:C00001
rn:R12953	cpd:C00001
rn:R12954	cpd:C00001
rn:R12955	cpd:C00001
rn:R12956	cpd:C00001
rn:R12958	cpd:C00001
rn:R12959	cpd:C00001
rn:R12961	cpd:C00001
rn:R12963	cpd:C00001
rn:R12965	cpd:C00001
rn:R12969	cpd:C00001
rn:R12970	cpd:C00001
rn:R12974	cpd:C00001
rn:R12975	cpd:C00001
rn:R12977	cpd:C00001
rn:R12983	cpd:C00001
rn:R12987	cpd:C00001
rn:R12988	cpd:C00001
rn:R12989	cpd:C00001
rn:R12990	cpd:C00001
rn:R13013	cpd:C00001
rn:R13014	cpd:C00001
rn:R13016	cpd:C00001
rn:R13017	cpd:C00001
rn:R13018	cpd:C00001
rn:R13019	cpd:C00001
rn:R13020	cpd:C00001
rn:R13021	cpd:C00001
rn:R13022	cpd:C00001
rn:R13023	cpd:C00001
rn:R13025	cpd:C00001
rn:R13026	cpd:C00001
rn:R13027	cpd:C00001
rn:R13028	cpd:C00001
rn:R13029	cpd:C00001
rn:R13031	cpd:C00001
rn:R13032	cpd:C00001
rn:R13038	cpd:C00001
rn:R13043	cpd:C00001
rn:R13044	cpd:C00001
rn:R13045	cpd:C00001
rn:R13046	cpd:C00001
rn:R13051	cpd:C00001
rn:R13052	cpd:C00001
rn:R13058	cpd:C00001
rn:R13059	cpd:C00001
rn:R13063	cpd:C00001
rn:R13064	cpd:C00001
rn:R13065	cpd:C00001
rn:R13076	cpd:C00001
rn:R13077	cpd:C00001
rn:R13079	cpd:C00001
rn:R13080	cpd:C00001
rn:R13081	cpd:C00001
rn:R13082	cpd:C00001
rn:R13085	cpd:C00001
rn:R13090	cpd:C00001
rn:R13092	cpd:C00001
rn:R13100	cpd:C00001
rn:R13101	cpd:C00001
rn:R13108	cpd:C00001
rn:R13110	cpd:C00001
rn:R13114	cpd:C00001
rn:R13115	cpd:C00001
rn:R13117	cpd:C00001
rn:R13118	cpd:C00001
rn:R13119	cpd:C00001
rn:R13120	cpd:C00001
rn:R13126	cpd:C00001
rn:R13127	cpd:C00001
rn:R13128	cpd:C00001
rn:R13139	cpd:C00001
rn:R13141	cpd:C00001
rn:R13142	cpd:C00001
rn:R13148	cpd:C00001
rn:R13178	cpd:C00001
rn:R13179	cpd:C00001
rn:R13186	cpd:C00001
rn:R13190	cpd:C00001
rn:R13191	cpd:C00001
rn:R13193	cpd:C00001
rn:R13194	cpd:C00001
rn:R13204	cpd:C00001
rn:R13205	cpd:C00001
rn:R13206	cpd:C00001
rn:R13208	cpd:C00001
rn:R13209	cpd:C00001
rn:R13210	cpd:C00001
rn:R13211	cpd:C00001
rn:R13212	cpd:C00001
rn:R13213	cpd:C00001
rn:R13218	cpd:C00001
rn:R13222	cpd:C00001
rn:R13226	cpd:C00001
rn:R13228	cpd:C00001
rn:R13238	cpd:C00001
rn:R13239	cpd:C00001
rn:R13241	cpd:C00001
rn:R13242	cpd:C00001
rn:R13243	cpd:C00001
rn:R13244	cpd:C00001
rn:R13245	cpd:C00001
rn:R13246	cpd:C00001
rn:R13247	cpd:C00001
rn:R13250	cpd:C00001
rn:R13251	cpd:C00001
rn:R13252	cpd:C00001
rn:R13253	cpd:C00001
rn:R13254	cpd:C00001
rn:R13255	cpd:C00001
rn:R13260	cpd:C00001
rn:R13264	cpd:C00001
rn:R13268	cpd:C00001
rn:R13272	cpd:C00001
rn:R13279	cpd:C00001
rn:R13286	cpd:C00001
rn:R13287	cpd:C00001
rn:R13289	cpd:C00001
rn:R13290	cpd:C00001
rn:R13291	cpd:C00001
rn:R13307	cpd:C00001
rn:R13308	cpd:C00001
rn:R13309	cpd:C00001
rn:R13321	cpd:C00001
rn:R13322	cpd:C00001
rn:R13324	cpd:C00001
rn:R13327	cpd:C00001
rn:R13330	cpd:C00001
rn:R13332	cpd:C00001
rn:R13336	cpd:C00001
rn:R13337	cpd:C00001
rn:R13338	cpd:C00001
rn:R13340	cpd:C00001
rn:R13342	cpd:C00001
rn:R13354	cpd:C00001
rn:R13355	cpd:C00001
rn:R13364	cpd:C00001
rn:R13365	cpd:C00001
rn:R13366	cpd:C00001
rn:R13368	cpd:C00001
rn:R13369	cpd:C00001
rn:R13371	cpd:C00001
rn:R13378	cpd:C00001
rn:R13381	cpd:C00001
rn:R13382	cpd:C00001
rn:R13384	cpd:C00001
rn:R13385	cpd:C00001
rn:R13386	cpd:C00001
rn:R13387	cpd:C00001
rn:R13388	cpd:C00001
rn:R13389	cpd:C00001
rn:R13394	cpd:C00001
rn:R13395	cpd:C00001
rn:R13398	cpd:C00001
rn:R13399	cpd:C00001
rn:R13400	cpd:C00001
rn:R13404	cpd:C00001
rn:R13405	cpd:C00001
rn:R13407	cpd:C00001
rn:R13407	cpd:C00001
rn:R13408	cpd:C00001
rn:R13417	cpd:C00001
rn:R13418	cpd:C00001
rn:R13419	cpd:C00001
rn:R13420	cpd:C00001
rn:R13421	cpd:C00001
rn:R13422	cpd:C00001
rn:R13423	cpd:C00001
rn:R13424	cpd:C00001
rn:R13425	cpd:C00001
rn:R13426	cpd:C00001
rn:R13436	cpd:C00001
rn:R13438	cpd:C00001
rn:R13443	cpd:C00001
rn:R13452	cpd:C00001
rn:R13460	cpd:C00001
rn:R13464	cpd:C00001
rn:R13465	cpd:C00001
rn:R13469	cpd:C00001
rn:R13473	cpd:C00001
rn:R13477	cpd:C00001
rn:R13481	cpd:C00001
rn:R13482	cpd:C00001
rn:R13485	cpd:C00001
rn:R13491	cpd:C00001
rn:R13492	cpd:C00001
rn:R13493	cpd:C00001
rn:R13494	cpd:C00001
rn:R13495	cpd:C00001
rn:R13503	cpd:C00001
rn:R13504	cpd:C00001
rn:R13516	cpd:C00001
rn:R13519	cpd:C00001
rn:R13522	cpd:C00001
rn:R13524	cpd:C00001
rn:R13525	cpd:C00001
rn:R13542	cpd:C00001
rn:R13546	cpd:C00001
rn:R13547	cpd:C00001
rn:R13550	cpd:C00001
rn:R13551	cpd:C00001
rn:R13557	cpd:C00001
rn:R13558	cpd:C00001
rn:R13569	cpd:C00001
rn:R13570	cpd:C00001
rn:R13589	cpd:C00001
rn:R13590	cpd:C00001
rn:R13593	cpd:C00001
rn:R13598	cpd:C00001
rn:R13601	cpd:C00001
rn:R13603	cpd:C00001
rn:R13607	cpd:C00001
rn:R13608	cpd:C00001
rn:R13612	cpd:C00001
rn:R13613	cpd:C00001
rn:R13617	cpd:C00001
rn:R13618	cpd:C00001
rn:R13620	cpd:C00001
rn:R13621	cpd:C00001
rn:R13622	cpd:C00001
rn:R13624	cpd:C00001
rn:R13625	cpd:C00001
rn:R13627	cpd:C00001
rn:R13628	cpd:C00001
rn:R13629	cpd:C00001
rn:R13631	cpd:C00001
rn:R13636	cpd:C00001
rn:R13638	cpd:C00001
rn:R13639	cpd:C00001
rn:R00002	cpd:C00002
rn:R00076	cpd:C00002
rn:R00085	cpd:C00002
rn:R00086	cpd:C00002
rn:R00087	cpd:C00002
rn:R00088	cpd:C00002
rn:R00089	cpd:C00002
rn:R00104	cpd:C00002
rn:R00105	cpd:C00002
rn:R00124	cpd:C00002
rn:R00124	cpd:C00002
rn:R00126	cpd:C00002
rn:R00127	cpd:C00002
rn:R00128	cpd:C00002
rn:R00129	cpd:C00002
rn:R00130	cpd:C00002
rn:R00137	cpd:C00002
rn:R00139	cpd:C00002
rn:R00140	cpd:C00002
rn:R00141	cpd:C00002
rn:R00149	cpd:C00002
rn:R00150	cpd:C00002
rn:R00156	cpd:C00002
rn:R00158	cpd:C00002
rn:R00161	cpd:C00002
rn:R00162	cpd:C00002
rn:R00174	cpd:C00002
rn:R00177	cpd:C00002
rn:R00184	cpd:C00002
rn:R00185	cpd:C00002
rn:R00189	cpd:C00002
rn:R00199	cpd:C00002
rn:R00200	cpd:C00002
rn:R00206	cpd:C00002
rn:R00229	cpd:C00002
rn:R00235	cpd:C00002
rn:R00239	cpd:C00002
rn:R00251	cpd:C00002
rn:R00253	cpd:C00002
rn:R00257	cpd:C00002
rn:R00283	cpd:C00002
rn:R00299	cpd:C00002
rn:R00315	cpd:C00002
rn:R00316	cpd:C00002
rn:R00330	cpd:C00002
rn:R00331	cpd:C00002
rn:R00332	cpd:C00002
rn:R00334	cpd:C00002
rn:R00341	cpd:C00002
rn:R00344	cpd:C00002
rn:R00352	cpd:C00002
rn:R00381	cpd:C00002
rn:R00389	cpd:C00002
rn:R00390	cpd:C00002
rn:R00405	cpd:C00002
rn:R00429	cpd:C00002
rn:R00435	cpd:C00002
rn:R00436	cpd:C00002
rn:R00480	cpd:C00002
rn:R00482	cpd:C00002
rn:R00483	cpd:C00002
rn:R00497	cpd:C00002
rn:R00509	cpd:C00002
rn:R00512	cpd:C00002
rn:R00513	cpd:C00002
rn:R00518	cpd:C00002
rn:R00529	cpd:C00002
rn:R00549	cpd:C00002
rn:R00554	cpd:C00002
rn:R00570	cpd:C00002
rn:R00571	cpd:C00002
rn:R00573	cpd:C00002
rn:R00575	cpd:C00002
rn:R00578	cpd:C00002
rn:R00616	cpd:C00002
rn:R00617	cpd:C00002
rn:R00619	cpd:C00002
rn:R00686	cpd:C00002
rn:R00722	cpd:C00002
rn:R00735	cpd:C00002
rn:R00742	cpd:C00002
rn:R00756	cpd:C00002
rn:R00760	cpd:C00002
rn:R00774	cpd:C00002
rn:R00847	cpd:C00002
rn:R00866	cpd:C00002
rn:R00867	cpd:C00002
rn:R00894	cpd:C00002
rn:R00910	cpd:C00002
rn:R00912	cpd:C00002
rn:R00920	cpd:C00002
rn:R00925	cpd:C00002
rn:R00942	cpd:C00002
rn:R00943	cpd:C00002
rn:R00948	cpd:C00002
rn:R00949	cpd:C00002
rn:R00964	cpd:C00002
rn:R00982	cpd:C00002
rn:R01011	cpd:C00002
rn:R01021	cpd:C00002
rn:R01049	cpd:C00002
rn:R01050	cpd:C00002
rn:R01051	cpd:C00002
rn:R01053	cpd:C00002
rn:R01059	cpd:C00002
rn:R01071	cpd:C00002
rn:R01074	cpd:C00002
rn:R01075	cpd:C00002
rn:R01092	cpd:C00002
rn:R01121	cpd:C00002
rn:R01131	cpd:C00002
rn:R01137	cpd:C00002
rn:R01150	cpd:C00002
rn:R01164	cpd:C00002
rn:R01176	cpd:C00002
rn:R01201	cpd:C00002
rn:R01228	cpd:C00002
rn:R01230	cpd:C00002
rn:R01231	cpd:C00002
rn:R01256	cpd:C00002
rn:R01280	cpd:C00002
rn:R01300	cpd:C00002
rn:R01322	cpd:C00002
rn:R01326	cpd:C00002
rn:R01353	cpd:C00002
rn:R01354	cpd:C00002
rn:R01357	cpd:C00002
rn:R01395	cpd:C00002
rn:R01406	cpd:C00002
rn:R01407	cpd:C00002
rn:R01417	cpd:C00002
rn:R01422	cpd:C00002
rn:R01441	cpd:C00002
rn:R01468	cpd:C00002
rn:R01476	cpd:C00002
rn:R01490	cpd:C00002
rn:R01492	cpd:C00002
rn:R01495	cpd:C00002
rn:R01504	cpd:C00002
rn:R01512	cpd:C00002
rn:R01514	cpd:C00002
rn:R01523	cpd:C00002
rn:R01526	cpd:C00002
rn:R01541	cpd:C00002
rn:R01547	cpd:C00002
rn:R01558	cpd:C00002
rn:R01567	cpd:C00002
rn:R01573	cpd:C00002
rn:R01585	cpd:C00002
rn:R01598	cpd:C00002
rn:R01600	cpd:C00002
rn:R01616	cpd:C00002
rn:R01618	cpd:C00002
rn:R01639	cpd:C00002
rn:R01654	cpd:C00002
rn:R01665	cpd:C00002
rn:R01666	cpd:C00002
rn:R01688	cpd:C00002
rn:R01723	cpd:C00002
rn:R01724	cpd:C00002
rn:R01737	cpd:C00002
rn:R01754	cpd:C00002
rn:R01771	cpd:C00002
rn:R01786	cpd:C00002
rn:R01843	cpd:C00002
rn:R01844	cpd:C00002
rn:R01857	cpd:C00002
rn:R01859	cpd:C00002
rn:R01881	cpd:C00002
rn:R01888	cpd:C00002
rn:R01901	cpd:C00002
rn:R01902	cpd:C00002
rn:R01909	cpd:C00002
rn:R01917	cpd:C00002
rn:R01926	cpd:C00002
rn:R01943	cpd:C00002
rn:R01954	cpd:C00002
rn:R01961	cpd:C00002
rn:R01967	cpd:C00002
rn:R01980	cpd:C00002
rn:R01991	cpd:C00002
rn:R02014	cpd:C00002
rn:R02071	cpd:C00002
rn:R02089	cpd:C00002
rn:R02090	cpd:C00002
rn:R02093	cpd:C00002
rn:R02094	cpd:C00002
rn:R02098	cpd:C00002
rn:R02099	cpd:C00002
rn:R02134	cpd:C00002
rn:R02136	cpd:C00002
rn:R02184	cpd:C00002
rn:R02194	cpd:C00002
rn:R02221	cpd:C00002
rn:R02225	cpd:C00002
rn:R02226	cpd:C00002
rn:R02227	cpd:C00002
rn:R02237	cpd:C00002
rn:R02238	cpd:C00002
rn:R02240	cpd:C00002
rn:R02245	cpd:C00002
rn:R02255	cpd:C00002
rn:R02301	cpd:C00002
rn:R02303	cpd:C00002
rn:R02324	cpd:C00002
rn:R02326	cpd:C00002
rn:R02331	cpd:C00002
rn:R02402	cpd:C00002
rn:R02404	cpd:C00002
rn:R02412	cpd:C00002
rn:R02430	cpd:C00002
rn:R02439	cpd:C00002
rn:R02451	cpd:C00002
rn:R02473	cpd:C00002
rn:R02493	cpd:C00002
rn:R02539	cpd:C00002
rn:R02575	cpd:C00002
rn:R02584	cpd:C00002
rn:R02625	cpd:C00002
rn:R02626	cpd:C00002
rn:R02649	cpd:C00002
rn:R02650	cpd:C00002
rn:R02658	cpd:C00002
rn:R02664	cpd:C00002
rn:R02699	cpd:C00002
rn:R02705	cpd:C00002
rn:R02711	cpd:C00002
rn:R02718	cpd:C00002
rn:R02732	cpd:C00002
rn:R02741	cpd:C00002
rn:R02750	cpd:C00002
rn:R02757	cpd:C00002
rn:R02758	cpd:C00002
rn:R02783	cpd:C00002
rn:R02786	cpd:C00002
rn:R02788	cpd:C00002
rn:R02794	cpd:C00002
rn:R02848	cpd:C00002
rn:R02865	cpd:C00002
rn:R02884	cpd:C00002
rn:R02903	cpd:C00002
rn:R02918	cpd:C00002
rn:R02927	cpd:C00002
rn:R02929	cpd:C00002
rn:R02971	cpd:C00002
rn:R02976	cpd:C00002
rn:R02980	cpd:C00002
rn:R02986	cpd:C00002
rn:R03005	cpd:C00002
rn:R03014	cpd:C00002
rn:R03018	cpd:C00002
rn:R03035	cpd:C00002
rn:R03038	cpd:C00002
rn:R03095	cpd:C00002
rn:R03098	cpd:C00002
rn:R03150	cpd:C00002
rn:R03157	cpd:C00002
rn:R03161	cpd:C00002
rn:R03182	cpd:C00002
rn:R03187	cpd:C00002
rn:R03193	cpd:C00002
rn:R03209	cpd:C00002
rn:R03236	cpd:C00002
rn:R03241	cpd:C00002
rn:R03245	cpd:C00002
rn:R03258	cpd:C00002
rn:R03274	cpd:C00002
rn:R03286	cpd:C00002
rn:R03298	cpd:C00002
rn:R03315	cpd:C00002
rn:R03347	cpd:C00002
rn:R03361	cpd:C00002
rn:R03362	cpd:C00002
rn:R03383	cpd:C00002
rn:R03384	cpd:C00002
rn:R03387	cpd:C00002
rn:R03395	cpd:C00002
rn:R03428	cpd:C00002
rn:R03429	cpd:C00002
rn:R03433	cpd:C00002
rn:R03449	cpd:C00002
rn:R03469	cpd:C00002
rn:R03471	cpd:C00002
rn:R03473	cpd:C00002
rn:R03478	cpd:C00002
rn:R03479	cpd:C00002
rn:R03494	cpd:C00002
rn:R03503	cpd:C00002
rn:R03516	cpd:C00002
rn:R03530	cpd:C00002
rn:R03576	cpd:C00002
rn:R03595	cpd:C00002
rn:R03607	cpd:C00002
rn:R03613	cpd:C00002
rn:R03631	cpd:C00002
rn:R03632	cpd:C00002
rn:R03646	cpd:C00002
rn:R03647	cpd:C00002
rn:R03648	cpd:C00002
rn:R03650	cpd:C00002
rn:R03651	cpd:C00002
rn:R03652	cpd:C00002
rn:R03654	cpd:C00002
rn:R03655	cpd:C00002
rn:R03656	cpd:C00002
rn:R03657	cpd:C00002
rn:R03658	cpd:C00002
rn:R03659	cpd:C00002
rn:R03660	cpd:C00002
rn:R03661	cpd:C00002
rn:R03662	cpd:C00002
rn:R03663	cpd:C00002
rn:R03664	cpd:C00002
rn:R03665	cpd:C00002
rn:R03691	cpd:C00002
rn:R03744	cpd:C00002
rn:R03754	cpd:C00002
rn:R03766	cpd:C00002
rn:R03770	cpd:C00002
rn:R03780	cpd:C00002
rn:R03785	cpd:C00002
rn:R03819	cpd:C00002
rn:R03822	cpd:C00002
rn:R03840	cpd:C00002
rn:R03876	cpd:C00002
rn:R03877	cpd:C00002
rn:R03905	cpd:C00002
rn:R03920	cpd:C00002
rn:R03932	cpd:C00002
rn:R03939	cpd:C00002
rn:R03944	cpd:C00002
rn:R04002	cpd:C00002
rn:R04023	cpd:C00002
rn:R04030	cpd:C00002
rn:R04036	cpd:C00002
rn:R04068	cpd:C00002
rn:R04126	cpd:C00002
rn:R04138	cpd:C00002
rn:R04143	cpd:C00002
rn:R04144	cpd:C00002
rn:R04157	cpd:C00002
rn:R04208	cpd:C00002
rn:R04212	cpd:C00002
rn:R04230	cpd:C00002
rn:R04235	cpd:C00002
rn:R04241	cpd:C00002
rn:R04267	cpd:C00002
rn:R04274	cpd:C00002
rn:R04275	cpd:C00002
rn:R04358	cpd:C00002
rn:R04369	cpd:C00002
rn:R04385	cpd:C00002
rn:R04388	cpd:C00002
rn:R04391	cpd:C00002
rn:R04401	cpd:C00002
rn:R04403	cpd:C00002
rn:R04448	cpd:C00002
rn:R04449	cpd:C00002
rn:R04463	cpd:C00002
rn:R04504	cpd:C00002
rn:R04507	cpd:C00002
rn:R04509	cpd:C00002
rn:R04545	cpd:C00002
rn:R04555	cpd:C00002
rn:R04562	cpd:C00002
rn:R04563	cpd:C00002
rn:R04573	cpd:C00002
rn:R04580	cpd:C00002
rn:R04582	cpd:C00002
rn:R04589	cpd:C00002
rn:R04591	cpd:C00002
rn:R04604	cpd:C00002
rn:R04617	cpd:C00002
rn:R04657	cpd:C00002
rn:R04730	cpd:C00002
rn:R04771	cpd:C00002
rn:R04773	cpd:C00002
rn:R04779	cpd:C00002
rn:R04870	cpd:C00002
rn:R04928	cpd:C00002
rn:R04929	cpd:C00002
rn:R05030	cpd:C00002
rn:R05185	cpd:C00002
rn:R05186	cpd:C00002
rn:R05193	cpd:C00002
rn:R05197	cpd:C00002
rn:R05202	cpd:C00002
rn:R05220	cpd:C00002
rn:R05221	cpd:C00002
rn:R05224	cpd:C00002
rn:R05225	cpd:C00002
rn:R05227	cpd:C00002
rn:R05451	cpd:C00002
rn:R05452	cpd:C00002
rn:R05453	cpd:C00002
rn:R05467	cpd:C00002
rn:R05496	cpd:C00002
rn:R05537	cpd:C00002
rn:R05577	cpd:C00002
rn:R05578	cpd:C00002
rn:R05620	cpd:C00002
rn:R05625	cpd:C00002
rn:R05626	cpd:C00002
rn:R05634	cpd:C00002
rn:R05644	cpd:C00002
rn:R05646	cpd:C00002
rn:R05661	cpd:C00002
rn:R05668	cpd:C00002
rn:R05735	cpd:C00002
rn:R05744	cpd:C00002
rn:R05795	cpd:C00002
rn:R05799	cpd:C00002
rn:R05800	cpd:C00002
rn:R05801	cpd:C00002
rn:R05802	cpd:C00002
rn:R05803	cpd:C00002
rn:R05806	cpd:C00002
rn:R05815	cpd:C00002
rn:R06176	cpd:C00002
rn:R06282	cpd:C00002
rn:R06367	cpd:C00002
rn:R06368	cpd:C00002
rn:R06396	cpd:C00002
rn:R06409	cpd:C00002
rn:R06410	cpd:C00002
rn:R06515	cpd:C00002
rn:R06529	cpd:C00002
rn:R06531	cpd:C00002
rn:R06583	cpd:C00002
rn:R06588	cpd:C00002
rn:R06731	cpd:C00002
rn:R06746	cpd:C00002
rn:R06751	cpd:C00002
rn:R06777	cpd:C00002
rn:R06778	cpd:C00002
rn:R06836	cpd:C00002
rn:R06944	cpd:C00002
rn:R06974	cpd:C00002
rn:R06975	cpd:C00002
rn:R06976	cpd:C00002
rn:R07127	cpd:C00002
rn:R07268	cpd:C00002
rn:R07279	cpd:C00002
rn:R07302	cpd:C00002
rn:R07325	cpd:C00002
rn:R07404	cpd:C00002
rn:R07414	cpd:C00002
rn:R07416	cpd:C00002
rn:R07459	cpd:C00002
rn:R07640	cpd:C00002
rn:R07641	cpd:C00002
rn:R07642	cpd:C00002
rn:R07643	cpd:C00002
rn:R07644	cpd:C00002
rn:R07646	cpd:C00002
rn:R07770	cpd:C00002
rn:R07828	cpd:C00002
rn:R07887	cpd:C00002
rn:R08051	cpd:C00002
rn:R08088	cpd:C00002
rn:R08117	cpd:C00002
rn:R08124	cpd:C00002
rn:R08154	cpd:C00002
rn:R08201	cpd:C00002
rn:R08217	cpd:C00002
rn:R08218	cpd:C00002
rn:R08223	cpd:C00002
rn:R08232	cpd:C00002
rn:R08233	cpd:C00002
rn:R08241	cpd:C00002
rn:R08242	cpd:C00002
rn:R08244	cpd:C00002
rn:R08323	cpd:C00002
rn:R08352	cpd:C00002
rn:R08353	cpd:C00002
rn:R08354	cpd:C00002
rn:R08355	cpd:C00002
rn:R08480	cpd:C00002
rn:R08572	cpd:C00002
rn:R08576	cpd:C00002
rn:R08578	cpd:C00002
rn:R08700	cpd:C00002
rn:R08733	cpd:C00002
rn:R08738	cpd:C00002
rn:R08743	cpd:C00002
rn:R08844	cpd:C00002
rn:R08855	cpd:C00002
rn:R08872	cpd:C00002
rn:R08905	cpd:C00002
rn:R08906	cpd:C00002
rn:R08924	cpd:C00002
rn:R08962	cpd:C00002
rn:R08964	cpd:C00002
rn:R08967	cpd:C00002
rn:R08968	cpd:C00002
rn:R09047	cpd:C00002
rn:R09053	cpd:C00002
rn:R09060	cpd:C00002
rn:R09087	cpd:C00002
rn:R09195	cpd:C00002
rn:R09279	cpd:C00002
rn:R09286	cpd:C00002
rn:R09378	cpd:C00002
rn:R09379	cpd:C00002
rn:R09382	cpd:C00002
rn:R09386	cpd:C00002
rn:R09401	cpd:C00002
rn:R09475	cpd:C00002
rn:R09588	cpd:C00002
rn:R09589	cpd:C00002
rn:R09590	cpd:C00002
rn:R09591	cpd:C00002
rn:R09592	cpd:C00002
rn:R09593	cpd:C00002
rn:R09594	cpd:C00002
rn:R09595	cpd:C00002
rn:R09596	cpd:C00002
rn:R09597	cpd:C00002
rn:R09598	cpd:C00002
rn:R09599	cpd:C00002
rn:R09640	cpd:C00002
rn:R09675	cpd:C00002
rn:R09726	cpd:C00002
rn:R09729	cpd:C00002
rn:R09767	cpd:C00002
rn:R09770	cpd:C00002
rn:R09775	cpd:C00002
rn:R09776	cpd:C00002
rn:R09879	cpd:C00002
rn:R09880	cpd:C00002
rn:R09945	cpd:C00002
rn:R09946	cpd:C00002
rn:R09978	cpd:C00002
rn:R10003	cpd:C00002
rn:R10011	cpd:C00002
rn:R10065	cpd:C00002
rn:R10090	cpd:C00002
rn:R10091	cpd:C00002
rn:R10093	cpd:C00002
rn:R10185	cpd:C00002
rn:R10288	cpd:C00002
rn:R10342	cpd:C00002
rn:R10453	cpd:C00002
rn:R10462	cpd:C00002
rn:R10463	cpd:C00002
rn:R10470	cpd:C00002
rn:R10495	cpd:C00002
rn:R10496	cpd:C00002
rn:R10531	cpd:C00002
rn:R10541	cpd:C00002
rn:R10548	cpd:C00002
rn:R10556	cpd:C00002
rn:R10561	cpd:C00002
rn:R10657	cpd:C00002
rn:R10661	cpd:C00002
rn:R10677	cpd:C00002
rn:R10678	cpd:C00002
rn:R10679	cpd:C00002
rn:R10693	cpd:C00002
rn:R10758	cpd:C00002
rn:R10767	cpd:C00002
rn:R10768	cpd:C00002
rn:R10769	cpd:C00002
rn:R10770	cpd:C00002
rn:R10771	cpd:C00002
rn:R10772	cpd:C00002
rn:R10779	cpd:C00002
rn:R10780	cpd:C00002
rn:R10820	cpd:C00002
rn:R10821	cpd:C00002
rn:R10880	cpd:C00002
rn:R10892	cpd:C00002
rn:R10901	cpd:C00002
rn:R10902	cpd:C00002
rn:R10909	cpd:C00002
rn:R10910	cpd:C00002
rn:R10929	cpd:C00002
rn:R10930	cpd:C00002
rn:R10940	cpd:C00002
rn:R10941	cpd:C00002
rn:R10942	cpd:C00002
rn:R10943	cpd:C00002
rn:R10944	cpd:C00002
rn:R10948	cpd:C00002
rn:R10951	cpd:C00002
rn:R10953	cpd:C00002
rn:R10970	cpd:C00002
rn:R10993	cpd:C00002
rn:R10994	cpd:C00002
rn:R11024	cpd:C00002
rn:R11039	cpd:C00002
rn:R11064	cpd:C00002
rn:R11084	cpd:C00002
rn:R11085	cpd:C00002
rn:R11090	cpd:C00002
rn:R11143	cpd:C00002
rn:R11183	cpd:C00002
rn:R11184	cpd:C00002
rn:R11185	cpd:C00002
rn:R11207	cpd:C00002
rn:R11234	cpd:C00002
rn:R11279	cpd:C00002
rn:R11367	cpd:C00002
rn:R11370	cpd:C00002
rn:R11392	cpd:C00002
rn:R11400	cpd:C00002
rn:R11406	cpd:C00002
rn:R11460	cpd:C00002
rn:R11461	cpd:C00002
rn:R11515	cpd:C00002
rn:R11531	cpd:C00002
rn:R11536	cpd:C00002
rn:R11537	cpd:C00002
rn:R11538	cpd:C00002
rn:R11553	cpd:C00002
rn:R11554	cpd:C00002
rn:R11608	cpd:C00002
rn:R11627	cpd:C00002
rn:R11628	cpd:C00002
rn:R11629	cpd:C00002
rn:R11632	cpd:C00002
rn:R11634	cpd:C00002
rn:R11662	cpd:C00002
rn:R11673	cpd:C00002
rn:R11679	cpd:C00002
rn:R11706	cpd:C00002
rn:R11707	cpd:C00002
rn:R11723	cpd:C00002
rn:R11775	cpd:C00002
rn:R11784	cpd:C00002
rn:R11803	cpd:C00002
rn:R11872	cpd:C00002
rn:R11891	cpd:C00002
rn:R11892	cpd:C00002
rn:R11894	cpd:C00002
rn:R11895	cpd:C00002
rn:R11922	cpd:C00002
rn:R11924	cpd:C00002
rn:R11926	cpd:C00002
rn:R11933	cpd:C00002
rn:R11941	cpd:C00002
rn:R11950	cpd:C00002
rn:R11964	cpd:C00002
rn:R12056	cpd:C00002
rn:R12059	cpd:C00002
rn:R12062	cpd:C00002
rn:R12063	cpd:C00002
rn:R12066	cpd:C00002
rn:R12084	cpd:C00002
rn:R12099	cpd:C00002
rn:R12148	cpd:C00002
rn:R12183	cpd:C00002
rn:R12184	cpd:C00002
rn:R12235	cpd:C00002
rn:R12245	cpd:C00002
rn:R12246	cpd:C00002
rn:R12271	cpd:C00002
rn:R12272	cpd:C00002
rn:R12293	cpd:C00002
rn:R12300	cpd:C00002
rn:R12308	cpd:C00002
rn:R12311	cpd:C00002
rn:R12312	cpd:C00002
rn:R12330	cpd:C00002
rn:R12344	cpd:C00002
rn:R12352	cpd:C00002
rn:R12353	cpd:C00002
rn:R12354	cpd:C00002
rn:R12393	cpd:C00002
rn:R12395	cpd:C00002
rn:R12396	cpd:C00002
rn:R12398	cpd:C00002
rn:R12417	cpd:C00002
rn:R12419	cpd:C00002
rn:R12429	cpd:C00002
rn:R12433	cpd:C00002
rn:R12434	cpd:C00002
rn:R12449	cpd:C00002
rn:R12485	cpd:C00002
rn:R12494	cpd:C00002
rn:R12495	cpd:C00002
rn:R12530	cpd:C00002
rn:R12572	cpd:C00002
rn:R12573	cpd:C00002
rn:R12575	cpd:C00002
rn:R12576	cpd:C00002
rn:R12590	cpd:C00002
rn:R12596	cpd:C00002
rn:R12598	cpd:C00002
rn:R12599	cpd:C00002
rn:R12616	cpd:C00002
rn:R12640	cpd:C00002
rn:R12642	cpd:C00002
rn:R12695	cpd:C00002
rn:R12721	cpd:C00002
rn:R12723	cpd:C00002
rn:R12725	cpd:C00002
rn:R12727	cpd:C00002
rn:R12728	cpd:C00002
rn:R12730	cpd:C00002
rn:R12746	cpd:C00002
rn:R12755	cpd:C00002
rn:R12765	cpd:C00002
rn:R12767	cpd:C00002
rn:R12772	cpd:C00002
rn:R12774	cpd:C00002
rn:R12777	cpd:C00002
rn:R12779	cpd:C00002
rn:R12781	cpd:C00002
rn:R12782	cpd:C00002
rn:R12784	cpd:C00002
rn:R12786	cpd:C00002
rn:R12789	cpd:C00002
rn:R12792	cpd:C00002
rn:R12793	cpd:C00002
rn:R12805	cpd:C00002
rn:R12812	cpd:C00002
rn:R12824	cpd:C00002
rn:R12852	cpd:C00002
rn:R12853	cpd:C00002
rn:R12863	cpd:C00002
rn:R12867	cpd:C00002
rn:R12871	cpd:C00002
rn:R12873	cpd:C00002
rn:R12875	cpd:C00002
rn:R12897	cpd:C00002
rn:R12904	cpd:C00002
rn:R12934	cpd:C00002
rn:R12940	cpd:C00002
rn:R12943	cpd:C00002
rn:R12945	cpd:C00002
rn:R12951	cpd:C00002
rn:R12968	cpd:C00002
rn:R12980	cpd:C00002
rn:R13030	cpd:C00002
rn:R13089	cpd:C00002
rn:R13188	cpd:C00002
rn:R13189	cpd:C00002
rn:R13202	cpd:C00002
rn:R13203	cpd:C00002
rn:R13205	cpd:C00002
rn:R13206	cpd:C00002
rn:R13207	cpd:C00002
rn:R13208	cpd:C00002
rn:R13209	cpd:C00002
rn:R13210	cpd:C00002
rn:R13211	cpd:C00002
rn:R13222	cpd:C00002
rn:R13241	cpd:C00002
rn:R13256	cpd:C00002
rn:R13274	cpd:C00002
rn:R13315	cpd:C00002
rn:R13316	cpd:C00002
rn:R13317	cpd:C00002
rn:R13318	cpd:C00002
rn:R13319	cpd:C00002
rn:R13320	cpd:C00002
rn:R13353	cpd:C00002
rn:R13355	cpd:C00002
rn:R13401	cpd:C00002
rn:R13453	cpd:C00002
rn:R13461	cpd:C00002
rn:R13489	cpd:C00002
rn:R13496	cpd:C00002
rn:R13497	cpd:C00002
rn:R13505	cpd:C00002
rn:R13506	cpd:C00002
rn:R13507	cpd:C00002
rn:R13509	cpd:C00002
rn:R13510	cpd:C00002
rn:R13511	cpd:C00002
rn:R13520	cpd:C00002
rn:R13526	cpd:C00002
rn:R13527	cpd:C00002
rn:R13527	cpd:C00002
rn:R13528	cpd:C00002
rn:R13528	cpd:C00002
rn:R13530	cpd:C00002
rn:R13532	cpd:C00002
rn:R13534	cpd:C00002
rn:R13535	cpd:C00002
rn:R13566	cpd:C00002
rn:R13572	cpd:C00002
rn:R13576	cpd:C00002
rn:R13578	cpd:C00002
rn:R13579	cpd:C00002
rn:R13580	cpd:C00002
rn:R13581	cpd:C00002
rn:R13582	cpd:C00002
rn:R13583	cpd:C00002
rn:R13584	cpd:C00002
rn:R13585	cpd:C00002
rn:R13587	cpd:C00002
rn:R13591	cpd:C00002
rn:R13592	cpd:C00002
rn:R13595	cpd:C00002
rn:R13596	cpd:C00002
rn:R13601	cpd:C00002
rn:R13602	cpd:C00002
rn:R13603	cpd:C00002
rn:R13610	cpd:C00002
rn:R13626	cpd:C00002
rn:R13637	cpd:C00002
rn:R00023	cpd:C00003
rn:R00090	cpd:C00003
rn:R00091	cpd:C00003
rn:R00092	cpd:C00003
rn:R00093	cpd:C00003
rn:R00094	cpd:C00003
rn:R00095	cpd:C00003
rn:R00100	cpd:C00003
rn:R00101	cpd:C00003
rn:R00102	cpd:C00003
rn:R00103	cpd:C00003
rn:R00104	cpd:C00003
rn:R00112	cpd:C00003
rn:R00118	cpd:C00003
rn:R00137	cpd:C00003
rn:R00143	cpd:C00003
rn:R00145	cpd:C00003
rn:R00189	cpd:C00003
rn:R00203	cpd:C00003
rn:R00209	cpd:C00003
rn:R00214	cpd:C00003
rn:R00215	cpd:C00003
rn:R00228	cpd:C00003
rn:R00243	cpd:C00003
rn:R00245	cpd:C00003
rn:R00257	cpd:C00003
rn:R00286	cpd:C00003
rn:R00295	cpd:C00003
rn:R00300	cpd:C00003
rn:R00342	cpd:C00003
rn:R00365	cpd:C00003
rn:R00368	cpd:C00003
rn:R00382	cpd:C00003
rn:R00384	cpd:C00003
rn:R00396	cpd:C00003
rn:R00398	cpd:C00003
rn:R00402	cpd:C00003
rn:R00421	cpd:C00003
rn:R00445	cpd:C00003
rn:R00446	cpd:C00003
rn:R00501	cpd:C00003
rn:R00519	cpd:C00003
rn:R00538	cpd:C00003
rn:R00555	cpd:C00003
rn:R00562	cpd:C00003
rn:R00581	cpd:C00003
rn:R00604	cpd:C00003
rn:R00605	cpd:C00003
rn:R00623	cpd:C00003
rn:R00624	cpd:C00003
rn:R00631	cpd:C00003
rn:R00675	cpd:C00003
rn:R00688	cpd:C00003
rn:R00700	cpd:C00003
rn:R00703	cpd:C00003
rn:R00704	cpd:C00003
rn:R00705	cpd:C00003
rn:R00707	cpd:C00003
rn:R00709	cpd:C00003
rn:R00710	cpd:C00003
rn:R00713	cpd:C00003
rn:R00715	cpd:C00003
rn:R00717	cpd:C00003
rn:R00732	cpd:C00003
rn:R00754	cpd:C00003
rn:R00758	cpd:C00003
rn:R00787	cpd:C00003
rn:R00794	cpd:C00003
rn:R00812	cpd:C00003
rn:R00813	cpd:C00003
rn:R00818	cpd:C00003
rn:R00823	cpd:C00003
rn:R00842	cpd:C00003
rn:R00861	cpd:C00003
rn:R00868	cpd:C00003
rn:R00875	cpd:C00003
rn:R00880	cpd:C00003
rn:R00892	cpd:C00003
rn:R00904	cpd:C00003
rn:R00906	cpd:C00003
rn:R00922	cpd:C00003
rn:R00935	cpd:C00003
rn:R00936	cpd:C00003
rn:R00937	cpd:C00003
rn:R00977	cpd:C00003
rn:R00994	cpd:C00003
rn:R01000	cpd:C00003
rn:R01033	cpd:C00003
rn:R01034	cpd:C00003
rn:R01036	cpd:C00003
rn:R01061	cpd:C00003
rn:R01088	cpd:C00003
rn:R01093	cpd:C00003
rn:R01094	cpd:C00003
rn:R01130	cpd:C00003
rn:R01142	cpd:C00003
rn:R01158	cpd:C00003
rn:R01163	cpd:C00003
rn:R01171	cpd:C00003
rn:R01172	cpd:C00003
rn:R01183	cpd:C00003
rn:R01202	cpd:C00003
rn:R01210	cpd:C00003
rn:R01211	cpd:C00003
rn:R01218	cpd:C00003
rn:R01221	cpd:C00003
rn:R01246	cpd:C00003
rn:R01248	cpd:C00003
rn:R01258	cpd:C00003
rn:R01277	cpd:C00003
rn:R01293	cpd:C00003
rn:R01296	cpd:C00003
rn:R01297	cpd:C00003
rn:R01308	cpd:C00003
rn:R01333	cpd:C00003
rn:R01337	cpd:C00003
rn:R01361	cpd:C00003
rn:R01370	cpd:C00003
rn:R01388	cpd:C00003
rn:R01403	cpd:C00003
rn:R01414	cpd:C00003
rn:R01419	cpd:C00003
rn:R01426	cpd:C00003
rn:R01429	cpd:C00003
rn:R01434	cpd:C00003
rn:R01446	cpd:C00003
rn:R01451	cpd:C00003
rn:R01465	cpd:C00003
rn:R01486	cpd:C00003
rn:R01487	cpd:C00003
rn:R01505	cpd:C00003
rn:R01513	cpd:C00003
rn:R01520	cpd:C00003
rn:R01524	cpd:C00003
rn:R01542	cpd:C00003
rn:R01574	cpd:C00003
rn:R01604	cpd:C00003
rn:R01608	cpd:C00003
rn:R01629	cpd:C00003
rn:R01633	cpd:C00003
rn:R01636	cpd:C00003
rn:R01644	cpd:C00003
rn:R01651	cpd:C00003
rn:R01683	cpd:C00003
rn:R01689	cpd:C00003
rn:R01698	cpd:C00003
rn:R01704	cpd:C00003
rn:R01707	cpd:C00003
rn:R01728	cpd:C00003
rn:R01735	cpd:C00003
rn:R01738	cpd:C00003
rn:R01745	cpd:C00003
rn:R01749	cpd:C00003
rn:R01752	cpd:C00003
rn:R01757	cpd:C00003
rn:R01758	cpd:C00003
rn:R01763	cpd:C00003
rn:R01768	cpd:C00003
rn:R01773	cpd:C00003
rn:R01778	cpd:C00003
rn:R01781	cpd:C00003
rn:R01793	cpd:C00003
rn:R01825	cpd:C00003
rn:R01836	cpd:C00003
rn:R01837	cpd:C00003
rn:R01869	cpd:C00003
rn:R01872	cpd:C00003
rn:R01895	cpd:C00003
rn:R01896	cpd:C00003
rn:R01903	cpd:C00003
rn:R01921	cpd:C00003
rn:R01932	cpd:C00003
rn:R01933	cpd:C00003
rn:R01934	cpd:C00003
rn:R01937	cpd:C00003
rn:R01975	cpd:C00003
rn:R01981	cpd:C00003
rn:R01998	cpd:C00003
rn:R02000	cpd:C00003
rn:R02032	cpd:C00003
rn:R02039	cpd:C00003
rn:R02047	cpd:C00003
rn:R02081	cpd:C00003
rn:R02103	cpd:C00003
rn:R02123	cpd:C00003
rn:R02124	cpd:C00003
rn:R02163	cpd:C00003
rn:R02196	cpd:C00003
rn:R02201	cpd:C00003
rn:R02207	cpd:C00003
rn:R02216	cpd:C00003
rn:R02229	cpd:C00003
rn:R02235	cpd:C00003
rn:R02246	cpd:C00003
rn:R02252	cpd:C00003
rn:R02257	cpd:C00003
rn:R02258	cpd:C00003
rn:R02313	cpd:C00003
rn:R02343	cpd:C00003
rn:R02344	cpd:C00003
rn:R02347	cpd:C00003
rn:R02352	cpd:C00003
rn:R02354	cpd:C00003
rn:R02377	cpd:C00003
rn:R02383	cpd:C00003
rn:R02391	cpd:C00003
rn:R02395	cpd:C00003
rn:R02401	cpd:C00003
rn:R02434	cpd:C00003
rn:R02441	cpd:C00003
rn:R02450	cpd:C00003
rn:R02454	cpd:C00003
rn:R02455	cpd:C00003
rn:R02462	cpd:C00003
rn:R02471	cpd:C00003
rn:R02476	cpd:C00003
rn:R02492	cpd:C00003
rn:R02499	cpd:C00003
rn:R02514	cpd:C00003
rn:R02515	cpd:C00003
rn:R02527	cpd:C00003
rn:R02531	cpd:C00003
rn:R02536	cpd:C00003
rn:R02544	cpd:C00003
rn:R02545	cpd:C00003
rn:R02549	cpd:C00003
rn:R02553	cpd:C00003
rn:R02555	cpd:C00003
rn:R02561	cpd:C00003
rn:R02565	cpd:C00003
rn:R02580	cpd:C00003
rn:R02589	cpd:C00003
rn:R02611	cpd:C00003
rn:R02618	cpd:C00003
rn:R02637	cpd:C00003
rn:R02640	cpd:C00003
rn:R02651	cpd:C00003
rn:R02655	cpd:C00003
rn:R02678	cpd:C00003
rn:R02679	cpd:C00003
rn:R02683	cpd:C00003
rn:R02695	cpd:C00003
rn:R02698	cpd:C00003
rn:R02703	cpd:C00003
rn:R02762	cpd:C00003
rn:R02766	cpd:C00003
rn:R02792	cpd:C00003
rn:R02819	cpd:C00003
rn:R02823	cpd:C00003
rn:R02830	cpd:C00003
rn:R02834	cpd:C00003
rn:R02840	cpd:C00003
rn:R02847	cpd:C00003
rn:R02855	cpd:C00003
rn:R02878	cpd:C00003
rn:R02896	cpd:C00003
rn:R02928	cpd:C00003
rn:R02935	cpd:C00003
rn:R02940	cpd:C00003
rn:R02941	cpd:C00003
rn:R02944	cpd:C00003
rn:R02945	cpd:C00003
rn:R02946	cpd:C00003
rn:R02957	cpd:C00003
rn:R02964	cpd:C00003
rn:R02968	cpd:C00003
rn:R02969	cpd:C00003
rn:R02988	cpd:C00003
rn:R02994	cpd:C00003
rn:R03012	cpd:C00003
rn:R03021	cpd:C00003
rn:R03022	cpd:C00003
rn:R03023	cpd:C00003
rn:R03043	cpd:C00003
rn:R03048	cpd:C00003
rn:R03080	cpd:C00003
rn:R03082	cpd:C00003
rn:R03088	cpd:C00003
rn:R03102	cpd:C00003
rn:R03104	cpd:C00003
rn:R03119	cpd:C00003
rn:R03171	cpd:C00003
rn:R03176	cpd:C00003
rn:R03177	cpd:C00003
rn:R03191	cpd:C00003
rn:R03198	cpd:C00003
rn:R03226	cpd:C00003
rn:R03251	cpd:C00003
rn:R03261	cpd:C00003
rn:R03278	cpd:C00003
rn:R03279	cpd:C00003
rn:R03283	cpd:C00003
rn:R03291	cpd:C00003
rn:R03299	cpd:C00003
rn:R03300	cpd:C00003
rn:R03306	cpd:C00003
rn:R03317	cpd:C00003
rn:R03327	cpd:C00003
rn:R03337	cpd:C00003
rn:R03349	cpd:C00003
rn:R03369	cpd:C00003
rn:R03373	cpd:C00003
rn:R03381	cpd:C00003
rn:R03385	cpd:C00003
rn:R03391	cpd:C00003
rn:R03396	cpd:C00003
rn:R03397	cpd:C00003
rn:R03406	cpd:C00003
rn:R03431	cpd:C00003
rn:R03439	cpd:C00003
rn:R03447	cpd:C00003
rn:R03475	cpd:C00003
rn:R03476	cpd:C00003
rn:R03497	cpd:C00003
rn:R03506	cpd:C00003
rn:R03543	cpd:C00003
rn:R03544	cpd:C00003
rn:R03559	cpd:C00003
rn:R03560	cpd:C00003
rn:R03577	cpd:C00003
rn:R03582	cpd:C00003
rn:R03584	cpd:C00003
rn:R03591	cpd:C00003
rn:R03608	cpd:C00003
rn:R03614	cpd:C00003
rn:R03630	cpd:C00003
rn:R03637	cpd:C00003
rn:R03643	cpd:C00003
rn:R03707	cpd:C00003
rn:R03709	cpd:C00003
rn:R03732	cpd:C00003
rn:R03733	cpd:C00003
rn:R03745	cpd:C00003
rn:R03759	cpd:C00003
rn:R03761	cpd:C00003
rn:R03763	cpd:C00003
rn:R03787	cpd:C00003
rn:R03790	cpd:C00003
rn:R03792	cpd:C00003
rn:R03815	cpd:C00003
rn:R03816	cpd:C00003
rn:R03826	cpd:C00003
rn:R03847	cpd:C00003
rn:R03863	cpd:C00003
rn:R03869	cpd:C00003
rn:R03882	cpd:C00003
rn:R03886	cpd:C00003
rn:R03889	cpd:C00003
rn:R03913	cpd:C00003
rn:R03942	cpd:C00003
rn:R03945	cpd:C00003
rn:R03947	cpd:C00003
rn:R03963	cpd:C00003
rn:R03964	cpd:C00003
rn:R03998	cpd:C00003
rn:R04046	cpd:C00003
rn:R04049	cpd:C00003
rn:R04065	cpd:C00003
rn:R04066	cpd:C00003
rn:R04074	cpd:C00003
rn:R04088	cpd:C00003
rn:R04115	cpd:C00003
rn:R04123	cpd:C00003
rn:R04130	cpd:C00003
rn:R04139	cpd:C00003
rn:R04142	cpd:C00003
rn:R04151	cpd:C00003
rn:R04163	cpd:C00003
rn:R04176	cpd:C00003
rn:R04185	cpd:C00003
rn:R04198	cpd:C00003
rn:R04200	cpd:C00003
rn:R04203	cpd:C00003
rn:R04210	cpd:C00003
rn:R04228	cpd:C00003
rn:R04236	cpd:C00003
rn:R04251	cpd:C00003
rn:R04263	cpd:C00003
rn:R04278	cpd:C00003
rn:R04304	cpd:C00003
rn:R04307	cpd:C00003
rn:R04309	cpd:C00003
rn:R04330	cpd:C00003
rn:R04339	cpd:C00003
rn:R04375	cpd:C00003
rn:R04412	cpd:C00003
rn:R04418	cpd:C00003
rn:R04426	cpd:C00003
rn:R04429	cpd:C00003
rn:R04444	cpd:C00003
rn:R04483	cpd:C00003
rn:R04506	cpd:C00003
rn:R04517	cpd:C00003
rn:R04524	cpd:C00003
rn:R04556	cpd:C00003
rn:R04598	cpd:C00003
rn:R04600	cpd:C00003
rn:R04678	cpd:C00003
rn:R04681	cpd:C00003
rn:R04687	cpd:C00003
rn:R04724	cpd:C00003
rn:R04737	cpd:C00003
rn:R04739	cpd:C00003
rn:R04741	cpd:C00003
rn:R04743	cpd:C00003
rn:R04745	cpd:C00003
rn:R04748	cpd:C00003
rn:R04805	cpd:C00003
rn:R04810	cpd:C00003
rn:R04812	cpd:C00003
rn:R04818	cpd:C00003
rn:R04824	cpd:C00003
rn:R04829	cpd:C00003
rn:R04831	cpd:C00003
rn:R04832	cpd:C00003
rn:R04834	cpd:C00003
rn:R04835	cpd:C00003
rn:R04837	cpd:C00003
rn:R04842	cpd:C00003
rn:R04844	cpd:C00003
rn:R04845	cpd:C00003
rn:R04847	cpd:C00003
rn:R04849	cpd:C00003
rn:R04862	cpd:C00003
rn:R04876	cpd:C00003
rn:R04880	cpd:C00003
rn:R04882	cpd:C00003
rn:R04888	cpd:C00003
rn:R04891	cpd:C00003
rn:R04903	cpd:C00003
rn:R04916	cpd:C00003
rn:R04955	cpd:C00003
rn:R04958	cpd:C00003
rn:R04961	cpd:C00003
rn:R04966	cpd:C00003
rn:R04969	cpd:C00003
rn:R04996	cpd:C00003
rn:R05049	cpd:C00003
rn:R05050	cpd:C00003
rn:R05051	cpd:C00003
rn:R05066	cpd:C00003
rn:R05084	cpd:C00003
rn:R05119	cpd:C00003
rn:R05148	cpd:C00003
rn:R05154	cpd:C00003
rn:R05156	cpd:C00003
rn:R05157	cpd:C00003
rn:R05158	cpd:C00003
rn:R05217	cpd:C00003
rn:R05232	cpd:C00003
rn:R05233	cpd:C00003
rn:R05234	cpd:C00003
rn:R05235	cpd:C00003
rn:R05236	cpd:C00003
rn:R05239	cpd:C00003
rn:R05240	cpd:C00003
rn:R05241	cpd:C00003
rn:R05243	cpd:C00003
rn:R05247	cpd:C00003
rn:R05261	cpd:C00003
rn:R05263	cpd:C00003
rn:R05271	cpd:C00003
rn:R05272	cpd:C00003
rn:R05273	cpd:C00003
rn:R05274	cpd:C00003
rn:R05275	cpd:C00003
rn:R05281	cpd:C00003
rn:R05282	cpd:C00003
rn:R05283	cpd:C00003
rn:R05286	cpd:C00003
rn:R05290	cpd:C00003
rn:R05292	cpd:C00003
rn:R05294	cpd:C00003
rn:R05305	cpd:C00003
rn:R05307	cpd:C00003
rn:R05309	cpd:C00003
rn:R05310	cpd:C00003
rn:R05311	cpd:C00003
rn:R05312	cpd:C00003
rn:R05313	cpd:C00003
rn:R05314	cpd:C00003
rn:R05315	cpd:C00003
rn:R05321	cpd:C00003
rn:R05322	cpd:C00003
rn:R05347	cpd:C00003
rn:R05348	cpd:C00003
rn:R05349	cpd:C00003
rn:R05351	cpd:C00003
rn:R05352	cpd:C00003
rn:R05353	cpd:C00003
rn:R05354	cpd:C00003
rn:R05355	cpd:C00003
rn:R05395	cpd:C00003
rn:R05397	cpd:C00003
rn:R05399	cpd:C00003
rn:R05414	cpd:C00003
rn:R05417	cpd:C00003
rn:R05418	cpd:C00003
rn:R05422	cpd:C00003
rn:R05423	cpd:C00003
rn:R05425	cpd:C00003
rn:R05426	cpd:C00003
rn:R05428	cpd:C00003
rn:R05429	cpd:C00003
rn:R05430	cpd:C00003
rn:R05431	cpd:C00003
rn:R05434	cpd:C00003
rn:R05435	cpd:C00003
rn:R05437	cpd:C00003
rn:R05439	cpd:C00003
rn:R05440	cpd:C00003
rn:R05444	cpd:C00003
rn:R05448	cpd:C00003
rn:R05450	cpd:C00003
rn:R05475	cpd:C00003
rn:R05515	cpd:C00003
rn:R05537	cpd:C00003
rn:R05571	cpd:C00003
rn:R05575	cpd:C00003
rn:R05581	cpd:C00003
rn:R05582	cpd:C00003
rn:R05604	cpd:C00003
rn:R05607	cpd:C00003
rn:R05621	cpd:C00003
rn:R05632	cpd:C00003
rn:R05643	cpd:C00003
rn:R05649	cpd:C00003
rn:R05653	cpd:C00003
rn:R05654	cpd:C00003
rn:R05655	cpd:C00003
rn:R05665	cpd:C00003
rn:R05666	cpd:C00003
rn:R05668	cpd:C00003
rn:R05678	cpd:C00003
rn:R05679	cpd:C00003
rn:R05681	cpd:C00003
rn:R05683	cpd:C00003
rn:R05685	cpd:C00003
rn:R05689	cpd:C00003
rn:R05690	cpd:C00003
rn:R05693	cpd:C00003
rn:R05699	cpd:C00003
rn:R05700	cpd:C00003
rn:R05705	cpd:C00003
rn:R05715	cpd:C00003
rn:R05724	cpd:C00003
rn:R05729	cpd:C00003
rn:R05730	cpd:C00003
rn:R05746	cpd:C00003
rn:R05812	cpd:C00003
rn:R05831	cpd:C00003
rn:R05837	cpd:C00003
rn:R05843	cpd:C00003
rn:R05875	cpd:C00003
rn:R06117	cpd:C00003
rn:R06180	cpd:C00003
rn:R06289	cpd:C00003
rn:R06357	cpd:C00003
rn:R06366	cpd:C00003
rn:R06376	cpd:C00003
rn:R06377	cpd:C00003
rn:R06378	cpd:C00003
rn:R06379	cpd:C00003
rn:R06382	cpd:C00003
rn:R06383	cpd:C00003
rn:R06384	cpd:C00003
rn:R06385	cpd:C00003
rn:R06398	cpd:C00003
rn:R06399	cpd:C00003
rn:R06406	cpd:C00003
rn:R06407	cpd:C00003
rn:R06408	cpd:C00003
rn:R06413	cpd:C00003
rn:R06438	cpd:C00003
rn:R06594	cpd:C00003
rn:R06621	cpd:C00003
rn:R06782	cpd:C00003
rn:R06783	cpd:C00003
rn:R06784	cpd:C00003
rn:R06785	cpd:C00003
rn:R06786	cpd:C00003
rn:R06787	cpd:C00003
rn:R06831	cpd:C00003
rn:R06832	cpd:C00003
rn:R06847	cpd:C00003
rn:R06848	cpd:C00003
rn:R06856	cpd:C00003
rn:R06857	cpd:C00003
rn:R06883	cpd:C00003
rn:R06884	cpd:C00003
rn:R06888	cpd:C00003
rn:R06891	cpd:C00003
rn:R06894	cpd:C00003
rn:R06909	cpd:C00003
rn:R06910	cpd:C00003
rn:R06914	cpd:C00003
rn:R06915	cpd:C00003
rn:R06916	cpd:C00003
rn:R06917	cpd:C00003
rn:R06918	cpd:C00003
rn:R06919	cpd:C00003
rn:R06926	cpd:C00003
rn:R06927	cpd:C00003
rn:R06928	cpd:C00003
rn:R06930	cpd:C00003
rn:R06931	cpd:C00003
rn:R06935	cpd:C00003
rn:R06936	cpd:C00003
rn:R06937	cpd:C00003
rn:R06939	cpd:C00003
rn:R06941	cpd:C00003
rn:R06945	cpd:C00003
rn:R06954	cpd:C00003
rn:R06980	cpd:C00003
rn:R06983	cpd:C00003
rn:R07058	cpd:C00003
rn:R07104	cpd:C00003
rn:R07105	cpd:C00003
rn:R07133	cpd:C00003
rn:R07134	cpd:C00003
rn:R07135	cpd:C00003
rn:R07136	cpd:C00003
rn:R07141	cpd:C00003
rn:R07145	cpd:C00003
rn:R07146	cpd:C00003
rn:R07148	cpd:C00003
rn:R07156	cpd:C00003
rn:R07164	cpd:C00003
rn:R07168	cpd:C00003
rn:R07171	cpd:C00003
rn:R07188	cpd:C00003
rn:R07194	cpd:C00003
rn:R07326	cpd:C00003
rn:R07345	cpd:C00003
rn:R07349	cpd:C00003
rn:R07351	cpd:C00003
rn:R07354	cpd:C00003
rn:R07358	cpd:C00003
rn:R07410	cpd:C00003
rn:R07417	cpd:C00003
rn:R07428	cpd:C00003
rn:R07441	cpd:C00003
rn:R07477	cpd:C00003
rn:R07478	cpd:C00003
rn:R07618	cpd:C00003
rn:R07658	cpd:C00003
rn:R07665	cpd:C00003
rn:R07667	cpd:C00003
rn:R07675	cpd:C00003
rn:R07703	cpd:C00003
rn:R07704	cpd:C00003
rn:R07705	cpd:C00003
rn:R07706	cpd:C00003
rn:R07709	cpd:C00003
rn:R07765	cpd:C00003
rn:R07781	cpd:C00003
rn:R07799	cpd:C00003
rn:R07890	cpd:C00003
rn:R07894	cpd:C00003
rn:R07898	cpd:C00003
rn:R07936	cpd:C00003
rn:R07952	cpd:C00003
rn:R07954	cpd:C00003
rn:R07955	cpd:C00003
rn:R07957	cpd:C00003
rn:R07959	cpd:C00003
rn:R07961	cpd:C00003
rn:R07963	cpd:C00003
rn:R07965	cpd:C00003
rn:R07967	cpd:C00003
rn:R07969	cpd:C00003
rn:R07971	cpd:C00003
rn:R07973	cpd:C00003
rn:R07975	cpd:C00003
rn:R07985	cpd:C00003
rn:R08017	cpd:C00003
rn:R08018	cpd:C00003
rn:R08042	cpd:C00003
rn:R08043	cpd:C00003
rn:R08044	cpd:C00003
rn:R08045	cpd:C00003
rn:R08046	cpd:C00003
rn:R08047	cpd:C00003
rn:R08086	cpd:C00003
rn:R08087	cpd:C00003
rn:R08094	cpd:C00003
rn:R08096	cpd:C00003
rn:R08100	cpd:C00003
rn:R08101	cpd:C00003
rn:R08103	cpd:C00003
rn:R08104	cpd:C00003
rn:R08105	cpd:C00003
rn:R08108	cpd:C00003
rn:R08109	cpd:C00003
rn:R08110	cpd:C00003
rn:R08111	cpd:C00003
rn:R08112	cpd:C00003
rn:R08113	cpd:C00003
rn:R08140	cpd:C00003
rn:R08141	cpd:C00003
rn:R08146	cpd:C00003
rn:R08198	cpd:C00003
rn:R08214	cpd:C00003
rn:R08215	cpd:C00003
rn:R08240	cpd:C00003
rn:R08281	cpd:C00003
rn:R08282	cpd:C00003
rn:R08306	cpd:C00003
rn:R08307	cpd:C00003
rn:R08310	cpd:C00003
rn:R08382	cpd:C00003
rn:R08385	cpd:C00003
rn:R08536	cpd:C00003
rn:R08544	cpd:C00003
rn:R08549	cpd:C00003
rn:R08550	cpd:C00003
rn:R08557	cpd:C00003
rn:R08569	cpd:C00003
rn:R08590	cpd:C00003
rn:R08621	cpd:C00003
rn:R08625	cpd:C00003
rn:R08629	cpd:C00003
rn:R08636	cpd:C00003
rn:R08642	cpd:C00003
rn:R08646	cpd:C00003
rn:R08709	cpd:C00003
rn:R08721	cpd:C00003
rn:R08723	cpd:C00003
rn:R08724	cpd:C00003
rn:R08728	cpd:C00003
rn:R08764	cpd:C00003
rn:R08767	cpd:C00003
rn:R08846	cpd:C00003
rn:R08892	cpd:C00003
rn:R08914	cpd:C00003
rn:R08916	cpd:C00003
rn:R08918	cpd:C00003
rn:R08919	cpd:C00003
rn:R08926	cpd:C00003
rn:R08945	cpd:C00003
rn:R09055	cpd:C00003
rn:R09069	cpd:C00003
rn:R09078	cpd:C00003
rn:R09097	cpd:C00003
rn:R09129	cpd:C00003
rn:R09130	cpd:C00003
rn:R09132	cpd:C00003
rn:R09137	cpd:C00003
rn:R09141	cpd:C00003
rn:R09148	cpd:C00003
rn:R09151	cpd:C00003
rn:R09152	cpd:C00003
rn:R09159	cpd:C00003
rn:R09160	cpd:C00003
rn:R09162	cpd:C00003
rn:R09165	cpd:C00003
rn:R09183	cpd:C00003
rn:R09201	cpd:C00003
rn:R09204	cpd:C00003
rn:R09209	cpd:C00003
rn:R09213	cpd:C00003
rn:R09219	cpd:C00003
rn:R09223	cpd:C00003
rn:R09224	cpd:C00003
rn:R09227	cpd:C00003
rn:R09228	cpd:C00003
rn:R09230	cpd:C00003
rn:R09231	cpd:C00003
rn:R09232	cpd:C00003
rn:R09233	cpd:C00003
rn:R09235	cpd:C00003
rn:R09236	cpd:C00003
rn:R09288	cpd:C00003
rn:R09312	cpd:C00003
rn:R09375	cpd:C00003
rn:R09385	cpd:C00003
rn:R09388	cpd:C00003
rn:R09447	cpd:C00003
rn:R09472	cpd:C00003
rn:R09477	cpd:C00003
rn:R09478	cpd:C00003
rn:R09484	cpd:C00003
rn:R09498	cpd:C00003
rn:R09508	cpd:C00003
rn:R09513	cpd:C00003
rn:R09514	cpd:C00003
rn:R09524	cpd:C00003
rn:R09544	cpd:C00003
rn:R09545	cpd:C00003
rn:R09561	cpd:C00003
rn:R09567	cpd:C00003
rn:R09586	cpd:C00003
rn:R09662	cpd:C00003
rn:R09748	cpd:C00003
rn:R09750	cpd:C00003
rn:R09783	cpd:C00003
rn:R09786	cpd:C00003
rn:R09805	cpd:C00003
rn:R09830	cpd:C00003
rn:R09920	cpd:C00003
rn:R09951	cpd:C00003
rn:R09953	cpd:C00003
rn:R09956	cpd:C00003
rn:R09957	cpd:C00003
rn:R09981	cpd:C00003
rn:R09984	cpd:C00003
rn:R09986	cpd:C00003
rn:R09988	cpd:C00003
rn:R10012	cpd:C00003
rn:R10020	cpd:C00003
rn:R10021	cpd:C00003
rn:R10042	cpd:C00003
rn:R10043	cpd:C00003
rn:R10048	cpd:C00003
rn:R10052	cpd:C00003
rn:R10054	cpd:C00003
rn:R10106	cpd:C00003
rn:R10107	cpd:C00003
rn:R10108	cpd:C00003
rn:R10113	cpd:C00003
rn:R10125	cpd:C00003
rn:R10126	cpd:C00003
rn:R10128	cpd:C00003
rn:R10129	cpd:C00003
rn:R10131	cpd:C00003
rn:R10140	cpd:C00003
rn:R10146	cpd:C00003
rn:R10156	cpd:C00003
rn:R10161	cpd:C00003
rn:R10163	cpd:C00003
rn:R10189	cpd:C00003
rn:R10190	cpd:C00003
rn:R10217	cpd:C00003
rn:R10218	cpd:C00003
rn:R10221	cpd:C00003
rn:R10222	cpd:C00003
rn:R10301	cpd:C00003
rn:R10308	cpd:C00003
rn:R10310	cpd:C00003
rn:R10311	cpd:C00003
rn:R10325	cpd:C00003
rn:R10332	cpd:C00003
rn:R10412	cpd:C00003
rn:R10419	cpd:C00003
rn:R10420	cpd:C00003
rn:R10422	cpd:C00003
rn:R10428	cpd:C00003
rn:R10459	cpd:C00003
rn:R10467	cpd:C00003
rn:R10502	cpd:C00003
rn:R10504	cpd:C00003
rn:R10505	cpd:C00003
rn:R10517	cpd:C00003
rn:R10519	cpd:C00003
rn:R10520	cpd:C00003
rn:R10565	cpd:C00003
rn:R10629	cpd:C00003
rn:R10633	cpd:C00003
rn:R10634	cpd:C00003
rn:R10635	cpd:C00003
rn:R10685	cpd:C00003
rn:R10690	cpd:C00003
rn:R10702	cpd:C00003
rn:R10703	cpd:C00003
rn:R10715	cpd:C00003
rn:R10717	cpd:C00003
rn:R10718	cpd:C00003
rn:R10719	cpd:C00003
rn:R10783	cpd:C00003
rn:R10785	cpd:C00003
rn:R10790	cpd:C00003
rn:R10798	cpd:C00003
rn:R10800	cpd:C00003
rn:R10841	cpd:C00003
rn:R10842	cpd:C00003
rn:R10848	cpd:C00003
rn:R10860	cpd:C00003
rn:R10861	cpd:C00003
rn:R10907	cpd:C00003
rn:R10916	cpd:C00003
rn:R10917	cpd:C00003
rn:R10918	cpd:C00003
rn:R10981	cpd:C00003
rn:R10985	cpd:C00003
rn:R10986	cpd:C00003
rn:R10995	cpd:C00003
rn:R11007	cpd:C00003
rn:R11026	cpd:C00003
rn:R11031	cpd:C00003
rn:R11035	cpd:C00003
rn:R11036	cpd:C00003
rn:R11056	cpd:C00003
rn:R11067	cpd:C00003
rn:R11091	cpd:C00003
rn:R11092	cpd:C00003
rn:R11093	cpd:C00003
rn:R11121	cpd:C00003
rn:R11144	cpd:C00003
rn:R11147	cpd:C00003
rn:R11149	cpd:C00003
rn:R11150	cpd:C00003
rn:R11151	cpd:C00003
rn:R11153	cpd:C00003
rn:R11155	cpd:C00003
rn:R11156	cpd:C00003
rn:R11158	cpd:C00003
rn:R11164	cpd:C00003
rn:R11197	cpd:C00003
rn:R11231	cpd:C00003
rn:R11243	cpd:C00003
rn:R11265	cpd:C00003
rn:R11290	cpd:C00003
rn:R11336	cpd:C00003
rn:R11337	cpd:C00003
rn:R11338	cpd:C00003
rn:R11339	cpd:C00003
rn:R11342	cpd:C00003
rn:R11346	cpd:C00003
rn:R11347	cpd:C00003
rn:R11350	cpd:C00003
rn:R11373	cpd:C00003
rn:R11374	cpd:C00003
rn:R11382	cpd:C00003
rn:R11384	cpd:C00003
rn:R11424	cpd:C00003
rn:R11448	cpd:C00003
rn:R11471	cpd:C00003
rn:R11472	cpd:C00003
rn:R11504	cpd:C00003
rn:R11505	cpd:C00003
rn:R11578	cpd:C00003
rn:R11585	cpd:C00003
rn:R11637	cpd:C00003
rn:R11638	cpd:C00003
rn:R11655	cpd:C00003
rn:R11666	cpd:C00003
rn:R11669	cpd:C00003
rn:R11674	cpd:C00003
rn:R11675	cpd:C00003
rn:R11676	cpd:C00003
rn:R11677	cpd:C00003
rn:R11696	cpd:C00003
rn:R11724	cpd:C00003
rn:R11726	cpd:C00003
rn:R11730	cpd:C00003
rn:R11768	cpd:C00003
rn:R11770	cpd:C00003
rn:R11818	cpd:C00003
rn:R11875	cpd:C00003
rn:R11876	cpd:C00003
rn:R11901	cpd:C00003
rn:R11907	cpd:C00003
rn:R11945	cpd:C00003
rn:R12025	cpd:C00003
rn:R12026	cpd:C00003
rn:R12035	cpd:C00003
rn:R12053	cpd:C00003
rn:R12105	cpd:C00003
rn:R12106	cpd:C00003
rn:R12107	cpd:C00003
rn:R12108	cpd:C00003
rn:R12109	cpd:C00003
rn:R12110	cpd:C00003
rn:R12111	cpd:C00003
rn:R12146	cpd:C00003
rn:R12215	cpd:C00003
rn:R12236	cpd:C00003
rn:R12256	cpd:C00003
rn:R12265	cpd:C00003
rn:R12319	cpd:C00003
rn:R12320	cpd:C00003
rn:R12328	cpd:C00003
rn:R12337	cpd:C00003
rn:R12357	cpd:C00003
rn:R12358	cpd:C00003
rn:R12359	cpd:C00003
rn:R12360	cpd:C00003
rn:R12361	cpd:C00003
rn:R12366	cpd:C00003
rn:R12371	cpd:C00003
rn:R12375	cpd:C00003
rn:R12376	cpd:C00003
rn:R12457	cpd:C00003
rn:R12483	cpd:C00003
rn:R12484	cpd:C00003
rn:R12502	cpd:C00003
rn:R12503	cpd:C00003
rn:R12511	cpd:C00003
rn:R12517	cpd:C00003
rn:R12522	cpd:C00003
rn:R12523	cpd:C00003
rn:R12539	cpd:C00003
rn:R12544	cpd:C00003
rn:R12546	cpd:C00003
rn:R12548	cpd:C00003
rn:R12560	cpd:C00003
rn:R12579	cpd:C00003
rn:R12713	cpd:C00003
rn:R12760	cpd:C00003
rn:R12785	cpd:C00003
rn:R12838	cpd:C00003
rn:R12921	cpd:C00003
rn:R12922	cpd:C00003
rn:R12923	cpd:C00003
rn:R12952	cpd:C00003
rn:R12953	cpd:C00003
rn:R12964	cpd:C00003
rn:R12971	cpd:C00003
rn:R12980	cpd:C00003
rn:R12987	cpd:C00003
rn:R12988	cpd:C00003
rn:R13009	cpd:C00003
rn:R13016	cpd:C00003
rn:R13021	cpd:C00003
rn:R13039	cpd:C00003
rn:R13041	cpd:C00003
rn:R13049	cpd:C00003
rn:R13050	cpd:C00003
rn:R13070	cpd:C00003
rn:R13071	cpd:C00003
rn:R13072	cpd:C00003
rn:R13073	cpd:C00003
rn:R13093	cpd:C00003
rn:R13136	cpd:C00003
rn:R13176	cpd:C00003
rn:R13177	cpd:C00003
rn:R13186	cpd:C00003
rn:R13206	cpd:C00003
rn:R13207	cpd:C00003
rn:R13208	cpd:C00003
rn:R13211	cpd:C00003
rn:R13216	cpd:C00003
rn:R13221	cpd:C00003
rn:R13222	cpd:C00003
rn:R13233	cpd:C00003
rn:R13255	cpd:C00003
rn:R13261	cpd:C00003
rn:R13265	cpd:C00003
rn:R13269	cpd:C00003
rn:R13273	cpd:C00003
rn:R13283	cpd:C00003
rn:R13402	cpd:C00003
rn:R13408	cpd:C00003
rn:R13435	cpd:C00003
rn:R13466	cpd:C00003
rn:R13470	cpd:C00003
rn:R13539	cpd:C00003
rn:R13565	cpd:C00003
rn:R13567	cpd:C00003
rn:R13568	cpd:C00003
rn:R13571	cpd:C00003
rn:R13573	cpd:C00003
rn:R13575	cpd:C00003
rn:R13589	cpd:C00003
rn:R13605	cpd:C00003
rn:R13611	cpd:C00003
rn:R13633	cpd:C00003
rn:R00023	cpd:C00004
rn:R00090	cpd:C00004
rn:R00091	cpd:C00004
rn:R00092	cpd:C00004
rn:R00093	cpd:C00004
rn:R00094	cpd:C00004
rn:R00095	cpd:C00004
rn:R00100	cpd:C00004
rn:R00101	cpd:C00004
rn:R00105	cpd:C00004
rn:R00112	cpd:C00004
rn:R00129	cpd:C00004
rn:R00143	cpd:C00004
rn:R00145	cpd:C00004
rn:R00203	cpd:C00004
rn:R00209	cpd:C00004
rn:R00214	cpd:C00004
rn:R00215	cpd:C00004
rn:R00228	cpd:C00004
rn:R00243	cpd:C00004
rn:R00245	cpd:C00004
rn:R00286	cpd:C00004
rn:R00295	cpd:C00004
rn:R00300	cpd:C00004
rn:R00342	cpd:C00004
rn:R00365	cpd:C00004
rn:R00368	cpd:C00004
rn:R00384	cpd:C00004
rn:R00396	cpd:C00004
rn:R00398	cpd:C00004
rn:R00402	cpd:C00004
rn:R00421	cpd:C00004
rn:R00445	cpd:C00004
rn:R00446	cpd:C00004
rn:R00501	cpd:C00004
rn:R00519	cpd:C00004
rn:R00538	cpd:C00004
rn:R00562	cpd:C00004
rn:R00581	cpd:C00004
rn:R00604	cpd:C00004
rn:R00605	cpd:C00004
rn:R00623	cpd:C00004
rn:R00624	cpd:C00004
rn:R00631	cpd:C00004
rn:R00675	cpd:C00004
rn:R00688	cpd:C00004
rn:R00700	cpd:C00004
rn:R00703	cpd:C00004
rn:R00704	cpd:C00004
rn:R00705	cpd:C00004
rn:R00707	cpd:C00004
rn:R00709	cpd:C00004
rn:R00710	cpd:C00004
rn:R00713	cpd:C00004
rn:R00715	cpd:C00004
rn:R00717	cpd:C00004
rn:R00732	cpd:C00004
rn:R00754	cpd:C00004
rn:R00758	cpd:C00004
rn:R00787	cpd:C00004
rn:R00794	cpd:C00004
rn:R00812	cpd:C00004
rn:R00813	cpd:C00004
rn:R00818	cpd:C00004
rn:R00823	cpd:C00004
rn:R00842	cpd:C00004
rn:R00861	cpd:C00004
rn:R00868	cpd:C00004
rn:R00875	cpd:C00004
rn:R00880	cpd:C00004
rn:R00892	cpd:C00004
rn:R00904	cpd:C00004
rn:R00906	cpd:C00004
rn:R00922	cpd:C00004
rn:R00935	cpd:C00004
rn:R00936	cpd:C00004
rn:R00937	cpd:C00004
rn:R00977	cpd:C00004
rn:R00994	cpd:C00004
rn:R01000	cpd:C00004
rn:R01033	cpd:C00004
rn:R01034	cpd:C00004
rn:R01036	cpd:C00004
rn:R01061	cpd:C00004
rn:R01088	cpd:C00004
rn:R01093	cpd:C00004
rn:R01094	cpd:C00004
rn:R01130	cpd:C00004
rn:R01142	cpd:C00004
rn:R01158	cpd:C00004
rn:R01163	cpd:C00004
rn:R01171	cpd:C00004
rn:R01172	cpd:C00004
rn:R01183	cpd:C00004
rn:R01202	cpd:C00004
rn:R01210	cpd:C00004
rn:R01211	cpd:C00004
rn:R01218	cpd:C00004
rn:R01221	cpd:C00004
rn:R01246	cpd:C00004
rn:R01248	cpd:C00004
rn:R01258	cpd:C00004
rn:R01277	cpd:C00004
rn:R01293	cpd:C00004
rn:R01296	cpd:C00004
rn:R01297	cpd:C00004
rn:R01308	cpd:C00004
rn:R01333	cpd:C00004
rn:R01337	cpd:C00004
rn:R01361	cpd:C00004
rn:R01370	cpd:C00004
rn:R01388	cpd:C00004
rn:R01403	cpd:C00004
rn:R01414	cpd:C00004
rn:R01419	cpd:C00004
rn:R01426	cpd:C00004
rn:R01429	cpd:C00004
rn:R01434	cpd:C00004
rn:R01446	cpd:C00004
rn:R01451	cpd:C00004
rn:R01465	cpd:C00004
rn:R01486	cpd:C00004
rn:R01487	cpd:C00004
rn:R01505	cpd:C00004
rn:R01513	cpd:C00004
rn:R01520	cpd:C00004
rn:R01524	cpd:C00004
rn:R01542	cpd:C00004
rn:R01574	cpd:C00004
rn:R01604	cpd:C00004
rn:R01608	cpd:C00004
rn:R01629	cpd:C00004
rn:R01633	cpd:C00004
rn:R01636	cpd:C00004
rn:R01644	cpd:C00004
rn:R01651	cpd:C00004
rn:R01683	cpd:C00004
rn:R01689	cpd:C00004
rn:R01698	cpd:C00004
rn:R01704	cpd:C00004
rn:R01707	cpd:C00004
rn:R01728	cpd:C00004
rn:R01735	cpd:C00004
rn:R01738	cpd:C00004
rn:R01745	cpd:C00004
rn:R01749	cpd:C00004
rn:R01752	cpd:C00004
rn:R01757	cpd:C00004
rn:R01758	cpd:C00004
rn:R01763	cpd:C00004
rn:R01768	cpd:C00004
rn:R01773	cpd:C00004
rn:R01778	cpd:C00004
rn:R01781	cpd:C00004
rn:R01793	cpd:C00004
rn:R01825	cpd:C00004
rn:R01836	cpd:C00004
rn:R01837	cpd:C00004
rn:R01869	cpd:C00004
rn:R01872	cpd:C00004
rn:R01895	cpd:C00004
rn:R01896	cpd:C00004
rn:R01903	cpd:C00004
rn:R01921	cpd:C00004
rn:R01932	cpd:C00004
rn:R01933	cpd:C00004
rn:R01934	cpd:C00004
rn:R01937	cpd:C00004
rn:R01975	cpd:C00004
rn:R01981	cpd:C00004
rn:R01998	cpd:C00004
rn:R02000	cpd:C00004
rn:R02032	cpd:C00004
rn:R02039	cpd:C00004
rn:R02047	cpd:C00004
rn:R02081	cpd:C00004
rn:R02103	cpd:C00004
rn:R02123	cpd:C00004
rn:R02124	cpd:C00004
rn:R02163	cpd:C00004
rn:R02196	cpd:C00004
rn:R02201	cpd:C00004
rn:R02207	cpd:C00004
rn:R02216	cpd:C00004
rn:R02229	cpd:C00004
rn:R02235	cpd:C00004
rn:R02246	cpd:C00004
rn:R02252	cpd:C00004
rn:R02257	cpd:C00004
rn:R02258	cpd:C00004
rn:R02313	cpd:C00004
rn:R02343	cpd:C00004
rn:R02344	cpd:C00004
rn:R02347	cpd:C00004
rn:R02352	cpd:C00004
rn:R02354	cpd:C00004
rn:R02377	cpd:C00004
rn:R02383	cpd:C00004
rn:R02391	cpd:C00004
rn:R02395	cpd:C00004
rn:R02401	cpd:C00004
rn:R02434	cpd:C00004
rn:R02441	cpd:C00004
rn:R02450	cpd:C00004
rn:R02454	cpd:C00004
rn:R02455	cpd:C00004
rn:R02462	cpd:C00004
rn:R02471	cpd:C00004
rn:R02476	cpd:C00004
rn:R02492	cpd:C00004
rn:R02499	cpd:C00004
rn:R02514	cpd:C00004
rn:R02515	cpd:C00004
rn:R02527	cpd:C00004
rn:R02531	cpd:C00004
rn:R02536	cpd:C00004
rn:R02544	cpd:C00004
rn:R02545	cpd:C00004
rn:R02549	cpd:C00004
rn:R02553	cpd:C00004
rn:R02555	cpd:C00004
rn:R02561	cpd:C00004
rn:R02565	cpd:C00004
rn:R02580	cpd:C00004
rn:R02589	cpd:C00004
rn:R02611	cpd:C00004
rn:R02618	cpd:C00004
rn:R02637	cpd:C00004
rn:R02640	cpd:C00004
rn:R02651	cpd:C00004
rn:R02655	cpd:C00004
rn:R02678	cpd:C00004
rn:R02679	cpd:C00004
rn:R02683	cpd:C00004
rn:R02695	cpd:C00004
rn:R02698	cpd:C00004
rn:R02703	cpd:C00004
rn:R02762	cpd:C00004
rn:R02766	cpd:C00004
rn:R02792	cpd:C00004
rn:R02819	cpd:C00004
rn:R02823	cpd:C00004
rn:R02830	cpd:C00004
rn:R02834	cpd:C00004
rn:R02840	cpd:C00004
rn:R02847	cpd:C00004
rn:R02855	cpd:C00004
rn:R02878	cpd:C00004
rn:R02896	cpd:C00004
rn:R02928	cpd:C00004
rn:R02935	cpd:C00004
rn:R02940	cpd:C00004
rn:R02941	cpd:C00004
rn:R02944	cpd:C00004
rn:R02945	cpd:C00004
rn:R02946	cpd:C00004
rn:R02957	cpd:C00004
rn:R02964	cpd:C00004
rn:R02968	cpd:C00004
rn:R02969	cpd:C00004
rn:R02988	cpd:C00004
rn:R02994	cpd:C00004
rn:R03012	cpd:C00004
rn:R03021	cpd:C00004
rn:R03022	cpd:C00004
rn:R03023	cpd:C00004
rn:R03043	cpd:C00004
rn:R03048	cpd:C00004
rn:R03080	cpd:C00004
rn:R03082	cpd:C00004
rn:R03088	cpd:C00004
rn:R03102	cpd:C00004
rn:R03104	cpd:C00004
rn:R03119	cpd:C00004
rn:R03171	cpd:C00004
rn:R03176	cpd:C00004
rn:R03177	cpd:C00004
rn:R03191	cpd:C00004
rn:R03198	cpd:C00004
rn:R03226	cpd:C00004
rn:R03251	cpd:C00004
rn:R03261	cpd:C00004
rn:R03278	cpd:C00004
rn:R03279	cpd:C00004
rn:R03283	cpd:C00004
rn:R03291	cpd:C00004
rn:R03299	cpd:C00004
rn:R03300	cpd:C00004
rn:R03306	cpd:C00004
rn:R03317	cpd:C00004
rn:R03327	cpd:C00004
rn:R03337	cpd:C00004
rn:R03349	cpd:C00004
rn:R03369	cpd:C00004
rn:R03373	cpd:C00004
rn:R03381	cpd:C00004
rn:R03385	cpd:C00004
rn:R03391	cpd:C00004
rn:R03396	cpd:C00004
rn:R03397	cpd:C00004
rn:R03406	cpd:C00004
rn:R03431	cpd:C00004
rn:R03439	cpd:C00004
rn:R03475	cpd:C00004
rn:R03476	cpd:C00004
rn:R03497	cpd:C00004
rn:R03506	cpd:C00004
rn:R03543	cpd:C00004
rn:R03544	cpd:C00004
rn:R03559	cpd:C00004
rn:R03560	cpd:C00004
rn:R03577	cpd:C00004
rn:R03582	cpd:C00004
rn:R03584	cpd:C00004
rn:R03591	cpd:C00004
rn:R03608	cpd:C00004
rn:R03614	cpd:C00004
rn:R03630	cpd:C00004
rn:R03637	cpd:C00004
rn:R03643	cpd:C00004
rn:R03707	cpd:C00004
rn:R03709	cpd:C00004
rn:R03732	cpd:C00004
rn:R03733	cpd:C00004
rn:R03745	cpd:C00004
rn:R03759	cpd:C00004
rn:R03761	cpd:C00004
rn:R03763	cpd:C00004
rn:R03787	cpd:C00004
rn:R03790	cpd:C00004
rn:R03792	cpd:C00004
rn:R03815	cpd:C00004
rn:R03816	cpd:C00004
rn:R03826	cpd:C00004
rn:R03847	cpd:C00004
rn:R03863	cpd:C00004
rn:R03869	cpd:C00004
rn:R03882	cpd:C00004
rn:R03886	cpd:C00004
rn:R03889	cpd:C00004
rn:R03913	cpd:C00004
rn:R03942	cpd:C00004
rn:R03945	cpd:C00004
rn:R03947	cpd:C00004
rn:R03963	cpd:C00004
rn:R03964	cpd:C00004
rn:R03998	cpd:C00004
rn:R04046	cpd:C00004
rn:R04049	cpd:C00004
rn:R04065	cpd:C00004
rn:R04066	cpd:C00004
rn:R04088	cpd:C00004
rn:R04115	cpd:C00004
rn:R04123	cpd:C00004
rn:R04130	cpd:C00004
rn:R04139	cpd:C00004
rn:R04142	cpd:C00004
rn:R04151	cpd:C00004
rn:R04163	cpd:C00004
rn:R04185	cpd:C00004
rn:R04198	cpd:C00004
rn:R04200	cpd:C00004
rn:R04203	cpd:C00004
rn:R04210	cpd:C00004
rn:R04228	cpd:C00004
rn:R04236	cpd:C00004
rn:R04251	cpd:C00004
rn:R04263	cpd:C00004
rn:R04278	cpd:C00004
rn:R04304	cpd:C00004
rn:R04307	cpd:C00004
rn:R04309	cpd:C00004
rn:R04330	cpd:C00004
rn:R04339	cpd:C00004
rn:R04375	cpd:C00004
rn:R04412	cpd:C00004
rn:R04418	cpd:C00004
rn:R04426	cpd:C00004
rn:R04429	cpd:C00004
rn:R04444	cpd:C00004
rn:R04483	cpd:C00004
rn:R04506	cpd:C00004
rn:R04517	cpd:C00004
rn:R04524	cpd:C00004
rn:R04556	cpd:C00004
rn:R04598	cpd:C00004
rn:R04600	cpd:C00004
rn:R04678	cpd:C00004
rn:R04681	cpd:C00004
rn:R04687	cpd:C00004
rn:R04724	cpd:C00004
rn:R04737	cpd:C00004
rn:R04739	cpd:C00004
rn:R04741	cpd:C00004
rn:R04743	cpd:C00004
rn:R04745	cpd:C00004
rn:R04748	cpd:C00004
rn:R04805	cpd:C00004
rn:R04810	cpd:C00004
rn:R04812	cpd:C00004
rn:R04818	cpd:C00004
rn:R04824	cpd:C00004
rn:R04829	cpd:C00004
rn:R04831	cpd:C00004
rn:R04832	cpd:C00004
rn:R04834	cpd:C00004
rn:R04835	cpd:C00004
rn:R04837	cpd:C00004
rn:R04842	cpd:C00004
rn:R04844	cpd:C00004
rn:R04845	cpd:C00004
rn:R04847	cpd:C00004
rn:R04849	cpd:C00004
rn:R04862	cpd:C00004
rn:R04876	cpd:C00004
rn:R04880	cpd:C00004
rn:R04882	cpd:C00004
rn:R04888	cpd:C00004
rn:R04891	cpd:C00004
rn:R04903	cpd:C00004
rn:R04916	cpd:C00004
rn:R04955	cpd:C00004
rn:R04958	cpd:C00004
rn:R04961	cpd:C00004
rn:R04966	cpd:C00004
rn:R04969	cpd:C00004
rn:R04996	cpd:C00004
rn:R05049	cpd:C00004
rn:R05050	cpd:C00004
rn:R05051	cpd:C00004
rn:R05066	cpd:C00004
rn:R05084	cpd:C00004
rn:R05119	cpd:C00004
rn:R05148	cpd:C00004
rn:R05154	cpd:C00004
rn:R05156	cpd:C00004
rn:R05157	cpd:C00004
rn:R05158	cpd:C00004
rn:R05217	cpd:C00004
rn:R05232	cpd:C00004
rn:R05233	cpd:C00004
rn:R05234	cpd:C00004
rn:R05235	cpd:C00004
rn:R05236	cpd:C00004
rn:R05239	cpd:C00004
rn:R05240	cpd:C00004
rn:R05241	cpd:C00004
rn:R05243	cpd:C00004
rn:R05247	cpd:C00004
rn:R05261	cpd:C00004
rn:R05263	cpd:C00004
rn:R05271	cpd:C00004
rn:R05272	cpd:C00004
rn:R05273	cpd:C00004
rn:R05274	cpd:C00004
rn:R05275	cpd:C00004
rn:R05281	cpd:C00004
rn:R05282	cpd:C00004
rn:R05283	cpd:C00004
rn:R05286	cpd:C00004
rn:R05290	cpd:C00004
rn:R05292	cpd:C00004
rn:R05294	cpd:C00004
rn:R05305	cpd:C00004
rn:R05307	cpd:C00004
rn:R05309	cpd:C00004
rn:R05310	cpd:C00004
rn:R05311	cpd:C00004
rn:R05312	cpd:C00004
rn:R05313	cpd:C00004
rn:R05314	cpd:C00004
rn:R05315	cpd:C00004
rn:R05321	cpd:C00004
rn:R05322	cpd:C00004
rn:R05347	cpd:C00004
rn:R05348	cpd:C00004
rn:R05349	cpd:C00004
rn:R05351	cpd:C00004
rn:R05352	cpd:C00004
rn:R05353	cpd:C00004
rn:R05354	cpd:C00004
rn:R05355	cpd:C00004
rn:R05395	cpd:C00004
rn:R05397	cpd:C00004
rn:R05399	cpd:C00004
rn:R05414	cpd:C00004
rn:R05417	cpd:C00004
rn:R05418	cpd:C00004
rn:R05422	cpd:C00004
rn:R05423	cpd:C00004
rn:R05425	cpd:C00004
rn:R05426	cpd:C00004
rn:R05428	cpd:C00004
rn:R05429	cpd:C00004
rn:R05430	cpd:C00004
rn:R05431	cpd:C00004
rn:R05434	cpd:C00004
rn:R05435	cpd:C00004
rn:R05437	cpd:C00004
rn:R05439	cpd:C00004
rn:R05440	cpd:C00004
rn:R05444	cpd:C00004
rn:R05448	cpd:C00004
rn:R05450	cpd:C00004
rn:R05475	cpd:C00004
rn:R05515	cpd:C00004
rn:R05537	cpd:C00004
rn:R05571	cpd:C00004
rn:R05575	cpd:C00004
rn:R05581	cpd:C00004
rn:R05582	cpd:C00004
rn:R05604	cpd:C00004
rn:R05607	cpd:C00004
rn:R05621	cpd:C00004
rn:R05632	cpd:C00004
rn:R05643	cpd:C00004
rn:R05649	cpd:C00004
rn:R05653	cpd:C00004
rn:R05654	cpd:C00004
rn:R05655	cpd:C00004
rn:R05665	cpd:C00004
rn:R05666	cpd:C00004
rn:R05668	cpd:C00004
rn:R05678	cpd:C00004
rn:R05679	cpd:C00004
rn:R05681	cpd:C00004
rn:R05683	cpd:C00004
rn:R05685	cpd:C00004
rn:R05689	cpd:C00004
rn:R05690	cpd:C00004
rn:R05693	cpd:C00004
rn:R05699	cpd:C00004
rn:R05700	cpd:C00004
rn:R05705	cpd:C00004
rn:R05715	cpd:C00004
rn:R05724	cpd:C00004
rn:R05729	cpd:C00004
rn:R05730	cpd:C00004
rn:R05746	cpd:C00004
rn:R05812	cpd:C00004
rn:R05831	cpd:C00004
rn:R05837	cpd:C00004
rn:R05843	cpd:C00004
rn:R05875	cpd:C00004
rn:R06117	cpd:C00004
rn:R06180	cpd:C00004
rn:R06289	cpd:C00004
rn:R06357	cpd:C00004
rn:R06366	cpd:C00004
rn:R06376	cpd:C00004
rn:R06377	cpd:C00004
rn:R06378	cpd:C00004
rn:R06379	cpd:C00004
rn:R06382	cpd:C00004
rn:R06383	cpd:C00004
rn:R06384	cpd:C00004
rn:R06385	cpd:C00004
rn:R06398	cpd:C00004
rn:R06399	cpd:C00004
rn:R06406	cpd:C00004
rn:R06407	cpd:C00004
rn:R06408	cpd:C00004
rn:R06413	cpd:C00004
rn:R06438	cpd:C00004
rn:R06594	cpd:C00004
rn:R06621	cpd:C00004
rn:R06782	cpd:C00004
rn:R06783	cpd:C00004
rn:R06784	cpd:C00004
rn:R06785	cpd:C00004
rn:R06786	cpd:C00004
rn:R06787	cpd:C00004
rn:R06831	cpd:C00004
rn:R06832	cpd:C00004
rn:R06847	cpd:C00004
rn:R06848	cpd:C00004
rn:R06856	cpd:C00004
rn:R06857	cpd:C00004
rn:R06883	cpd:C00004
rn:R06884	cpd:C00004
rn:R06888	cpd:C00004
rn:R06891	cpd:C00004
rn:R06894	cpd:C00004
rn:R06909	cpd:C00004
rn:R06910	cpd:C00004
rn:R06914	cpd:C00004
rn:R06915	cpd:C00004
rn:R06916	cpd:C00004
rn:R06917	cpd:C00004
rn:R06918	cpd:C00004
rn:R06919	cpd:C00004
rn:R06926	cpd:C00004
rn:R06927	cpd:C00004
rn:R06928	cpd:C00004
rn:R06930	cpd:C00004
rn:R06931	cpd:C00004
rn:R06935	cpd:C00004
rn:R06936	cpd:C00004
rn:R06937	cpd:C00004
rn:R06939	cpd:C00004
rn:R06941	cpd:C00004
rn:R06945	cpd:C00004
rn:R06954	cpd:C00004
rn:R06980	cpd:C00004
rn:R06983	cpd:C00004
rn:R07058	cpd:C00004
rn:R07104	cpd:C00004
rn:R07105	cpd:C00004
rn:R07133	cpd:C00004
rn:R07134	cpd:C00004
rn:R07135	cpd:C00004
rn:R07136	cpd:C00004
rn:R07141	cpd:C00004
rn:R07145	cpd:C00004
rn:R07146	cpd:C00004
rn:R07148	cpd:C00004
rn:R07156	cpd:C00004
rn:R07164	cpd:C00004
rn:R07168	cpd:C00004
rn:R07171	cpd:C00004
rn:R07188	cpd:C00004
rn:R07194	cpd:C00004
rn:R07326	cpd:C00004
rn:R07345	cpd:C00004
rn:R07349	cpd:C00004
rn:R07351	cpd:C00004
rn:R07354	cpd:C00004
rn:R07358	cpd:C00004
rn:R07410	cpd:C00004
rn:R07417	cpd:C00004
rn:R07428	cpd:C00004
rn:R07441	cpd:C00004
rn:R07477	cpd:C00004
rn:R07478	cpd:C00004
rn:R07618	cpd:C00004
rn:R07658	cpd:C00004
rn:R07665	cpd:C00004
rn:R07667	cpd:C00004
rn:R07675	cpd:C00004
rn:R07703	cpd:C00004
rn:R07704	cpd:C00004
rn:R07705	cpd:C00004
rn:R07706	cpd:C00004
rn:R07709	cpd:C00004
rn:R07765	cpd:C00004
rn:R07781	cpd:C00004
rn:R07799	cpd:C00004
rn:R07890	cpd:C00004
rn:R07894	cpd:C00004
rn:R07898	cpd:C00004
rn:R07936	cpd:C00004
rn:R07952	cpd:C00004
rn:R07954	cpd:C00004
rn:R07955	cpd:C00004
rn:R07957	cpd:C00004
rn:R07959	cpd:C00004
rn:R07961	cpd:C00004
rn:R07963	cpd:C00004
rn:R07965	cpd:C00004
rn:R07967	cpd:C00004
rn:R07969	cpd:C00004
rn:R07971	cpd:C00004
rn:R07973	cpd:C00004
rn:R07975	cpd:C00004
rn:R07985	cpd:C00004
rn:R08017	cpd:C00004
rn:R08018	cpd:C00004
rn:R08042	cpd:C00004
rn:R08043	cpd:C00004
rn:R08044	cpd:C00004
rn:R08045	cpd:C00004
rn:R08046	cpd:C00004
rn:R08047	cpd:C00004
rn:R08086	cpd:C00004
rn:R08087	cpd:C00004
rn:R08094	cpd:C00004
rn:R08096	cpd:C00004
rn:R08100	cpd:C00004
rn:R08101	cpd:C00004
rn:R08103	cpd:C00004
rn:R08104	cpd:C00004
rn:R08105	cpd:C00004
rn:R08108	cpd:C00004
rn:R08109	cpd:C00004
rn:R08110	cpd:C00004
rn:R08111	cpd:C00004
rn:R08112	cpd:C00004
rn:R08113	cpd:C00004
rn:R08140	cpd:C00004
rn:R08141	cpd:C00004
rn:R08146	cpd:C00004
rn:R08198	cpd:C00004
rn:R08214	cpd:C00004
rn:R08215	cpd:C00004
rn:R08240	cpd:C00004
rn:R08281	cpd:C00004
rn:R08282	cpd:C00004
rn:R08306	cpd:C00004
rn:R08307	cpd:C00004
rn:R08310	cpd:C00004
rn:R08382	cpd:C00004
rn:R08385	cpd:C00004
rn:R08536	cpd:C00004
rn:R08544	cpd:C00004
rn:R08549	cpd:C00004
rn:R08550	cpd:C00004
rn:R08557	cpd:C00004
rn:R08569	cpd:C00004
rn:R08590	cpd:C00004
rn:R08621	cpd:C00004
rn:R08625	cpd:C00004
rn:R08629	cpd:C00004
rn:R08636	cpd:C00004
rn:R08642	cpd:C00004
rn:R08646	cpd:C00004
rn:R08709	cpd:C00004
rn:R08721	cpd:C00004
rn:R08723	cpd:C00004
rn:R08724	cpd:C00004
rn:R08728	cpd:C00004
rn:R08764	cpd:C00004
rn:R08767	cpd:C00004
rn:R08846	cpd:C00004
rn:R08892	cpd:C00004
rn:R08914	cpd:C00004
rn:R08916	cpd:C00004
rn:R08918	cpd:C00004
rn:R08919	cpd:C00004
rn:R08926	cpd:C00004
rn:R08945	cpd:C00004
rn:R09055	cpd:C00004
rn:R09069	cpd:C00004
rn:R09078	cpd:C00004
rn:R09097	cpd:C00004
rn:R09129	cpd:C00004
rn:R09130	cpd:C00004
rn:R09132	cpd:C00004
rn:R09137	cpd:C00004
rn:R09141	cpd:C00004
rn:R09148	cpd:C00004
rn:R09151	cpd:C00004
rn:R09152	cpd:C00004
rn:R09159	cpd:C00004
rn:R09160	cpd:C00004
rn:R09162	cpd:C00004
rn:R09165	cpd:C00004
rn:R09183	cpd:C00004
rn:R09201	cpd:C00004
rn:R09204	cpd:C00004
rn:R09209	cpd:C00004
rn:R09213	cpd:C00004
rn:R09219	cpd:C00004
rn:R09223	cpd:C00004
rn:R09224	cpd:C00004
rn:R09227	cpd:C00004
rn:R09228	cpd:C00004
rn:R09230	cpd:C00004
rn:R09231	cpd:C00004
rn:R09232	cpd:C00004
rn:R09233	cpd:C00004
rn:R09235	cpd:C00004
rn:R09236	cpd:C00004
rn:R09288	cpd:C00004
rn:R09312	cpd:C00004
rn:R09375	cpd:C00004
rn:R09385	cpd:C00004
rn:R09388	cpd:C00004
rn:R09447	cpd:C00004
rn:R09472	cpd:C00004
rn:R09477	cpd:C00004
rn:R09478	cpd:C00004
rn:R09484	cpd:C00004
rn:R09498	cpd:C00004
rn:R09508	cpd:C00004
rn:R09513	cpd:C00004
rn:R09514	cpd:C00004
rn:R09524	cpd:C00004
rn:R09544	cpd:C00004
rn:R09545	cpd:C00004
rn:R09561	cpd:C00004
rn:R09567	cpd:C00004
rn:R09586	cpd:C00004
rn:R09662	cpd:C00004
rn:R09748	cpd:C00004
rn:R09750	cpd:C00004
rn:R09783	cpd:C00004
rn:R09786	cpd:C00004
rn:R09805	cpd:C00004
rn:R09830	cpd:C00004
rn:R09920	cpd:C00004
rn:R09951	cpd:C00004
rn:R09953	cpd:C00004
rn:R09956	cpd:C00004
rn:R09957	cpd:C00004
rn:R09981	cpd:C00004
rn:R09984	cpd:C00004
rn:R09986	cpd:C00004
rn:R09988	cpd:C00004
rn:R10012	cpd:C00004
rn:R10020	cpd:C00004
rn:R10021	cpd:C00004
rn:R10042	cpd:C00004
rn:R10043	cpd:C00004
rn:R10048	cpd:C00004
rn:R10052	cpd:C00004
rn:R10054	cpd:C00004
rn:R10106	cpd:C00004
rn:R10107	cpd:C00004
rn:R10108	cpd:C00004
rn:R10113	cpd:C00004
rn:R10125	cpd:C00004
rn:R10126	cpd:C00004
rn:R10128	cpd:C00004
rn:R10129	cpd:C00004
rn:R10131	cpd:C00004
rn:R10140	cpd:C00004
rn:R10146	cpd:C00004
rn:R10156	cpd:C00004
rn:R10161	cpd:C00004
rn:R10163	cpd:C00004
rn:R10189	cpd:C00004
rn:R10190	cpd:C00004
rn:R10217	cpd:C00004
rn:R10218	cpd:C00004
rn:R10221	cpd:C00004
rn:R10222	cpd:C00004
rn:R10267	cpd:C00004
rn:R10301	cpd:C00004
rn:R10308	cpd:C00004
rn:R10310	cpd:C00004
rn:R10311	cpd:C00004
rn:R10325	cpd:C00004
rn:R10332	cpd:C00004
rn:R10412	cpd:C00004
rn:R10419	cpd:C00004
rn:R10420	cpd:C00004
rn:R10422	cpd:C00004
rn:R10428	cpd:C00004
rn:R10459	cpd:C00004
rn:R10467	cpd:C00004
rn:R10502	cpd:C00004
rn:R10504	cpd:C00004
rn:R10505	cpd:C00004
rn:R10517	cpd:C00004
rn:R10519	cpd:C00004
rn:R10520	cpd:C00004
rn:R10565	cpd:C00004
rn:R10690	cpd:C00004
rn:R10702	cpd:C00004
rn:R10703	cpd:C00004
rn:R10715	cpd:C00004
rn:R10717	cpd:C00004
rn:R10718	cpd:C00004
rn:R10719	cpd:C00004
rn:R10783	cpd:C00004
rn:R10785	cpd:C00004
rn:R10790	cpd:C00004
rn:R10798	cpd:C00004
rn:R10800	cpd:C00004
rn:R10841	cpd:C00004
rn:R10842	cpd:C00004
rn:R10848	cpd:C00004
rn:R10860	cpd:C00004
rn:R10861	cpd:C00004
rn:R10907	cpd:C00004
rn:R10916	cpd:C00004
rn:R10917	cpd:C00004
rn:R10918	cpd:C00004
rn:R10981	cpd:C00004
rn:R10985	cpd:C00004
rn:R10986	cpd:C00004
rn:R10995	cpd:C00004
rn:R11007	cpd:C00004
rn:R11026	cpd:C00004
rn:R11031	cpd:C00004
rn:R11035	cpd:C00004
rn:R11036	cpd:C00004
rn:R11056	cpd:C00004
rn:R11067	cpd:C00004
rn:R11091	cpd:C00004
rn:R11092	cpd:C00004
rn:R11093	cpd:C00004
rn:R11104	cpd:C00004
rn:R11121	cpd:C00004
rn:R11144	cpd:C00004
rn:R11147	cpd:C00004
rn:R11149	cpd:C00004
rn:R11150	cpd:C00004
rn:R11151	cpd:C00004
rn:R11153	cpd:C00004
rn:R11155	cpd:C00004
rn:R11156	cpd:C00004
rn:R11158	cpd:C00004
rn:R11164	cpd:C00004
rn:R11197	cpd:C00004
rn:R11231	cpd:C00004
rn:R11243	cpd:C00004
rn:R11265	cpd:C00004
rn:R11290	cpd:C00004
rn:R11336	cpd:C00004
rn:R11337	cpd:C00004
rn:R11338	cpd:C00004
rn:R11339	cpd:C00004
rn:R11342	cpd:C00004
rn:R11346	cpd:C00004
rn:R11347	cpd:C00004
rn:R11350	cpd:C00004
rn:R11373	cpd:C00004
rn:R11374	cpd:C00004
rn:R11382	cpd:C00004
rn:R11384	cpd:C00004
rn:R11424	cpd:C00004
rn:R11448	cpd:C00004
rn:R11471	cpd:C00004
rn:R11472	cpd:C00004
rn:R11578	cpd:C00004
rn:R11585	cpd:C00004
rn:R11637	cpd:C00004
rn:R11638	cpd:C00004
rn:R11655	cpd:C00004
rn:R11666	cpd:C00004
rn:R11669	cpd:C00004
rn:R11674	cpd:C00004
rn:R11675	cpd:C00004
rn:R11676	cpd:C00004
rn:R11677	cpd:C00004
rn:R11696	cpd:C00004
rn:R11724	cpd:C00004
rn:R11726	cpd:C00004
rn:R11730	cpd:C00004
rn:R11768	cpd:C00004
rn:R11770	cpd:C00004
rn:R11818	cpd:C00004
rn:R11875	cpd:C00004
rn:R11876	cpd:C00004
rn:R11901	cpd:C00004
rn:R11945	cpd:C00004
rn:R12025	cpd:C00004
rn:R12035	cpd:C00004
rn:R12053	cpd:C00004
rn:R12105	cpd:C00004
rn:R12106	cpd:C00004
rn:R12107	cpd:C00004
rn:R12108	cpd:C00004
rn:R12109	cpd:C00004
rn:R12110	cpd:C00004
rn:R12111	cpd:C00004
rn:R12146	cpd:C00004
rn:R12215	cpd:C00004
rn:R12236	cpd:C00004
rn:R12256	cpd:C00004
rn:R12265	cpd:C00004
rn:R12319	cpd:C00004
rn:R12320	cpd:C00004
rn:R12328	cpd:C00004
rn:R12337	cpd:C00004
rn:R12357	cpd:C00004
rn:R12358	cpd:C00004
rn:R12359	cpd:C00004
rn:R12360	cpd:C00004
rn:R12361	cpd:C00004
rn:R12366	cpd:C00004
rn:R12371	cpd:C00004
rn:R12375	cpd:C00004
rn:R12376	cpd:C00004
rn:R12457	cpd:C00004
rn:R12483	cpd:C00004
rn:R12484	cpd:C00004
rn:R12502	cpd:C00004
rn:R12503	cpd:C00004
rn:R12511	cpd:C00004
rn:R12517	cpd:C00004
rn:R12522	cpd:C00004
rn:R12523	cpd:C00004
rn:R12539	cpd:C00004
rn:R12544	cpd:C00004
rn:R12546	cpd:C00004
rn:R12548	cpd:C00004
rn:R12560	cpd:C00004
rn:R12579	cpd:C00004
rn:R12587	cpd:C00004
rn:R12713	cpd:C00004
rn:R12760	cpd:C00004
rn:R12785	cpd:C00004
rn:R12838	cpd:C00004
rn:R12921	cpd:C00004
rn:R12922	cpd:C00004
rn:R12923	cpd:C00004
rn:R12952	cpd:C00004
rn:R12953	cpd:C00004
rn:R12964	cpd:C00004
rn:R12971	cpd:C00004
rn:R12987	cpd:C00004
rn:R12988	cpd:C00004
rn:R13009	cpd:C00004
rn:R13016	cpd:C00004
rn:R13021	cpd:C00004
rn:R13039	cpd:C00004
rn:R13041	cpd:C00004
rn:R13049	cpd:C00004
rn:R13050	cpd:C00004
rn:R13070	cpd:C00004
rn:R13071	cpd:C00004
rn:R13072	cpd:C00004
rn:R13073	cpd:C00004
rn:R13093	cpd:C00004
rn:R13136	cpd:C00004
rn:R13176	cpd:C00004
rn:R13177	cpd:C00004
rn:R13206	cpd:C00004
rn:R13207	cpd:C00004
rn:R13208	cpd:C00004
rn:R13211	cpd:C00004
rn:R13216	cpd:C00004
rn:R13221	cpd:C00004
rn:R13222	cpd:C00004
rn:R13233	cpd:C00004
rn:R13255	cpd:C00004
rn:R13261	cpd:C00004
rn:R13265	cpd:C00004
rn:R13269	cpd:C00004
rn:R13273	cpd:C00004
rn:R13283	cpd:C00004
rn:R13402	cpd:C00004
rn:R13408	cpd:C00004
rn:R13466	cpd:C00004
rn:R13470	cpd:C00004
rn:R13539	cpd:C00004
rn:R13565	cpd:C00004
rn:R13567	cpd:C00004
rn:R13568	cpd:C00004
rn:R13571	cpd:C00004
rn:R13573	cpd:C00004
rn:R13575	cpd:C00004
rn:R13589	cpd:C00004
rn:R13605	cpd:C00004
rn:R13611	cpd:C00004
rn:R13633	cpd:C00004
rn:R00105	cpd:C00005
rn:R00106	cpd:C00005
rn:R00108	cpd:C00005
rn:R00109	cpd:C00005
rn:R00111	cpd:C00005
rn:R00112	cpd:C00005
rn:R00113	cpd:C00005
rn:R00114	cpd:C00005
rn:R00115	cpd:C00005
rn:R00134	cpd:C00005
rn:R00146	cpd:C00005
rn:R00205	cpd:C00005
rn:R00210	cpd:C00005
rn:R00216	cpd:C00005
rn:R00248	cpd:C00005
rn:R00264	cpd:C00005
rn:R00267	cpd:C00005
rn:R00282	cpd:C00005
rn:R00301	cpd:C00005
rn:R00343	cpd:C00005
rn:R00385	cpd:C00005
rn:R00387	cpd:C00005
rn:R00448	cpd:C00005
rn:R00452	cpd:C00005
rn:R00465	cpd:C00005
rn:R00468	cpd:C00005
rn:R00557	cpd:C00005
rn:R00558	cpd:C00005
rn:R00563	cpd:C00005
rn:R00625	cpd:C00005
rn:R00634	cpd:C00005
rn:R00666	cpd:C00005
rn:R00676	cpd:C00005
rn:R00706	cpd:C00005
rn:R00708	cpd:C00005
rn:R00711	cpd:C00005
rn:R00714	cpd:C00005
rn:R00716	cpd:C00005
rn:R00733	cpd:C00005
rn:R00740	cpd:C00005
rn:R00744	cpd:C00005
rn:R00746	cpd:C00005
rn:R00789	cpd:C00005
rn:R00796	cpd:C00005
rn:R00814	cpd:C00005
rn:R00815	cpd:C00005
rn:R00825	cpd:C00005
rn:R00828	cpd:C00005
rn:R00834	cpd:C00005
rn:R00835	cpd:C00005
rn:R00844	cpd:C00005
rn:R00845	cpd:C00005
rn:R00858	cpd:C00005
rn:R00870	cpd:C00005
rn:R00871	cpd:C00005
rn:R00900	cpd:C00005
rn:R00918	cpd:C00005
rn:R00919	cpd:C00005
rn:R00939	cpd:C00005
rn:R00940	cpd:C00005
rn:R00941	cpd:C00005
rn:R00978	cpd:C00005
rn:R00980	cpd:C00005
rn:R01039	cpd:C00005
rn:R01041	cpd:C00005
rn:R01058	cpd:C00005
rn:R01063	cpd:C00005
rn:R01079	cpd:C00005
rn:R01095	cpd:C00005
rn:R01096	cpd:C00005
rn:R01097	cpd:C00005
rn:R01134	cpd:C00005
rn:R01143	cpd:C00005
rn:R01173	cpd:C00005
rn:R01195	cpd:C00005
rn:R01212	cpd:C00005
rn:R01220	cpd:C00005
rn:R01224	cpd:C00005
rn:R01249	cpd:C00005
rn:R01251	cpd:C00005
rn:R01260	cpd:C00005
rn:R01278	cpd:C00005
rn:R01294	cpd:C00005
rn:R01298	cpd:C00005
rn:R01299	cpd:C00005
rn:R01338	cpd:C00005
rn:R01371	cpd:C00005
rn:R01392	cpd:C00005
rn:R01404	cpd:C00005
rn:R01415	cpd:C00005
rn:R01420	cpd:C00005
rn:R01430	cpd:C00005
rn:R01431	cpd:C00005
rn:R01452	cpd:C00005
rn:R01453	cpd:C00005
rn:R01456	cpd:C00005
rn:R01457	cpd:C00005
rn:R01481	cpd:C00005
rn:R01488	cpd:C00005
rn:R01490	cpd:C00005
rn:R01521	cpd:C00005
rn:R01525	cpd:C00005
rn:R01528	cpd:C00005
rn:R01543	cpd:C00005
rn:R01550	cpd:C00005
rn:R01575	cpd:C00005
rn:R01584	cpd:C00005
rn:R01607	cpd:C00005
rn:R01615	cpd:C00005
rn:R01628	cpd:C00005
rn:R01630	cpd:C00005
rn:R01694	cpd:C00005
rn:R01708	cpd:C00005
rn:R01720	cpd:C00005
rn:R01730	cpd:C00005
rn:R01739	cpd:C00005
rn:R01740	cpd:C00005
rn:R01747	cpd:C00005
rn:R01750	cpd:C00005
rn:R01759	cpd:C00005
rn:R01775	cpd:C00005
rn:R01779	cpd:C00005
rn:R01787	cpd:C00005
rn:R01794	cpd:C00005
rn:R01812	cpd:C00005
rn:R01813	cpd:C00005
rn:R01817	cpd:C00005
rn:R01835	cpd:C00005
rn:R01838	cpd:C00005
rn:R01866	cpd:C00005
rn:R01899	cpd:C00005
rn:R01904	cpd:C00005
rn:R01938	cpd:C00005
rn:R01941	cpd:C00005
rn:R01960	cpd:C00005
rn:R01976	cpd:C00005
rn:R01977	cpd:C00005
rn:R01986	cpd:C00005
rn:R02002	cpd:C00005
rn:R02016	cpd:C00005
rn:R02034	cpd:C00005
rn:R02063	cpd:C00005
rn:R02082	cpd:C00005
rn:R02177	cpd:C00005
rn:R02178	cpd:C00005
rn:R02193	cpd:C00005
rn:R02203	cpd:C00005
rn:R02208	cpd:C00005
rn:R02209	cpd:C00005
rn:R02210	cpd:C00005
rn:R02219	cpd:C00005
rn:R02220	cpd:C00005
rn:R02224	cpd:C00005
rn:R02231	cpd:C00005
rn:R02236	cpd:C00005
rn:R02247	cpd:C00005
rn:R02254	cpd:C00005
rn:R02259	cpd:C00005
rn:R02260	cpd:C00005
rn:R02264	cpd:C00005
rn:R02291	cpd:C00005
rn:R02315	cpd:C00005
rn:R02339	cpd:C00005
rn:R02349	cpd:C00005
rn:R02353	cpd:C00005
rn:R02355	cpd:C00005
rn:R02356	cpd:C00005
rn:R02364	cpd:C00005
rn:R02393	cpd:C00005
rn:R02413	cpd:C00005
rn:R02417	cpd:C00005
rn:R02449	cpd:C00005
rn:R02456	cpd:C00005
rn:R02463	cpd:C00005
rn:R02472	cpd:C00005
rn:R02477	cpd:C00005
rn:R02497	cpd:C00005
rn:R02498	cpd:C00005
rn:R02506	cpd:C00005
rn:R02516	cpd:C00005
rn:R02517	cpd:C00005
rn:R02518	cpd:C00005
rn:R02528	cpd:C00005
rn:R02537	cpd:C00005
rn:R02548	cpd:C00005
rn:R02554	cpd:C00005
rn:R02562	cpd:C00005
rn:R02566	cpd:C00005
rn:R02577	cpd:C00005
rn:R02581	cpd:C00005
rn:R02593	cpd:C00005
rn:R02600	cpd:C00005
rn:R02609	cpd:C00005
rn:R02610	cpd:C00005
rn:R02620	cpd:C00005
rn:R02639	cpd:C00005
rn:R02680	cpd:C00005
rn:R02684	cpd:C00005
rn:R02697	cpd:C00005
rn:R02736	cpd:C00005
rn:R02742	cpd:C00005
rn:R02755	cpd:C00005
rn:R02756	cpd:C00005
rn:R02767	cpd:C00005
rn:R02776	cpd:C00005
rn:R02777	cpd:C00005
rn:R02793	cpd:C00005
rn:R02799	cpd:C00005
rn:R02800	cpd:C00005
rn:R02807	cpd:C00005
rn:R02820	cpd:C00005
rn:R02832	cpd:C00005
rn:R02836	cpd:C00005
rn:R02841	cpd:C00005
rn:R02856	cpd:C00005
rn:R02872	cpd:C00005
rn:R02892	cpd:C00005
rn:R02893	cpd:C00005
rn:R02906	cpd:C00005
rn:R02915	cpd:C00005
rn:R02936	cpd:C00005
rn:R02954	cpd:C00005
rn:R02975	cpd:C00005
rn:R02978	cpd:C00005
rn:R02983	cpd:C00005
rn:R02989	cpd:C00005
rn:R02995	cpd:C00005
rn:R02999	cpd:C00005
rn:R03044	cpd:C00005
rn:R03051	cpd:C00005
rn:R03054	cpd:C00005
rn:R03089	cpd:C00005
rn:R03090	cpd:C00005
rn:R03103	cpd:C00005
rn:R03114	cpd:C00005
rn:R03123	cpd:C00005
rn:R03155	cpd:C00005
rn:R03183	cpd:C00005
rn:R03192	cpd:C00005
rn:R03203	cpd:C00005
rn:R03227	cpd:C00005
rn:R03234	cpd:C00005
rn:R03264	cpd:C00005
rn:R03281	cpd:C00005
rn:R03293	cpd:C00005
rn:R03302	cpd:C00005
rn:R03313	cpd:C00005
rn:R03322	cpd:C00005
rn:R03325	cpd:C00005
rn:R03339	cpd:C00005
rn:R03344	cpd:C00005
rn:R03357	cpd:C00005
rn:R03386	cpd:C00005
rn:R03388	cpd:C00005
rn:R03392	cpd:C00005
rn:R03398	cpd:C00005
rn:R03399	cpd:C00005
rn:R03401	cpd:C00005
rn:R03407	cpd:C00005
rn:R03408	cpd:C00005
rn:R03440	cpd:C00005
rn:R03443	cpd:C00005
rn:R03458	cpd:C00005
rn:R03463	cpd:C00005
rn:R03495	cpd:C00005
rn:R03498	cpd:C00005
rn:R03520	cpd:C00005
rn:R03545	cpd:C00005
rn:R03557	cpd:C00005
rn:R03562	cpd:C00005
rn:R03566	cpd:C00005
rn:R03568	cpd:C00005
rn:R03572	cpd:C00005
rn:R03581	cpd:C00005
rn:R03583	cpd:C00005
rn:R03585	cpd:C00005
rn:R03586	cpd:C00005
rn:R03592	cpd:C00005
rn:R03596	cpd:C00005
rn:R03636	cpd:C00005
rn:R03638	cpd:C00005
rn:R03667	cpd:C00005
rn:R03689	cpd:C00005
rn:R03712	cpd:C00005
rn:R03713	cpd:C00005
rn:R03716	cpd:C00005
rn:R03728	cpd:C00005
rn:R03753	cpd:C00005
rn:R03764	cpd:C00005
rn:R03776	cpd:C00005
rn:R03821	cpd:C00005
rn:R03827	cpd:C00005
rn:R03845	cpd:C00005
rn:R03848	cpd:C00005
rn:R03850	cpd:C00005
rn:R03856	cpd:C00005
rn:R03860	cpd:C00005
rn:R03864	cpd:C00005
rn:R03879	cpd:C00005
rn:R03883	cpd:C00005
rn:R03900	cpd:C00005
rn:R03914	cpd:C00005
rn:R03918	cpd:C00005
rn:R03930	cpd:C00005
rn:R03962	cpd:C00005
rn:R03982	cpd:C00005
rn:R03989	cpd:C00005
rn:R03997	cpd:C00005
rn:R03999	cpd:C00005
rn:R04047	cpd:C00005
rn:R04059	cpd:C00005
rn:R04060	cpd:C00005
rn:R04099	cpd:C00005
rn:R04105	cpd:C00005
rn:R04106	cpd:C00005
rn:R04109	cpd:C00005
rn:R04136	cpd:C00005
rn:R04186	cpd:C00005
rn:R04199	cpd:C00005
rn:R04201	cpd:C00005
rn:R04229	cpd:C00005
rn:R04256	cpd:C00005
rn:R04264	cpd:C00005
rn:R04265	cpd:C00005
rn:R04279	cpd:C00005
rn:R04285	cpd:C00005
rn:R04303	cpd:C00005
rn:R04310	cpd:C00005
rn:R04319	cpd:C00005
rn:R04328	cpd:C00005
rn:R04340	cpd:C00005
rn:R04344	cpd:C00005
rn:R04360	cpd:C00005
rn:R04370	cpd:C00005
rn:R04387	cpd:C00005
rn:R04390	cpd:C00005
rn:R04419	cpd:C00005
rn:R04430	cpd:C00005
rn:R04439	cpd:C00005
rn:R04440	cpd:C00005
rn:R04445	cpd:C00005
rn:R04453	cpd:C00005
rn:R04518	cpd:C00005
rn:R04523	cpd:C00005
rn:R04533	cpd:C00005
rn:R04534	cpd:C00005
rn:R04536	cpd:C00005
rn:R04543	cpd:C00005
rn:R04552	cpd:C00005
rn:R04557	cpd:C00005
rn:R04566	cpd:C00005
rn:R04570	cpd:C00005
rn:R04599	cpd:C00005
rn:R04601	cpd:C00005
rn:R04623	cpd:C00005
rn:R04670	cpd:C00005
rn:R04682	cpd:C00005
rn:R04688	cpd:C00005
rn:R04695	cpd:C00005
rn:R04697	cpd:C00005
rn:R04725	cpd:C00005
rn:R04753	cpd:C00005
rn:R04758	cpd:C00005
rn:R04789	cpd:C00005
rn:R04790	cpd:C00005
rn:R04817	cpd:C00005
rn:R04819	cpd:C00005
rn:R04823	cpd:C00005
rn:R04825	cpd:C00005
rn:R04830	cpd:C00005
rn:R04833	cpd:C00005
rn:R04836	cpd:C00005
rn:R04838	cpd:C00005
rn:R04840	cpd:C00005
rn:R04843	cpd:C00005
rn:R04846	cpd:C00005
rn:R04883	cpd:C00005
rn:R04889	cpd:C00005
rn:R04892	cpd:C00005
rn:R04901	cpd:C00005
rn:R04910	cpd:C00005
rn:R04917	cpd:C00005
rn:R04919	cpd:C00005
rn:R04940	cpd:C00005
rn:R04953	cpd:C00005
rn:R04956	cpd:C00005
rn:R04959	cpd:C00005
rn:R04962	cpd:C00005
rn:R04964	cpd:C00005
rn:R04967	cpd:C00005
rn:R04970	cpd:C00005
rn:R04980	cpd:C00005
rn:R04987	cpd:C00005
rn:R05038	cpd:C00005
rn:R05068	cpd:C00005
rn:R05099	cpd:C00005
rn:R05102	cpd:C00005
rn:R05124	cpd:C00005
rn:R05150	cpd:C00005
rn:R05182	cpd:C00005
rn:R05188	cpd:C00005
rn:R05189	cpd:C00005
rn:R05190	cpd:C00005
rn:R05231	cpd:C00005
rn:R05244	cpd:C00005
rn:R05249	cpd:C00005
rn:R05250	cpd:C00005
rn:R05258	cpd:C00005
rn:R05262	cpd:C00005
rn:R05264	cpd:C00005
rn:R05276	cpd:C00005
rn:R05289	cpd:C00005
rn:R05291	cpd:C00005
rn:R05293	cpd:C00005
rn:R05308	cpd:C00005
rn:R05350	cpd:C00005
rn:R05396	cpd:C00005
rn:R05400	cpd:C00005
rn:R05401	cpd:C00005
rn:R05432	cpd:C00005
rn:R05433	cpd:C00005
rn:R05436	cpd:C00005
rn:R05438	cpd:C00005
rn:R05441	cpd:C00005
rn:R05462	cpd:C00005
rn:R05463	cpd:C00005
rn:R05471	cpd:C00005
rn:R05521	cpd:C00005
rn:R05522	cpd:C00005
rn:R05526	cpd:C00005
rn:R05576	cpd:C00005
rn:R05622	cpd:C00005
rn:R05623	cpd:C00005
rn:R05639	cpd:C00005
rn:R05641	cpd:C00005
rn:R05663	cpd:C00005
rn:R05664	cpd:C00005
rn:R05680	cpd:C00005
rn:R05682	cpd:C00005
rn:R05684	cpd:C00005
rn:R05686	cpd:C00005
rn:R05687	cpd:C00005
rn:R05688	cpd:C00005
rn:R05691	cpd:C00005
rn:R05692	cpd:C00005
rn:R05694	cpd:C00005
rn:R05701	cpd:C00005
rn:R05702	cpd:C00005
rn:R05703	cpd:C00005
rn:R05706	cpd:C00005
rn:R05707	cpd:C00005
rn:R05711	cpd:C00005
rn:R05713	cpd:C00005
rn:R05714	cpd:C00005
rn:R05716	cpd:C00005
rn:R05725	cpd:C00005
rn:R05741	cpd:C00005
rn:R05823	cpd:C00005
rn:R05827	cpd:C00005
rn:R05847	cpd:C00005
rn:R05848	cpd:C00005
rn:R05866	cpd:C00005
rn:R05874	cpd:C00005
rn:R05878	cpd:C00005
rn:R05879	cpd:C00005
rn:R06126	cpd:C00005
rn:R06166	cpd:C00005
rn:R06223	cpd:C00005
rn:R06265	cpd:C00005
rn:R06266	cpd:C00005
rn:R06267	cpd:C00005
rn:R06272	cpd:C00005
rn:R06286	cpd:C00005
rn:R06290	cpd:C00005
rn:R06386	cpd:C00005
rn:R06387	cpd:C00005
rn:R06388	cpd:C00005
rn:R06389	cpd:C00005
rn:R06400	cpd:C00005
rn:R06417	cpd:C00005
rn:R06419	cpd:C00005
rn:R06420	cpd:C00005
rn:R06434	cpd:C00005
rn:R06436	cpd:C00005
rn:R06448	cpd:C00005
rn:R06449	cpd:C00005
rn:R06453	cpd:C00005
rn:R06454	cpd:C00005
rn:R06458	cpd:C00005
rn:R06459	cpd:C00005
rn:R06465	cpd:C00005
rn:R06467	cpd:C00005
rn:R06468	cpd:C00005
rn:R06470	cpd:C00005
rn:R06472	cpd:C00005
rn:R06473	cpd:C00005
rn:R06474	cpd:C00005
rn:R06475	cpd:C00005
rn:R06480	cpd:C00005
rn:R06481	cpd:C00005
rn:R06482	cpd:C00005
rn:R06483	cpd:C00005
rn:R06532	cpd:C00005
rn:R06533	cpd:C00005
rn:R06541	cpd:C00005
rn:R06542	cpd:C00005
rn:R06543	cpd:C00005
rn:R06562	cpd:C00005
rn:R06563	cpd:C00005
rn:R06568	cpd:C00005
rn:R06569	cpd:C00005
rn:R06570	cpd:C00005
rn:R06571	cpd:C00005
rn:R06572	cpd:C00005
rn:R06573	cpd:C00005
rn:R06610	cpd:C00005
rn:R06613	cpd:C00005
rn:R06615	cpd:C00005
rn:R06622	cpd:C00005
rn:R06629	cpd:C00005
rn:R06642	cpd:C00005
rn:R06677	cpd:C00005
rn:R06682	cpd:C00005
rn:R06683	cpd:C00005
rn:R06688	cpd:C00005
rn:R06689	cpd:C00005
rn:R06690	cpd:C00005
rn:R06691	cpd:C00005
rn:R06692	cpd:C00005
rn:R06704	cpd:C00005
rn:R06734	cpd:C00005
rn:R06792	cpd:C00005
rn:R06846	cpd:C00005
rn:R06851	cpd:C00005
rn:R06890	cpd:C00005
rn:R06892	cpd:C00005
rn:R06896	cpd:C00005
rn:R06985	cpd:C00005
rn:R07000	cpd:C00005
rn:R07001	cpd:C00005
rn:R07015	cpd:C00005
rn:R07016	cpd:C00005
rn:R07020	cpd:C00005
rn:R07021	cpd:C00005
rn:R07022	cpd:C00005
rn:R07048	cpd:C00005
rn:R07050	cpd:C00005
rn:R07051	cpd:C00005
rn:R07052	cpd:C00005
rn:R07054	cpd:C00005
rn:R07055	cpd:C00005
rn:R07056	cpd:C00005
rn:R07060	cpd:C00005
rn:R07066	cpd:C00005
rn:R07068	cpd:C00005
rn:R07075	cpd:C00005
rn:R07079	cpd:C00005
rn:R07080	cpd:C00005
rn:R07081	cpd:C00005
rn:R07085	cpd:C00005
rn:R07087	cpd:C00005
rn:R07088	cpd:C00005
rn:R07089	cpd:C00005
rn:R07090	cpd:C00005
rn:R07098	cpd:C00005
rn:R07099	cpd:C00005
rn:R07107	cpd:C00005
rn:R07112	cpd:C00005
rn:R07137	cpd:C00005
rn:R07138	cpd:C00005
rn:R07140	cpd:C00005
rn:R07142	cpd:C00005
rn:R07143	cpd:C00005
rn:R07144	cpd:C00005
rn:R07147	cpd:C00005
rn:R07149	cpd:C00005
rn:R07150	cpd:C00005
rn:R07162	cpd:C00005
rn:R07165	cpd:C00005
rn:R07169	cpd:C00005
rn:R07172	cpd:C00005
rn:R07175	cpd:C00005
rn:R07181	cpd:C00005
rn:R07191	cpd:C00005
rn:R07192	cpd:C00005
rn:R07193	cpd:C00005
rn:R07201	cpd:C00005
rn:R07216	cpd:C00005
rn:R07217	cpd:C00005
rn:R07241	cpd:C00005
rn:R07251	cpd:C00005
rn:R07253	cpd:C00005
rn:R07328	cpd:C00005
rn:R07346	cpd:C00005
rn:R07350	cpd:C00005
rn:R07352	cpd:C00005
rn:R07355	cpd:C00005
rn:R07359	cpd:C00005
rn:R07373	cpd:C00005
rn:R07407	cpd:C00005
rn:R07418	cpd:C00005
rn:R07429	cpd:C00005
rn:R07430	cpd:C00005
rn:R07437	cpd:C00005
rn:R07440	cpd:C00005
rn:R07442	cpd:C00005
rn:R07447	cpd:C00005
rn:R07470	cpd:C00005
rn:R07474	cpd:C00005
rn:R07483	cpd:C00005
rn:R07488	cpd:C00005
rn:R07489	cpd:C00005
rn:R07493	cpd:C00005
rn:R07494	cpd:C00005
rn:R07495	cpd:C00005
rn:R07498	cpd:C00005
rn:R07499	cpd:C00005
rn:R07506	cpd:C00005
rn:R07507	cpd:C00005
rn:R07605	cpd:C00005
rn:R07666	cpd:C00005
rn:R07676	cpd:C00005
rn:R07710	cpd:C00005
rn:R07711	cpd:C00005
rn:R07714	cpd:C00005
rn:R07727	cpd:C00005
rn:R07728	cpd:C00005
rn:R07737	cpd:C00005
rn:R07739	cpd:C00005
rn:R07747	cpd:C00005
rn:R07748	cpd:C00005
rn:R07751	cpd:C00005
rn:R07752	cpd:C00005
rn:R07759	cpd:C00005
rn:R07761	cpd:C00005
rn:R07763	cpd:C00005
rn:R07779	cpd:C00005
rn:R07836	cpd:C00005
rn:R07837	cpd:C00005
rn:R07939	cpd:C00005
rn:R07956	cpd:C00005
rn:R07958	cpd:C00005
rn:R07960	cpd:C00005
rn:R07962	cpd:C00005
rn:R07964	cpd:C00005
rn:R07966	cpd:C00005
rn:R07968	cpd:C00005
rn:R07970	cpd:C00005
rn:R07972	cpd:C00005
rn:R07974	cpd:C00005
rn:R07976	cpd:C00005
rn:R07998	cpd:C00005
rn:R07999	cpd:C00005
rn:R08014	cpd:C00005
rn:R08015	cpd:C00005
rn:R08016	cpd:C00005
rn:R08019	cpd:C00005
rn:R08059	cpd:C00005
rn:R08083	cpd:C00005
rn:R08084	cpd:C00005
rn:R08085	cpd:C00005
rn:R08168	cpd:C00005
rn:R08194	cpd:C00005
rn:R08203	cpd:C00005
rn:R08204	cpd:C00005
rn:R08205	cpd:C00005
rn:R08206	cpd:C00005
rn:R08208	cpd:C00005
rn:R08226	cpd:C00005
rn:R08266	cpd:C00005
rn:R08267	cpd:C00005
rn:R08270	cpd:C00005
rn:R08271	cpd:C00005
rn:R08274	cpd:C00005
rn:R08275	cpd:C00005
rn:R08283	cpd:C00005
rn:R08285	cpd:C00005
rn:R08294	cpd:C00005
rn:R08303	cpd:C00005
rn:R08304	cpd:C00005
rn:R08312	cpd:C00005
rn:R08313	cpd:C00005
rn:R08325	cpd:C00005
rn:R08326	cpd:C00005
rn:R08327	cpd:C00005
rn:R08356	cpd:C00005
rn:R08357	cpd:C00005
rn:R08379	cpd:C00005
rn:R08380	cpd:C00005
rn:R08383	cpd:C00005
rn:R08391	cpd:C00005
rn:R08442	cpd:C00005
rn:R08448	cpd:C00005
rn:R08492	cpd:C00005
rn:R08494	cpd:C00005
rn:R08499	cpd:C00005
rn:R08510	cpd:C00005
rn:R08539	cpd:C00005
rn:R08551	cpd:C00005
rn:R08558	cpd:C00005
rn:R08561	cpd:C00005
rn:R08562	cpd:C00005
rn:R08563	cpd:C00005
rn:R08573	cpd:C00005
rn:R08604	cpd:C00005
rn:R08607	cpd:C00005
rn:R08651	cpd:C00005
rn:R08653	cpd:C00005
rn:R08655	cpd:C00005
rn:R08659	cpd:C00005
rn:R08664	cpd:C00005
rn:R08684	cpd:C00005
rn:R08685	cpd:C00005
rn:R08705	cpd:C00005
rn:R08710	cpd:C00005
rn:R08711	cpd:C00005
rn:R08725	cpd:C00005
rn:R08726	cpd:C00005
rn:R08727	cpd:C00005
rn:R08754	cpd:C00005
rn:R08755	cpd:C00005
rn:R08756	cpd:C00005
rn:R08768	cpd:C00005
rn:R08838	cpd:C00005
rn:R08861	cpd:C00005
rn:R08878	cpd:C00005
rn:R08879	cpd:C00005
rn:R08880	cpd:C00005
rn:R08915	cpd:C00005
rn:R08917	cpd:C00005
rn:R08925	cpd:C00005
rn:R08935	cpd:C00005
rn:R08943	cpd:C00005
rn:R08954	cpd:C00005
rn:R08955	cpd:C00005
rn:R08957	cpd:C00005
rn:R08958	cpd:C00005
rn:R08959	cpd:C00005
rn:R08960	cpd:C00005
rn:R08963	cpd:C00005
rn:R08980	cpd:C00005
rn:R08998	cpd:C00005
rn:R08999	cpd:C00005
rn:R09070	cpd:C00005
rn:R09079	cpd:C00005
rn:R09080	cpd:C00005
rn:R09131	cpd:C00005
rn:R09133	cpd:C00005
rn:R09138	cpd:C00005
rn:R09190	cpd:C00005
rn:R09198	cpd:C00005
rn:R09234	cpd:C00005
rn:R09240	cpd:C00005
rn:R09241	cpd:C00005
rn:R09242	cpd:C00005
rn:R09243	cpd:C00005
rn:R09262	cpd:C00005
rn:R09263	cpd:C00005
rn:R09264	cpd:C00005
rn:R09275	cpd:C00005
rn:R09280	cpd:C00005
rn:R09281	cpd:C00005
rn:R09289	cpd:C00005
rn:R09291	cpd:C00005
rn:R09306	cpd:C00005
rn:R09309	cpd:C00005
rn:R09329	cpd:C00005
rn:R09353	cpd:C00005
rn:R09372	cpd:C00005
rn:R09376	cpd:C00005
rn:R09389	cpd:C00005
rn:R09390	cpd:C00005
rn:R09393	cpd:C00005
rn:R09404	cpd:C00005
rn:R09405	cpd:C00005
rn:R09406	cpd:C00005
rn:R09407	cpd:C00005
rn:R09408	cpd:C00005
rn:R09416	cpd:C00005
rn:R09418	cpd:C00005
rn:R09420	cpd:C00005
rn:R09421	cpd:C00005
rn:R09423	cpd:C00005
rn:R09424	cpd:C00005
rn:R09425	cpd:C00005
rn:R09441	cpd:C00005
rn:R09442	cpd:C00005
rn:R09446	cpd:C00005
rn:R09449	cpd:C00005
rn:R09453	cpd:C00005
rn:R09454	cpd:C00005
rn:R09460	cpd:C00005
rn:R09461	cpd:C00005
rn:R09470	cpd:C00005
rn:R09485	cpd:C00005
rn:R09512	cpd:C00005
rn:R09520	cpd:C00005
rn:R09521	cpd:C00005
rn:R09522	cpd:C00005
rn:R09541	cpd:C00005
rn:R09554	cpd:C00005
rn:R09555	cpd:C00005
rn:R09557	cpd:C00005
rn:R09738	cpd:C00005
rn:R09749	cpd:C00005
rn:R09756	cpd:C00005
rn:R09777	cpd:C00005
rn:R09806	cpd:C00005
rn:R09818	cpd:C00005
rn:R09820	cpd:C00005
rn:R09838	cpd:C00005
rn:R09867	cpd:C00005
rn:R09926	cpd:C00005
rn:R09927	cpd:C00005
rn:R09928	cpd:C00005
rn:R09929	cpd:C00005
rn:R09930	cpd:C00005
rn:R09931	cpd:C00005
rn:R09932	cpd:C00005
rn:R09933	cpd:C00005
rn:R09935	cpd:C00005
rn:R09954	cpd:C00005
rn:R09985	cpd:C00005
rn:R09987	cpd:C00005
rn:R09989	cpd:C00005
rn:R09990	cpd:C00005
rn:R10036	cpd:C00005
rn:R10038	cpd:C00005
rn:R10044	cpd:C00005
rn:R10045	cpd:C00005
rn:R10059	cpd:C00005
rn:R10068	cpd:C00005
rn:R10075	cpd:C00005
rn:R10080	cpd:C00005
rn:R10104	cpd:C00005
rn:R10105	cpd:C00005
rn:R10114	cpd:C00005
rn:R10116	cpd:C00005
rn:R10118	cpd:C00005
rn:R10120	cpd:C00005
rn:R10122	cpd:C00005
rn:R10127	cpd:C00005
rn:R10130	cpd:C00005
rn:R10132	cpd:C00005
rn:R10154	cpd:C00005
rn:R10155	cpd:C00005
rn:R10159	cpd:C00005
rn:R10181	cpd:C00005
rn:R10194	cpd:C00005
rn:R10225	cpd:C00005
rn:R10226	cpd:C00005
rn:R10227	cpd:C00005
rn:R10228	cpd:C00005
rn:R10229	cpd:C00005
rn:R10242	cpd:C00005
rn:R10248	cpd:C00005
rn:R10249	cpd:C00005
rn:R10268	cpd:C00005
rn:R10288	cpd:C00005
rn:R10289	cpd:C00005
rn:R10309	cpd:C00005
rn:R10326	cpd:C00005
rn:R10350	cpd:C00005
rn:R10351	cpd:C00005
rn:R10356	cpd:C00005
rn:R10357	cpd:C00005
rn:R10358	cpd:C00005
rn:R10359	cpd:C00005
rn:R10361	cpd:C00005
rn:R10362	cpd:C00005
rn:R10366	cpd:C00005
rn:R10367	cpd:C00005
rn:R10368	cpd:C00005
rn:R10371	cpd:C00005
rn:R10373	cpd:C00005
rn:R10376	cpd:C00005
rn:R10379	cpd:C00005
rn:R10381	cpd:C00005
rn:R10399	cpd:C00005
rn:R10400	cpd:C00005
rn:R10417	cpd:C00005
rn:R10418	cpd:C00005
rn:R10421	cpd:C00005
rn:R10423	cpd:C00005
rn:R10429	cpd:C00005
rn:R10438	cpd:C00005
rn:R10476	cpd:C00005
rn:R10477	cpd:C00005
rn:R10478	cpd:C00005
rn:R10479	cpd:C00005
rn:R10512	cpd:C00005
rn:R10518	cpd:C00005
rn:R10528	cpd:C00005
rn:R10549	cpd:C00005
rn:R10563	cpd:C00005
rn:R10573	cpd:C00005
rn:R10593	cpd:C00005
rn:R10615	cpd:C00005
rn:R10637	cpd:C00005
rn:R10662	cpd:C00005
rn:R10663	cpd:C00005
rn:R10664	cpd:C00005
rn:R10665	cpd:C00005
rn:R10670	cpd:C00005
rn:R10672	cpd:C00005
rn:R10692	cpd:C00005
rn:R10694	cpd:C00005
rn:R10704	cpd:C00005
rn:R10725	cpd:C00005
rn:R10730	cpd:C00005
rn:R10786	cpd:C00005
rn:R10787	cpd:C00005
rn:R10788	cpd:C00005
rn:R10789	cpd:C00005
rn:R10799	cpd:C00005
rn:R10801	cpd:C00005
rn:R10826	cpd:C00005
rn:R10828	cpd:C00005
rn:R10851	cpd:C00005
rn:R10852	cpd:C00005
rn:R10862	cpd:C00005
rn:R10875	cpd:C00005
rn:R10877	cpd:C00005
rn:R10878	cpd:C00005
rn:R10879	cpd:C00005
rn:R10919	cpd:C00005
rn:R10931	cpd:C00005
rn:R10954	cpd:C00005
rn:R10982	cpd:C00005
rn:R10984	cpd:C00005
rn:R11008	cpd:C00005
rn:R11019	cpd:C00005
rn:R11032	cpd:C00005
rn:R11051	cpd:C00005
rn:R11061	cpd:C00005
rn:R11096	cpd:C00005
rn:R11097	cpd:C00005
rn:R11107	cpd:C00005
rn:R11124	cpd:C00005
rn:R11125	cpd:C00005
rn:R11132	cpd:C00005
rn:R11134	cpd:C00005
rn:R11135	cpd:C00005
rn:R11145	cpd:C00005
rn:R11146	cpd:C00005
rn:R11152	cpd:C00005
rn:R11157	cpd:C00005
rn:R11195	cpd:C00005
rn:R11198	cpd:C00005
rn:R11226	cpd:C00005
rn:R11232	cpd:C00005
rn:R11266	cpd:C00005
rn:R11276	cpd:C00005
rn:R11277	cpd:C00005
rn:R11341	cpd:C00005
rn:R11383	cpd:C00005
rn:R11385	cpd:C00005
rn:R11425	cpd:C00005
rn:R11426	cpd:C00005
rn:R11427	cpd:C00005
rn:R11435	cpd:C00005
rn:R11445	cpd:C00005
rn:R11446	cpd:C00005
rn:R11447	cpd:C00005
rn:R11449	cpd:C00005
rn:R11450	cpd:C00005
rn:R11451	cpd:C00005
rn:R11474	cpd:C00005
rn:R11477	cpd:C00005
rn:R11485	cpd:C00005
rn:R11500	cpd:C00005
rn:R11518	cpd:C00005
rn:R11525	cpd:C00005
rn:R11526	cpd:C00005
rn:R11615	cpd:C00005
rn:R11616	cpd:C00005
rn:R11663	cpd:C00005
rn:R11668	cpd:C00005
rn:R11678	cpd:C00005
rn:R11679	cpd:C00005
rn:R11744	cpd:C00005
rn:R11751	cpd:C00005
rn:R11763	cpd:C00005
rn:R11764	cpd:C00005
rn:R11765	cpd:C00005
rn:R11774	cpd:C00005
rn:R11776	cpd:C00005
rn:R11804	cpd:C00005
rn:R11805	cpd:C00005
rn:R11877	cpd:C00005
rn:R11904	cpd:C00005
rn:R11911	cpd:C00005
rn:R11927	cpd:C00005
rn:R12013	cpd:C00005
rn:R12015	cpd:C00005
rn:R12016	cpd:C00005
rn:R12018	cpd:C00005
rn:R12019	cpd:C00005
rn:R12020	cpd:C00005
rn:R12048	cpd:C00005
rn:R12051	cpd:C00005
rn:R12052	cpd:C00005
rn:R12090	cpd:C00005
rn:R12112	cpd:C00005
rn:R12113	cpd:C00005
rn:R12141	cpd:C00005
rn:R12156	cpd:C00005
rn:R12235	cpd:C00005
rn:R12237	cpd:C00005
rn:R12252	cpd:C00005
rn:R12280	cpd:C00005
rn:R12281	cpd:C00005
rn:R12328	cpd:C00005
rn:R12337	cpd:C00005
rn:R12362	cpd:C00005
rn:R12380	cpd:C00005
rn:R12381	cpd:C00005
rn:R12399	cpd:C00005
rn:R12400	cpd:C00005
rn:R12401	cpd:C00005
rn:R12402	cpd:C00005
rn:R12404	cpd:C00005
rn:R12405	cpd:C00005
rn:R12406	cpd:C00005
rn:R12422	cpd:C00005
rn:R12453	cpd:C00005
rn:R12467	cpd:C00005
rn:R12468	cpd:C00005
rn:R12512	cpd:C00005
rn:R12518	cpd:C00005
rn:R12519	cpd:C00005
rn:R12552	cpd:C00005
rn:R12556	cpd:C00005
rn:R12587	cpd:C00005
rn:R12604	cpd:C00005
rn:R12620	cpd:C00005
rn:R12629	cpd:C00005
rn:R12630	cpd:C00005
rn:R12643	cpd:C00005
rn:R12644	cpd:C00005
rn:R12660	cpd:C00005
rn:R12827	cpd:C00005
rn:R12828	cpd:C00005
rn:R12877	cpd:C00005
rn:R12878	cpd:C00005
rn:R12879	cpd:C00005
rn:R12885	cpd:C00005
rn:R12907	cpd:C00005
rn:R12908	cpd:C00005
rn:R12909	cpd:C00005
rn:R12911	cpd:C00005
rn:R12912	cpd:C00005
rn:R12949	cpd:C00005
rn:R12950	cpd:C00005
rn:R12959	cpd:C00005
rn:R12972	cpd:C00005
rn:R12992	cpd:C00005
rn:R12997	cpd:C00005
rn:R13022	cpd:C00005
rn:R13031	cpd:C00005
rn:R13032	cpd:C00005
rn:R13040	cpd:C00005
rn:R13042	cpd:C00005
rn:R13054	cpd:C00005
rn:R13056	cpd:C00005
rn:R13105	cpd:C00005
rn:R13106	cpd:C00005
rn:R13148	cpd:C00005
rn:R13168	cpd:C00005
rn:R13176	cpd:C00005
rn:R13205	cpd:C00005
rn:R13206	cpd:C00005
rn:R13207	cpd:C00005
rn:R13208	cpd:C00005
rn:R13209	cpd:C00005
rn:R13210	cpd:C00005
rn:R13211	cpd:C00005
rn:R13214	cpd:C00005
rn:R13215	cpd:C00005
rn:R13217	cpd:C00005
rn:R13219	cpd:C00005
rn:R13220	cpd:C00005
rn:R13222	cpd:C00005
rn:R13255	cpd:C00005
rn:R13259	cpd:C00005
rn:R13263	cpd:C00005
rn:R13267	cpd:C00005
rn:R13271	cpd:C00005
rn:R13276	cpd:C00005
rn:R13286	cpd:C00005
rn:R13291	cpd:C00005
rn:R13333	cpd:C00005
rn:R13345	cpd:C00005
rn:R13348	cpd:C00005
rn:R13349	cpd:C00005
rn:R13377	cpd:C00005
rn:R13383	cpd:C00005
rn:R13403	cpd:C00005
rn:R13444	cpd:C00005
rn:R13445	cpd:C00005
rn:R13446	cpd:C00005
rn:R13508	cpd:C00005
rn:R13557	cpd:C00005
rn:R13574	cpd:C00005
rn:R13590	cpd:C00005
rn:R13593	cpd:C00005
rn:R13631	cpd:C00005
rn:R13635	cpd:C00005
rn:R00104	cpd:C00006
rn:R00106	cpd:C00006
rn:R00108	cpd:C00006
rn:R00109	cpd:C00006
rn:R00111	cpd:C00006
rn:R00112	cpd:C00006
rn:R00113	cpd:C00006
rn:R00114	cpd:C00006
rn:R00115	cpd:C00006
rn:R00118	cpd:C00006
rn:R00119	cpd:C00006
rn:R00134	cpd:C00006
rn:R00146	cpd:C00006
rn:R00205	cpd:C00006
rn:R00210	cpd:C00006
rn:R00216	cpd:C00006
rn:R00248	cpd:C00006
rn:R00264	cpd:C00006
rn:R00267	cpd:C00006
rn:R00282	cpd:C00006
rn:R00301	cpd:C00006
rn:R00343	cpd:C00006
rn:R00385	cpd:C00006
rn:R00387	cpd:C00006
rn:R00448	cpd:C00006
rn:R00452	cpd:C00006
rn:R00465	cpd:C00006
rn:R00468	cpd:C00006
rn:R00557	cpd:C00006
rn:R00558	cpd:C00006
rn:R00563	cpd:C00006
rn:R00625	cpd:C00006
rn:R00634	cpd:C00006
rn:R00666	cpd:C00006
rn:R00676	cpd:C00006
rn:R00706	cpd:C00006
rn:R00708	cpd:C00006
rn:R00711	cpd:C00006
rn:R00714	cpd:C00006
rn:R00716	cpd:C00006
rn:R00733	cpd:C00006
rn:R00740	cpd:C00006
rn:R00744	cpd:C00006
rn:R00746	cpd:C00006
rn:R00789	cpd:C00006
rn:R00796	cpd:C00006
rn:R00814	cpd:C00006
rn:R00815	cpd:C00006
rn:R00825	cpd:C00006
rn:R00828	cpd:C00006
rn:R00834	cpd:C00006
rn:R00835	cpd:C00006
rn:R00844	cpd:C00006
rn:R00845	cpd:C00006
rn:R00858	cpd:C00006
rn:R00870	cpd:C00006
rn:R00871	cpd:C00006
rn:R00900	cpd:C00006
rn:R00918	cpd:C00006
rn:R00919	cpd:C00006
rn:R00939	cpd:C00006
rn:R00940	cpd:C00006
rn:R00941	cpd:C00006
rn:R00978	cpd:C00006
rn:R00980	cpd:C00006
rn:R01039	cpd:C00006
rn:R01041	cpd:C00006
rn:R01058	cpd:C00006
rn:R01063	cpd:C00006
rn:R01079	cpd:C00006
rn:R01095	cpd:C00006
rn:R01096	cpd:C00006
rn:R01097	cpd:C00006
rn:R01134	cpd:C00006
rn:R01143	cpd:C00006
rn:R01173	cpd:C00006
rn:R01195	cpd:C00006
rn:R01212	cpd:C00006
rn:R01220	cpd:C00006
rn:R01224	cpd:C00006
rn:R01249	cpd:C00006
rn:R01251	cpd:C00006
rn:R01260	cpd:C00006
rn:R01278	cpd:C00006
rn:R01294	cpd:C00006
rn:R01298	cpd:C00006
rn:R01299	cpd:C00006
rn:R01338	cpd:C00006
rn:R01371	cpd:C00006
rn:R01392	cpd:C00006
rn:R01404	cpd:C00006
rn:R01415	cpd:C00006
rn:R01420	cpd:C00006
rn:R01430	cpd:C00006
rn:R01431	cpd:C00006
rn:R01452	cpd:C00006
rn:R01453	cpd:C00006
rn:R01456	cpd:C00006
rn:R01457	cpd:C00006
rn:R01481	cpd:C00006
rn:R01488	cpd:C00006
rn:R01490	cpd:C00006
rn:R01521	cpd:C00006
rn:R01525	cpd:C00006
rn:R01528	cpd:C00006
rn:R01543	cpd:C00006
rn:R01550	cpd:C00006
rn:R01575	cpd:C00006
rn:R01584	cpd:C00006
rn:R01607	cpd:C00006
rn:R01615	cpd:C00006
rn:R01628	cpd:C00006
rn:R01630	cpd:C00006
rn:R01694	cpd:C00006
rn:R01708	cpd:C00006
rn:R01720	cpd:C00006
rn:R01730	cpd:C00006
rn:R01739	cpd:C00006
rn:R01740	cpd:C00006
rn:R01747	cpd:C00006
rn:R01750	cpd:C00006
rn:R01759	cpd:C00006
rn:R01775	cpd:C00006
rn:R01779	cpd:C00006
rn:R01787	cpd:C00006
rn:R01794	cpd:C00006
rn:R01812	cpd:C00006
rn:R01813	cpd:C00006
rn:R01817	cpd:C00006
rn:R01835	cpd:C00006
rn:R01838	cpd:C00006
rn:R01866	cpd:C00006
rn:R01899	cpd:C00006
rn:R01904	cpd:C00006
rn:R01938	cpd:C00006
rn:R01941	cpd:C00006
rn:R01960	cpd:C00006
rn:R01976	cpd:C00006
rn:R01977	cpd:C00006
rn:R01986	cpd:C00006
rn:R02002	cpd:C00006
rn:R02016	cpd:C00006
rn:R02034	cpd:C00006
rn:R02063	cpd:C00006
rn:R02082	cpd:C00006
rn:R02177	cpd:C00006
rn:R02178	cpd:C00006
rn:R02193	cpd:C00006
rn:R02203	cpd:C00006
rn:R02208	cpd:C00006
rn:R02209	cpd:C00006
rn:R02210	cpd:C00006
rn:R02219	cpd:C00006
rn:R02220	cpd:C00006
rn:R02224	cpd:C00006
rn:R02231	cpd:C00006
rn:R02236	cpd:C00006
rn:R02247	cpd:C00006
rn:R02254	cpd:C00006
rn:R02259	cpd:C00006
rn:R02260	cpd:C00006
rn:R02264	cpd:C00006
rn:R02291	cpd:C00006
rn:R02315	cpd:C00006
rn:R02339	cpd:C00006
rn:R02349	cpd:C00006
rn:R02353	cpd:C00006
rn:R02355	cpd:C00006
rn:R02356	cpd:C00006
rn:R02364	cpd:C00006
rn:R02393	cpd:C00006
rn:R02413	cpd:C00006
rn:R02417	cpd:C00006
rn:R02449	cpd:C00006
rn:R02456	cpd:C00006
rn:R02463	cpd:C00006
rn:R02472	cpd:C00006
rn:R02477	cpd:C00006
rn:R02497	cpd:C00006
rn:R02498	cpd:C00006
rn:R02506	cpd:C00006
rn:R02516	cpd:C00006
rn:R02517	cpd:C00006
rn:R02518	cpd:C00006
rn:R02528	cpd:C00006
rn:R02537	cpd:C00006
rn:R02548	cpd:C00006
rn:R02554	cpd:C00006
rn:R02562	cpd:C00006
rn:R02566	cpd:C00006
rn:R02577	cpd:C00006
rn:R02581	cpd:C00006
rn:R02593	cpd:C00006
rn:R02600	cpd:C00006
rn:R02609	cpd:C00006
rn:R02610	cpd:C00006
rn:R02620	cpd:C00006
rn:R02639	cpd:C00006
rn:R02680	cpd:C00006
rn:R02684	cpd:C00006
rn:R02697	cpd:C00006
rn:R02736	cpd:C00006
rn:R02742	cpd:C00006
rn:R02755	cpd:C00006
rn:R02756	cpd:C00006
rn:R02767	cpd:C00006
rn:R02776	cpd:C00006
rn:R02777	cpd:C00006
rn:R02793	cpd:C00006
rn:R02799	cpd:C00006
rn:R02800	cpd:C00006
rn:R02807	cpd:C00006
rn:R02820	cpd:C00006
rn:R02832	cpd:C00006
rn:R02836	cpd:C00006
rn:R02841	cpd:C00006
rn:R02856	cpd:C00006
rn:R02872	cpd:C00006
rn:R02892	cpd:C00006
rn:R02893	cpd:C00006
rn:R02906	cpd:C00006
rn:R02915	cpd:C00006
rn:R02936	cpd:C00006
rn:R02954	cpd:C00006
rn:R02975	cpd:C00006
rn:R02978	cpd:C00006
rn:R02983	cpd:C00006
rn:R02989	cpd:C00006
rn:R02995	cpd:C00006
rn:R02999	cpd:C00006
rn:R03044	cpd:C00006
rn:R03051	cpd:C00006
rn:R03054	cpd:C00006
rn:R03089	cpd:C00006
rn:R03090	cpd:C00006
rn:R03103	cpd:C00006
rn:R03114	cpd:C00006
rn:R03123	cpd:C00006
rn:R03155	cpd:C00006
rn:R03183	cpd:C00006
rn:R03192	cpd:C00006
rn:R03203	cpd:C00006
rn:R03227	cpd:C00006
rn:R03234	cpd:C00006
rn:R03264	cpd:C00006
rn:R03281	cpd:C00006
rn:R03293	cpd:C00006
rn:R03302	cpd:C00006
rn:R03313	cpd:C00006
rn:R03322	cpd:C00006
rn:R03325	cpd:C00006
rn:R03339	cpd:C00006
rn:R03344	cpd:C00006
rn:R03357	cpd:C00006
rn:R03386	cpd:C00006
rn:R03388	cpd:C00006
rn:R03392	cpd:C00006
rn:R03398	cpd:C00006
rn:R03399	cpd:C00006
rn:R03401	cpd:C00006
rn:R03407	cpd:C00006
rn:R03408	cpd:C00006
rn:R03440	cpd:C00006
rn:R03443	cpd:C00006
rn:R03458	cpd:C00006
rn:R03463	cpd:C00006
rn:R03495	cpd:C00006
rn:R03498	cpd:C00006
rn:R03520	cpd:C00006
rn:R03545	cpd:C00006
rn:R03557	cpd:C00006
rn:R03562	cpd:C00006
rn:R03566	cpd:C00006
rn:R03568	cpd:C00006
rn:R03572	cpd:C00006
rn:R03581	cpd:C00006
rn:R03583	cpd:C00006
rn:R03585	cpd:C00006
rn:R03586	cpd:C00006
rn:R03592	cpd:C00006
rn:R03596	cpd:C00006
rn:R03636	cpd:C00006
rn:R03638	cpd:C00006
rn:R03667	cpd:C00006
rn:R03689	cpd:C00006
rn:R03712	cpd:C00006
rn:R03713	cpd:C00006
rn:R03716	cpd:C00006
rn:R03728	cpd:C00006
rn:R03753	cpd:C00006
rn:R03764	cpd:C00006
rn:R03776	cpd:C00006
rn:R03821	cpd:C00006
rn:R03827	cpd:C00006
rn:R03845	cpd:C00006
rn:R03848	cpd:C00006
rn:R03850	cpd:C00006
rn:R03856	cpd:C00006
rn:R03860	cpd:C00006
rn:R03864	cpd:C00006
rn:R03879	cpd:C00006
rn:R03883	cpd:C00006
rn:R03900	cpd:C00006
rn:R03914	cpd:C00006
rn:R03918	cpd:C00006
rn:R03930	cpd:C00006
rn:R03962	cpd:C00006
rn:R03982	cpd:C00006
rn:R03989	cpd:C00006
rn:R03997	cpd:C00006
rn:R03999	cpd:C00006
rn:R04047	cpd:C00006
rn:R04059	cpd:C00006
rn:R04060	cpd:C00006
rn:R04099	cpd:C00006
rn:R04105	cpd:C00006
rn:R04106	cpd:C00006
rn:R04109	cpd:C00006
rn:R04136	cpd:C00006
rn:R04186	cpd:C00006
rn:R04199	cpd:C00006
rn:R04201	cpd:C00006
rn:R04229	cpd:C00006
rn:R04256	cpd:C00006
rn:R04264	cpd:C00006
rn:R04265	cpd:C00006
rn:R04279	cpd:C00006
rn:R04285	cpd:C00006
rn:R04303	cpd:C00006
rn:R04310	cpd:C00006
rn:R04319	cpd:C00006
rn:R04328	cpd:C00006
rn:R04340	cpd:C00006
rn:R04344	cpd:C00006
rn:R04360	cpd:C00006
rn:R04370	cpd:C00006
rn:R04387	cpd:C00006
rn:R04390	cpd:C00006
rn:R04419	cpd:C00006
rn:R04430	cpd:C00006
rn:R04439	cpd:C00006
rn:R04440	cpd:C00006
rn:R04445	cpd:C00006
rn:R04453	cpd:C00006
rn:R04518	cpd:C00006
rn:R04523	cpd:C00006
rn:R04533	cpd:C00006
rn:R04534	cpd:C00006
rn:R04536	cpd:C00006
rn:R04543	cpd:C00006
rn:R04552	cpd:C00006
rn:R04557	cpd:C00006
rn:R04566	cpd:C00006
rn:R04570	cpd:C00006
rn:R04599	cpd:C00006
rn:R04601	cpd:C00006
rn:R04623	cpd:C00006
rn:R04670	cpd:C00006
rn:R04682	cpd:C00006
rn:R04688	cpd:C00006
rn:R04695	cpd:C00006
rn:R04697	cpd:C00006
rn:R04725	cpd:C00006
rn:R04753	cpd:C00006
rn:R04758	cpd:C00006
rn:R04789	cpd:C00006
rn:R04790	cpd:C00006
rn:R04817	cpd:C00006
rn:R04819	cpd:C00006
rn:R04823	cpd:C00006
rn:R04825	cpd:C00006
rn:R04830	cpd:C00006
rn:R04833	cpd:C00006
rn:R04836	cpd:C00006
rn:R04838	cpd:C00006
rn:R04840	cpd:C00006
rn:R04843	cpd:C00006
rn:R04846	cpd:C00006
rn:R04883	cpd:C00006
rn:R04889	cpd:C00006
rn:R04892	cpd:C00006
rn:R04901	cpd:C00006
rn:R04910	cpd:C00006
rn:R04917	cpd:C00006
rn:R04919	cpd:C00006
rn:R04940	cpd:C00006
rn:R04953	cpd:C00006
rn:R04956	cpd:C00006
rn:R04959	cpd:C00006
rn:R04962	cpd:C00006
rn:R04964	cpd:C00006
rn:R04967	cpd:C00006
rn:R04970	cpd:C00006
rn:R04980	cpd:C00006
rn:R04987	cpd:C00006
rn:R05038	cpd:C00006
rn:R05068	cpd:C00006
rn:R05099	cpd:C00006
rn:R05102	cpd:C00006
rn:R05124	cpd:C00006
rn:R05150	cpd:C00006
rn:R05182	cpd:C00006
rn:R05188	cpd:C00006
rn:R05189	cpd:C00006
rn:R05190	cpd:C00006
rn:R05231	cpd:C00006
rn:R05244	cpd:C00006
rn:R05249	cpd:C00006
rn:R05250	cpd:C00006
rn:R05258	cpd:C00006
rn:R05262	cpd:C00006
rn:R05264	cpd:C00006
rn:R05276	cpd:C00006
rn:R05289	cpd:C00006
rn:R05291	cpd:C00006
rn:R05293	cpd:C00006
rn:R05308	cpd:C00006
rn:R05350	cpd:C00006
rn:R05396	cpd:C00006
rn:R05400	cpd:C00006
rn:R05401	cpd:C00006
rn:R05432	cpd:C00006
rn:R05433	cpd:C00006
rn:R05436	cpd:C00006
rn:R05438	cpd:C00006
rn:R05441	cpd:C00006
rn:R05462	cpd:C00006
rn:R05463	cpd:C00006
rn:R05471	cpd:C00006
rn:R05521	cpd:C00006
rn:R05522	cpd:C00006
rn:R05526	cpd:C00006
rn:R05576	cpd:C00006
rn:R05622	cpd:C00006
rn:R05623	cpd:C00006
rn:R05639	cpd:C00006
rn:R05641	cpd:C00006
rn:R05663	cpd:C00006
rn:R05664	cpd:C00006
rn:R05680	cpd:C00006
rn:R05682	cpd:C00006
rn:R05684	cpd:C00006
rn:R05686	cpd:C00006
rn:R05687	cpd:C00006
rn:R05688	cpd:C00006
rn:R05691	cpd:C00006
rn:R05692	cpd:C00006
rn:R05694	cpd:C00006
rn:R05701	cpd:C00006
rn:R05702	cpd:C00006
rn:R05703	cpd:C00006
rn:R05706	cpd:C00006
rn:R05707	cpd:C00006
rn:R05711	cpd:C00006
rn:R05713	cpd:C00006
rn:R05714	cpd:C00006
rn:R05716	cpd:C00006
rn:R05725	cpd:C00006
rn:R05741	cpd:C00006
rn:R05823	cpd:C00006
rn:R05827	cpd:C00006
rn:R05847	cpd:C00006
rn:R05848	cpd:C00006
rn:R05866	cpd:C00006
rn:R05874	cpd:C00006
rn:R05878	cpd:C00006
rn:R05879	cpd:C00006
rn:R06126	cpd:C00006
rn:R06166	cpd:C00006
rn:R06223	cpd:C00006
rn:R06265	cpd:C00006
rn:R06266	cpd:C00006
rn:R06267	cpd:C00006
rn:R06272	cpd:C00006
rn:R06286	cpd:C00006
rn:R06290	cpd:C00006
rn:R06386	cpd:C00006
rn:R06387	cpd:C00006
rn:R06388	cpd:C00006
rn:R06389	cpd:C00006
rn:R06400	cpd:C00006
rn:R06417	cpd:C00006
rn:R06419	cpd:C00006
rn:R06420	cpd:C00006
rn:R06434	cpd:C00006
rn:R06436	cpd:C00006
rn:R06448	cpd:C00006
rn:R06449	cpd:C00006
rn:R06453	cpd:C00006
rn:R06454	cpd:C00006
rn:R06458	cpd:C00006
rn:R06459	cpd:C00006
rn:R06465	cpd:C00006
rn:R06467	cpd:C00006
rn:R06468	cpd:C00006
rn:R06470	cpd:C00006
rn:R06472	cpd:C00006
rn:R06473	cpd:C00006
rn:R06474	cpd:C00006
rn:R06475	cpd:C00006
rn:R06480	cpd:C00006
rn:R06481	cpd:C00006
rn:R06482	cpd:C00006
rn:R06483	cpd:C00006
rn:R06532	cpd:C00006
rn:R06533	cpd:C00006
rn:R06541	cpd:C00006
rn:R06542	cpd:C00006
rn:R06543	cpd:C00006
rn:R06562	cpd:C00006
rn:R06563	cpd:C00006
rn:R06568	cpd:C00006
rn:R06569	cpd:C00006
rn:R06570	cpd:C00006
rn:R06571	cpd:C00006
rn:R06572	cpd:C00006
rn:R06573	cpd:C00006
rn:R06610	cpd:C00006
rn:R06613	cpd:C00006
rn:R06615	cpd:C00006
rn:R06622	cpd:C00006
rn:R06629	cpd:C00006
rn:R06642	cpd:C00006
rn:R06677	cpd:C00006
rn:R06682	cpd:C00006
rn:R06683	cpd:C00006
rn:R06688	cpd:C00006
rn:R06689	cpd:C00006
rn:R06690	cpd:C00006
rn:R06691	cpd:C00006
rn:R06692	cpd:C00006
rn:R06704	cpd:C00006
rn:R06734	cpd:C00006
rn:R06792	cpd:C00006
rn:R06846	cpd:C00006
rn:R06851	cpd:C00006
rn:R06890	cpd:C00006
rn:R06892	cpd:C00006
rn:R06896	cpd:C00006
rn:R06985	cpd:C00006
rn:R07000	cpd:C00006
rn:R07001	cpd:C00006
rn:R07015	cpd:C00006
rn:R07016	cpd:C00006
rn:R07020	cpd:C00006
rn:R07021	cpd:C00006
rn:R07022	cpd:C00006
rn:R07048	cpd:C00006
rn:R07050	cpd:C00006
rn:R07051	cpd:C00006
rn:R07052	cpd:C00006
rn:R07054	cpd:C00006
rn:R07055	cpd:C00006
rn:R07056	cpd:C00006
rn:R07060	cpd:C00006
rn:R07066	cpd:C00006
rn:R07068	cpd:C00006
rn:R07075	cpd:C00006
rn:R07079	cpd:C00006
rn:R07080	cpd:C00006
rn:R07081	cpd:C00006
rn:R07085	cpd:C00006
rn:R07087	cpd:C00006
rn:R07088	cpd:C00006
rn:R07089	cpd:C00006
rn:R07090	cpd:C00006
rn:R07098	cpd:C00006
rn:R07099	cpd:C00006
rn:R07107	cpd:C00006
rn:R07112	cpd:C00006
rn:R07137	cpd:C00006
rn:R07138	cpd:C00006
rn:R07140	cpd:C00006
rn:R07142	cpd:C00006
rn:R07143	cpd:C00006
rn:R07144	cpd:C00006
rn:R07147	cpd:C00006
rn:R07149	cpd:C00006
rn:R07150	cpd:C00006
rn:R07162	cpd:C00006
rn:R07165	cpd:C00006
rn:R07169	cpd:C00006
rn:R07172	cpd:C00006
rn:R07175	cpd:C00006
rn:R07181	cpd:C00006
rn:R07191	cpd:C00006
rn:R07192	cpd:C00006
rn:R07193	cpd:C00006
rn:R07201	cpd:C00006
rn:R07216	cpd:C00006
rn:R07217	cpd:C00006
rn:R07241	cpd:C00006
rn:R07251	cpd:C00006
rn:R07253	cpd:C00006
rn:R07328	cpd:C00006
rn:R07346	cpd:C00006
rn:R07350	cpd:C00006
rn:R07352	cpd:C00006
rn:R07355	cpd:C00006
rn:R07359	cpd:C00006
rn:R07373	cpd:C00006
rn:R07407	cpd:C00006
rn:R07418	cpd:C00006
rn:R07429	cpd:C00006
rn:R07430	cpd:C00006
rn:R07437	cpd:C00006
rn:R07440	cpd:C00006
rn:R07442	cpd:C00006
rn:R07447	cpd:C00006
rn:R07470	cpd:C00006
rn:R07474	cpd:C00006
rn:R07483	cpd:C00006
rn:R07488	cpd:C00006
rn:R07489	cpd:C00006
rn:R07493	cpd:C00006
rn:R07494	cpd:C00006
rn:R07495	cpd:C00006
rn:R07498	cpd:C00006
rn:R07499	cpd:C00006
rn:R07506	cpd:C00006
rn:R07507	cpd:C00006
rn:R07605	cpd:C00006
rn:R07666	cpd:C00006
rn:R07676	cpd:C00006
rn:R07710	cpd:C00006
rn:R07711	cpd:C00006
rn:R07714	cpd:C00006
rn:R07727	cpd:C00006
rn:R07728	cpd:C00006
rn:R07737	cpd:C00006
rn:R07739	cpd:C00006
rn:R07747	cpd:C00006
rn:R07748	cpd:C00006
rn:R07751	cpd:C00006
rn:R07752	cpd:C00006
rn:R07759	cpd:C00006
rn:R07761	cpd:C00006
rn:R07763	cpd:C00006
rn:R07779	cpd:C00006
rn:R07836	cpd:C00006
rn:R07837	cpd:C00006
rn:R07939	cpd:C00006
rn:R07956	cpd:C00006
rn:R07958	cpd:C00006
rn:R07960	cpd:C00006
rn:R07962	cpd:C00006
rn:R07964	cpd:C00006
rn:R07966	cpd:C00006
rn:R07968	cpd:C00006
rn:R07970	cpd:C00006
rn:R07972	cpd:C00006
rn:R07974	cpd:C00006
rn:R07976	cpd:C00006
rn:R07998	cpd:C00006
rn:R07999	cpd:C00006
rn:R08014	cpd:C00006
rn:R08015	cpd:C00006
rn:R08016	cpd:C00006
rn:R08019	cpd:C00006
rn:R08059	cpd:C00006
rn:R08083	cpd:C00006
rn:R08084	cpd:C00006
rn:R08085	cpd:C00006
rn:R08168	cpd:C00006
rn:R08194	cpd:C00006
rn:R08203	cpd:C00006
rn:R08204	cpd:C00006
rn:R08205	cpd:C00006
rn:R08206	cpd:C00006
rn:R08208	cpd:C00006
rn:R08226	cpd:C00006
rn:R08266	cpd:C00006
rn:R08267	cpd:C00006
rn:R08270	cpd:C00006
rn:R08271	cpd:C00006
rn:R08274	cpd:C00006
rn:R08275	cpd:C00006
rn:R08283	cpd:C00006
rn:R08285	cpd:C00006
rn:R08294	cpd:C00006
rn:R08303	cpd:C00006
rn:R08304	cpd:C00006
rn:R08312	cpd:C00006
rn:R08313	cpd:C00006
rn:R08325	cpd:C00006
rn:R08326	cpd:C00006
rn:R08327	cpd:C00006
rn:R08356	cpd:C00006
rn:R08357	cpd:C00006
rn:R08379	cpd:C00006
rn:R08380	cpd:C00006
rn:R08383	cpd:C00006
rn:R08391	cpd:C00006
rn:R08442	cpd:C00006
rn:R08448	cpd:C00006
rn:R08492	cpd:C00006
rn:R08494	cpd:C00006
rn:R08499	cpd:C00006
rn:R08510	cpd:C00006
rn:R08539	cpd:C00006
rn:R08551	cpd:C00006
rn:R08558	cpd:C00006
rn:R08561	cpd:C00006
rn:R08562	cpd:C00006
rn:R08563	cpd:C00006
rn:R08573	cpd:C00006
rn:R08604	cpd:C00006
rn:R08607	cpd:C00006
rn:R08651	cpd:C00006
rn:R08653	cpd:C00006
rn:R08655	cpd:C00006
rn:R08659	cpd:C00006
rn:R08664	cpd:C00006
rn:R08684	cpd:C00006
rn:R08685	cpd:C00006
rn:R08705	cpd:C00006
rn:R08710	cpd:C00006
rn:R08711	cpd:C00006
rn:R08725	cpd:C00006
rn:R08726	cpd:C00006
rn:R08727	cpd:C00006
rn:R08754	cpd:C00006
rn:R08755	cpd:C00006
rn:R08756	cpd:C00006
rn:R08768	cpd:C00006
rn:R08838	cpd:C00006
rn:R08861	cpd:C00006
rn:R08878	cpd:C00006
rn:R08879	cpd:C00006
rn:R08880	cpd:C00006
rn:R08915	cpd:C00006
rn:R08917	cpd:C00006
rn:R08925	cpd:C00006
rn:R08935	cpd:C00006
rn:R08943	cpd:C00006
rn:R08954	cpd:C00006
rn:R08955	cpd:C00006
rn:R08957	cpd:C00006
rn:R08958	cpd:C00006
rn:R08959	cpd:C00006
rn:R08960	cpd:C00006
rn:R08963	cpd:C00006
rn:R08980	cpd:C00006
rn:R08998	cpd:C00006
rn:R08999	cpd:C00006
rn:R09070	cpd:C00006
rn:R09079	cpd:C00006
rn:R09080	cpd:C00006
rn:R09131	cpd:C00006
rn:R09133	cpd:C00006
rn:R09138	cpd:C00006
rn:R09190	cpd:C00006
rn:R09198	cpd:C00006
rn:R09234	cpd:C00006
rn:R09240	cpd:C00006
rn:R09241	cpd:C00006
rn:R09242	cpd:C00006
rn:R09243	cpd:C00006
rn:R09262	cpd:C00006
rn:R09263	cpd:C00006
rn:R09264	cpd:C00006
rn:R09275	cpd:C00006
rn:R09280	cpd:C00006
rn:R09281	cpd:C00006
rn:R09289	cpd:C00006
rn:R09291	cpd:C00006
rn:R09306	cpd:C00006
rn:R09309	cpd:C00006
rn:R09329	cpd:C00006
rn:R09353	cpd:C00006
rn:R09372	cpd:C00006
rn:R09376	cpd:C00006
rn:R09389	cpd:C00006
rn:R09390	cpd:C00006
rn:R09393	cpd:C00006
rn:R09404	cpd:C00006
rn:R09405	cpd:C00006
rn:R09406	cpd:C00006
rn:R09407	cpd:C00006
rn:R09408	cpd:C00006
rn:R09416	cpd:C00006
rn:R09418	cpd:C00006
rn:R09420	cpd:C00006
rn:R09421	cpd:C00006
rn:R09423	cpd:C00006
rn:R09424	cpd:C00006
rn:R09425	cpd:C00006
rn:R09441	cpd:C00006
rn:R09442	cpd:C00006
rn:R09446	cpd:C00006
rn:R09449	cpd:C00006
rn:R09453	cpd:C00006
rn:R09454	cpd:C00006
rn:R09460	cpd:C00006
rn:R09461	cpd:C00006
rn:R09470	cpd:C00006
rn:R09485	cpd:C00006
rn:R09512	cpd:C00006
rn:R09520	cpd:C00006
rn:R09521	cpd:C00006
rn:R09522	cpd:C00006
rn:R09541	cpd:C00006
rn:R09554	cpd:C00006
rn:R09555	cpd:C00006
rn:R09557	cpd:C00006
rn:R09738	cpd:C00006
rn:R09749	cpd:C00006
rn:R09756	cpd:C00006
rn:R09777	cpd:C00006
rn:R09806	cpd:C00006
rn:R09818	cpd:C00006
rn:R09820	cpd:C00006
rn:R09838	cpd:C00006
rn:R09867	cpd:C00006
rn:R09926	cpd:C00006
rn:R09927	cpd:C00006
rn:R09928	cpd:C00006
rn:R09929	cpd:C00006
rn:R09930	cpd:C00006
rn:R09931	cpd:C00006
rn:R09932	cpd:C00006
rn:R09933	cpd:C00006
rn:R09935	cpd:C00006
rn:R09954	cpd:C00006
rn:R09985	cpd:C00006
rn:R09987	cpd:C00006
rn:R09989	cpd:C00006
rn:R09990	cpd:C00006
rn:R10036	cpd:C00006
rn:R10038	cpd:C00006
rn:R10044	cpd:C00006
rn:R10045	cpd:C00006
rn:R10059	cpd:C00006
rn:R10068	cpd:C00006
rn:R10075	cpd:C00006
rn:R10080	cpd:C00006
rn:R10104	cpd:C00006
rn:R10105	cpd:C00006
rn:R10114	cpd:C00006
rn:R10116	cpd:C00006
rn:R10118	cpd:C00006
rn:R10120	cpd:C00006
rn:R10122	cpd:C00006
rn:R10127	cpd:C00006
rn:R10130	cpd:C00006
rn:R10132	cpd:C00006
rn:R10154	cpd:C00006
rn:R10155	cpd:C00006
rn:R10159	cpd:C00006
rn:R10181	cpd:C00006
rn:R10194	cpd:C00006
rn:R10225	cpd:C00006
rn:R10226	cpd:C00006
rn:R10227	cpd:C00006
rn:R10228	cpd:C00006
rn:R10229	cpd:C00006
rn:R10242	cpd:C00006
rn:R10248	cpd:C00006
rn:R10249	cpd:C00006
rn:R10289	cpd:C00006
rn:R10309	cpd:C00006
rn:R10326	cpd:C00006
rn:R10350	cpd:C00006
rn:R10351	cpd:C00006
rn:R10356	cpd:C00006
rn:R10357	cpd:C00006
rn:R10358	cpd:C00006
rn:R10359	cpd:C00006
rn:R10361	cpd:C00006
rn:R10362	cpd:C00006
rn:R10366	cpd:C00006
rn:R10367	cpd:C00006
rn:R10368	cpd:C00006
rn:R10371	cpd:C00006
rn:R10373	cpd:C00006
rn:R10376	cpd:C00006
rn:R10379	cpd:C00006
rn:R10381	cpd:C00006
rn:R10399	cpd:C00006
rn:R10400	cpd:C00006
rn:R10417	cpd:C00006
rn:R10418	cpd:C00006
rn:R10421	cpd:C00006
rn:R10423	cpd:C00006
rn:R10429	cpd:C00006
rn:R10438	cpd:C00006
rn:R10476	cpd:C00006
rn:R10477	cpd:C00006
rn:R10478	cpd:C00006
rn:R10479	cpd:C00006
rn:R10512	cpd:C00006
rn:R10518	cpd:C00006
rn:R10528	cpd:C00006
rn:R10549	cpd:C00006
rn:R10563	cpd:C00006
rn:R10573	cpd:C00006
rn:R10593	cpd:C00006
rn:R10615	cpd:C00006
rn:R10631	cpd:C00006
rn:R10636	cpd:C00006
rn:R10637	cpd:C00006
rn:R10662	cpd:C00006
rn:R10663	cpd:C00006
rn:R10664	cpd:C00006
rn:R10665	cpd:C00006
rn:R10670	cpd:C00006
rn:R10672	cpd:C00006
rn:R10692	cpd:C00006
rn:R10694	cpd:C00006
rn:R10704	cpd:C00006
rn:R10725	cpd:C00006
rn:R10730	cpd:C00006
rn:R10786	cpd:C00006
rn:R10787	cpd:C00006
rn:R10788	cpd:C00006
rn:R10789	cpd:C00006
rn:R10799	cpd:C00006
rn:R10801	cpd:C00006
rn:R10826	cpd:C00006
rn:R10828	cpd:C00006
rn:R10851	cpd:C00006
rn:R10852	cpd:C00006
rn:R10862	cpd:C00006
rn:R10875	cpd:C00006
rn:R10877	cpd:C00006
rn:R10878	cpd:C00006
rn:R10879	cpd:C00006
rn:R10919	cpd:C00006
rn:R10931	cpd:C00006
rn:R10954	cpd:C00006
rn:R10982	cpd:C00006
rn:R10984	cpd:C00006
rn:R11008	cpd:C00006
rn:R11019	cpd:C00006
rn:R11032	cpd:C00006
rn:R11051	cpd:C00006
rn:R11061	cpd:C00006
rn:R11096	cpd:C00006
rn:R11097	cpd:C00006
rn:R11107	cpd:C00006
rn:R11124	cpd:C00006
rn:R11125	cpd:C00006
rn:R11132	cpd:C00006
rn:R11134	cpd:C00006
rn:R11135	cpd:C00006
rn:R11145	cpd:C00006
rn:R11146	cpd:C00006
rn:R11152	cpd:C00006
rn:R11157	cpd:C00006
rn:R11195	cpd:C00006
rn:R11198	cpd:C00006
rn:R11226	cpd:C00006
rn:R11232	cpd:C00006
rn:R11266	cpd:C00006
rn:R11276	cpd:C00006
rn:R11277	cpd:C00006
rn:R11341	cpd:C00006
rn:R11383	cpd:C00006
rn:R11385	cpd:C00006
rn:R11425	cpd:C00006
rn:R11426	cpd:C00006
rn:R11427	cpd:C00006
rn:R11435	cpd:C00006
rn:R11445	cpd:C00006
rn:R11446	cpd:C00006
rn:R11447	cpd:C00006
rn:R11449	cpd:C00006
rn:R11450	cpd:C00006
rn:R11451	cpd:C00006
rn:R11474	cpd:C00006
rn:R11477	cpd:C00006
rn:R11485	cpd:C00006
rn:R11500	cpd:C00006
rn:R11518	cpd:C00006
rn:R11525	cpd:C00006
rn:R11526	cpd:C00006
rn:R11615	cpd:C00006
rn:R11616	cpd:C00006
rn:R11663	cpd:C00006
rn:R11668	cpd:C00006
rn:R11678	cpd:C00006
rn:R11679	cpd:C00006
rn:R11744	cpd:C00006
rn:R11751	cpd:C00006
rn:R11763	cpd:C00006
rn:R11764	cpd:C00006
rn:R11765	cpd:C00006
rn:R11774	cpd:C00006
rn:R11776	cpd:C00006
rn:R11804	cpd:C00006
rn:R11805	cpd:C00006
rn:R11877	cpd:C00006
rn:R11904	cpd:C00006
rn:R11909	cpd:C00006
rn:R11911	cpd:C00006
rn:R11927	cpd:C00006
rn:R12013	cpd:C00006
rn:R12015	cpd:C00006
rn:R12016	cpd:C00006
rn:R12018	cpd:C00006
rn:R12019	cpd:C00006
rn:R12020	cpd:C00006
rn:R12048	cpd:C00006
rn:R12051	cpd:C00006
rn:R12052	cpd:C00006
rn:R12090	cpd:C00006
rn:R12112	cpd:C00006
rn:R12113	cpd:C00006
rn:R12141	cpd:C00006
rn:R12156	cpd:C00006
rn:R12235	cpd:C00006
rn:R12237	cpd:C00006
rn:R12252	cpd:C00006
rn:R12280	cpd:C00006
rn:R12281	cpd:C00006
rn:R12328	cpd:C00006
rn:R12337	cpd:C00006
rn:R12362	cpd:C00006
rn:R12380	cpd:C00006
rn:R12381	cpd:C00006
rn:R12399	cpd:C00006
rn:R12400	cpd:C00006
rn:R12401	cpd:C00006
rn:R12402	cpd:C00006
rn:R12404	cpd:C00006
rn:R12405	cpd:C00006
rn:R12406	cpd:C00006
rn:R12422	cpd:C00006
rn:R12453	cpd:C00006
rn:R12467	cpd:C00006
rn:R12468	cpd:C00006
rn:R12512	cpd:C00006
rn:R12518	cpd:C00006
rn:R12519	cpd:C00006
rn:R12552	cpd:C00006
rn:R12556	cpd:C00006
rn:R12604	cpd:C00006
rn:R12620	cpd:C00006
rn:R12629	cpd:C00006
rn:R12630	cpd:C00006
rn:R12643	cpd:C00006
rn:R12644	cpd:C00006
rn:R12660	cpd:C00006
rn:R12827	cpd:C00006
rn:R12828	cpd:C00006
rn:R12877	cpd:C00006
rn:R12878	cpd:C00006
rn:R12879	cpd:C00006
rn:R12885	cpd:C00006
rn:R12907	cpd:C00006
rn:R12908	cpd:C00006
rn:R12909	cpd:C00006
rn:R12911	cpd:C00006
rn:R12912	cpd:C00006
rn:R12949	cpd:C00006
rn:R12950	cpd:C00006
rn:R12959	cpd:C00006
rn:R12972	cpd:C00006
rn:R12992	cpd:C00006
rn:R12997	cpd:C00006
rn:R13022	cpd:C00006
rn:R13031	cpd:C00006
rn:R13032	cpd:C00006
rn:R13040	cpd:C00006
rn:R13042	cpd:C00006
rn:R13054	cpd:C00006
rn:R13056	cpd:C00006
rn:R13105	cpd:C00006
rn:R13106	cpd:C00006
rn:R13148	cpd:C00006
rn:R13168	cpd:C00006
rn:R13176	cpd:C00006
rn:R13205	cpd:C00006
rn:R13206	cpd:C00006
rn:R13207	cpd:C00006
rn:R13208	cpd:C00006
rn:R13209	cpd:C00006
rn:R13210	cpd:C00006
rn:R13211	cpd:C00006
rn:R13214	cpd:C00006
rn:R13215	cpd:C00006
rn:R13217	cpd:C00006
rn:R13219	cpd:C00006
rn:R13220	cpd:C00006
rn:R13222	cpd:C00006
rn:R13255	cpd:C00006
rn:R13259	cpd:C00006
rn:R13263	cpd:C00006
rn:R13267	cpd:C00006
rn:R13271	cpd:C00006
rn:R13276	cpd:C00006
rn:R13286	cpd:C00006
rn:R13291	cpd:C00006
rn:R13333	cpd:C00006
rn:R13345	cpd:C00006
rn:R13348	cpd:C00006
rn:R13349	cpd:C00006
rn:R13377	cpd:C00006
rn:R13383	cpd:C00006
rn:R13403	cpd:C00006
rn:R13444	cpd:C00006
rn:R13445	cpd:C00006
rn:R13446	cpd:C00006
rn:R13508	cpd:C00006
rn:R13557	cpd:C00006
rn:R13574	cpd:C00006
rn:R13590	cpd:C00006
rn:R13593	cpd:C00006
rn:R13631	cpd:C00006
rn:R13635	cpd:C00006
rn:R00009	cpd:C00007
rn:R00025	cpd:C00007
rn:R00031	cpd:C00007
rn:R00032	cpd:C00007
rn:R00033	cpd:C00007
rn:R00041	cpd:C00007
rn:R00042	cpd:C00007
rn:R00043	cpd:C00007
rn:R00044	cpd:C00007
rn:R00045	cpd:C00007
rn:R00047	cpd:C00007
rn:R00055	cpd:C00007
rn:R00057	cpd:C00007
rn:R00058	cpd:C00007
rn:R00060	cpd:C00007
rn:R00061	cpd:C00007
rn:R00068	cpd:C00007
rn:R00069	cpd:C00007
rn:R00070	cpd:C00007
rn:R00072	cpd:C00007
rn:R00074	cpd:C00007
rn:R00078	cpd:C00007
rn:R00080	cpd:C00007
rn:R00081	cpd:C00007
rn:R00082	cpd:C00007
rn:R00083	cpd:C00007
rn:R00111	cpd:C00007
rn:R00120	cpd:C00007
rn:R00148	cpd:C00007
rn:R00207	cpd:C00007
rn:R00211	cpd:C00007
rn:R00250	cpd:C00007
rn:R00273	cpd:C00007
rn:R00275	cpd:C00007
rn:R00277	cpd:C00007
rn:R00278	cpd:C00007
rn:R00279	cpd:C00007
rn:R00302	cpd:C00007
rn:R00311	cpd:C00007
rn:R00319	cpd:C00007
rn:R00357	cpd:C00007
rn:R00359	cpd:C00007
rn:R00360	cpd:C00007
rn:R00366	cpd:C00007
rn:R00388	cpd:C00007
rn:R00447	cpd:C00007
rn:R00448	cpd:C00007
rn:R00449	cpd:C00007
rn:R00466	cpd:C00007
rn:R00475	cpd:C00007
rn:R00481	cpd:C00007
rn:R00533	cpd:C00007
rn:R00557	cpd:C00007
rn:R00558	cpd:C00007
rn:R00559	cpd:C00007
rn:R00608	cpd:C00007
rn:R00610	cpd:C00007
rn:R00612	cpd:C00007
rn:R00635	cpd:C00007
rn:R00637	cpd:C00007
rn:R00643	cpd:C00007
rn:R00646	cpd:C00007
rn:R00648	cpd:C00007
rn:R00677	cpd:C00007
rn:R00678	cpd:C00007
rn:R00679	cpd:C00007
rn:R00681	cpd:C00007
rn:R00689	cpd:C00007
rn:R00690	cpd:C00007
rn:R00698	cpd:C00007
rn:R00729	cpd:C00007
rn:R00730	cpd:C00007
rn:R00731	cpd:C00007
rn:R00793	cpd:C00007
rn:R00799	cpd:C00007
rn:R00800	cpd:C00007
rn:R00815	cpd:C00007
rn:R00816	cpd:C00007
rn:R00817	cpd:C00007
rn:R00818	cpd:C00007
rn:R00823	cpd:C00007
rn:R00825	cpd:C00007
rn:R00828	cpd:C00007
rn:R00846	cpd:C00007
rn:R00893	cpd:C00007
rn:R00975	cpd:C00007
rn:R00980	cpd:C00007
rn:R00983	cpd:C00007
rn:R00993	cpd:C00007
rn:R01022	cpd:C00007
rn:R01033	cpd:C00007
rn:R01098	cpd:C00007
rn:R01099	cpd:C00007
rn:R01115	cpd:C00007
rn:R01142	cpd:C00007
rn:R01143	cpd:C00007
rn:R01151	cpd:C00007
rn:R01184	cpd:C00007
rn:R01203	cpd:C00007
rn:R01252	cpd:C00007
rn:R01259	cpd:C00007
rn:R01260	cpd:C00007
rn:R01264	cpd:C00007
rn:R01295	cpd:C00007
rn:R01296	cpd:C00007
rn:R01297	cpd:C00007
rn:R01298	cpd:C00007
rn:R01299	cpd:C00007
rn:R01303	cpd:C00007
rn:R01305	cpd:C00007
rn:R01306	cpd:C00007
rn:R01340	cpd:C00007
rn:R01341	cpd:C00007
rn:R01347	cpd:C00007
rn:R01348	cpd:C00007
rn:R01372	cpd:C00007
rn:R01412	cpd:C00007
rn:R01442	cpd:C00007
rn:R01452	cpd:C00007
rn:R01453	cpd:C00007
rn:R01454	cpd:C00007
rn:R01459	cpd:C00007
rn:R01463	cpd:C00007
rn:R01469	cpd:C00007
rn:R01489	cpd:C00007
rn:R01491	cpd:C00007
rn:R01506	cpd:C00007
rn:R01507	cpd:C00007
rn:R01508	cpd:C00007
rn:R01522	cpd:C00007
rn:R01564	cpd:C00007
rn:R01590	cpd:C00007
rn:R01593	cpd:C00007
rn:R01594	cpd:C00007
rn:R01595	cpd:C00007
rn:R01596	cpd:C00007
rn:R01599	cpd:C00007
rn:R01609	cpd:C00007
rn:R01628	cpd:C00007
rn:R01629	cpd:C00007
rn:R01630	cpd:C00007
rn:R01631	cpd:C00007
rn:R01632	cpd:C00007
rn:R01636	cpd:C00007
rn:R01695	cpd:C00007
rn:R01709	cpd:C00007
rn:R01710	cpd:C00007
rn:R01711	cpd:C00007
rn:R01769	cpd:C00007
rn:R01795	cpd:C00007
rn:R01803	cpd:C00007
rn:R01814	cpd:C00007
rn:R01815	cpd:C00007
rn:R01833	cpd:C00007
rn:R01840	cpd:C00007
rn:R01842	cpd:C00007
rn:R01851	cpd:C00007
rn:R01853	cpd:C00007
rn:R01879	cpd:C00007
rn:R01910	cpd:C00007
rn:R01914	cpd:C00007
rn:R01960	cpd:C00007
rn:R01962	cpd:C00007
rn:R02075	cpd:C00007
rn:R02076	cpd:C00007
rn:R02078	cpd:C00007
rn:R02106	cpd:C00007
rn:R02107	cpd:C00007
rn:R02125	cpd:C00007
rn:R02130	cpd:C00007
rn:R02131	cpd:C00007
rn:R02132	cpd:C00007
rn:R02150	cpd:C00007
rn:R02156	cpd:C00007
rn:R02160	cpd:C00007
rn:R02173	cpd:C00007
rn:R02178	cpd:C00007
rn:R02197	cpd:C00007
rn:R02204	cpd:C00007
rn:R02210	cpd:C00007
rn:R02211	cpd:C00007
rn:R02212	cpd:C00007
rn:R02213	cpd:C00007
rn:R02214	cpd:C00007
rn:R02218	cpd:C00007
rn:R02222	cpd:C00007
rn:R02231	cpd:C00007
rn:R02233	cpd:C00007
rn:R02253	cpd:C00007
rn:R02254	cpd:C00007
rn:R02277	cpd:C00007
rn:R02281	cpd:C00007
rn:R02338	cpd:C00007
rn:R02339	cpd:C00007
rn:R02351	cpd:C00007
rn:R02354	cpd:C00007
rn:R02355	cpd:C00007
rn:R02356	cpd:C00007
rn:R02363	cpd:C00007
rn:R02373	cpd:C00007
rn:R02374	cpd:C00007
rn:R02382	cpd:C00007
rn:R02383	cpd:C00007
rn:R02394	cpd:C00007
rn:R02397	cpd:C00007
rn:R02442	cpd:C00007
rn:R02443	cpd:C00007
rn:R02444	cpd:C00007
rn:R02445	cpd:C00007
rn:R02449	cpd:C00007
rn:R02457	cpd:C00007
rn:R02467	cpd:C00007
rn:R02468	cpd:C00007
rn:R02469	cpd:C00007
rn:R02470	cpd:C00007
rn:R02486	cpd:C00007
rn:R02501	cpd:C00007
rn:R02503	cpd:C00007
rn:R02514	cpd:C00007
rn:R02515	cpd:C00007
rn:R02516	cpd:C00007
rn:R02517	cpd:C00007
rn:R02518	cpd:C00007
rn:R02519	cpd:C00007
rn:R02520	cpd:C00007
rn:R02521	cpd:C00007
rn:R02529	cpd:C00007
rn:R02532	cpd:C00007
rn:R02535	cpd:C00007
rn:R02550	cpd:C00007
rn:R02554	cpd:C00007
rn:R02561	cpd:C00007
rn:R02562	cpd:C00007
rn:R02589	cpd:C00007
rn:R02613	cpd:C00007
rn:R02656	cpd:C00007
rn:R02657	cpd:C00007
rn:R02665	cpd:C00007
rn:R02666	cpd:C00007
rn:R02670	cpd:C00007
rn:R02673	cpd:C00007
rn:R02681	cpd:C00007
rn:R02698	cpd:C00007
rn:R02702	cpd:C00007
rn:R02708	cpd:C00007
rn:R02715	cpd:C00007
rn:R02723	cpd:C00007
rn:R02724	cpd:C00007
rn:R02725	cpd:C00007
rn:R02726	cpd:C00007
rn:R02816	cpd:C00007
rn:R02823	cpd:C00007
rn:R02830	cpd:C00007
rn:R02838	cpd:C00007
rn:R02843	cpd:C00007
rn:R02874	cpd:C00007
rn:R02877	cpd:C00007
rn:R02879	cpd:C00007
rn:R02880	cpd:C00007
rn:R02894	cpd:C00007
rn:R02908	cpd:C00007
rn:R02909	cpd:C00007
rn:R02919	cpd:C00007
rn:R02923	cpd:C00007
rn:R02950	cpd:C00007
rn:R02968	cpd:C00007
rn:R02995	cpd:C00007
rn:R03006	cpd:C00007
rn:R03008	cpd:C00007
rn:R03009	cpd:C00007
rn:R03023	cpd:C00007
rn:R03086	cpd:C00007
rn:R03087	cpd:C00007
rn:R03088	cpd:C00007
rn:R03089	cpd:C00007
rn:R03090	cpd:C00007
rn:R03092	cpd:C00007
rn:R03097	cpd:C00007
rn:R03124	cpd:C00007
rn:R03125	cpd:C00007
rn:R03126	cpd:C00007
rn:R03135	cpd:C00007
rn:R03137	cpd:C00007
rn:R03139	cpd:C00007
rn:R03140	cpd:C00007
rn:R03184	cpd:C00007
rn:R03202	cpd:C00007
rn:R03204	cpd:C00007
rn:R03206	cpd:C00007
rn:R03218	cpd:C00007
rn:R03219	cpd:C00007
rn:R03220	cpd:C00007
rn:R03222	cpd:C00007
rn:R03246	cpd:C00007
rn:R03253	cpd:C00007
rn:R03262	cpd:C00007
rn:R03263	cpd:C00007
rn:R03281	cpd:C00007
rn:R03299	cpd:C00007
rn:R03303	cpd:C00007
rn:R03306	cpd:C00007
rn:R03326	cpd:C00007
rn:R03329	cpd:C00007
rn:R03344	cpd:C00007
rn:R03365	cpd:C00007
rn:R03369	cpd:C00007
rn:R03370	cpd:C00007
rn:R03376	cpd:C00007
rn:R03385	cpd:C00007
rn:R03386	cpd:C00007
rn:R03408	cpd:C00007
rn:R03439	cpd:C00007
rn:R03440	cpd:C00007
rn:R03441	cpd:C00007
rn:R03451	cpd:C00007
rn:R03452	cpd:C00007
rn:R03462	cpd:C00007
rn:R03466	cpd:C00007
rn:R03476	cpd:C00007
rn:R03507	cpd:C00007
rn:R03510	cpd:C00007
rn:R03543	cpd:C00007
rn:R03549	cpd:C00007
rn:R03550	cpd:C00007
rn:R03555	cpd:C00007
rn:R03556	cpd:C00007
rn:R03559	cpd:C00007
rn:R03560	cpd:C00007
rn:R03562	cpd:C00007
rn:R03566	cpd:C00007
rn:R03568	cpd:C00007
rn:R03590	cpd:C00007
rn:R03608	cpd:C00007
rn:R03610	cpd:C00007
rn:R03611	cpd:C00007
rn:R03615	cpd:C00007
rn:R03626	cpd:C00007
rn:R03628	cpd:C00007
rn:R03629	cpd:C00007
rn:R03630	cpd:C00007
rn:R03637	cpd:C00007
rn:R03638	cpd:C00007
rn:R03639	cpd:C00007
rn:R03640	cpd:C00007
rn:R03682	cpd:C00007
rn:R03697	cpd:C00007
rn:R03698	cpd:C00007
rn:R03712	cpd:C00007
rn:R03722	cpd:C00007
rn:R03728	cpd:C00007
rn:R03736	cpd:C00007
rn:R03737	cpd:C00007
rn:R03783	cpd:C00007
rn:R03784	cpd:C00007
rn:R03794	cpd:C00007
rn:R03806	cpd:C00007
rn:R03807	cpd:C00007
rn:R03809	cpd:C00007
rn:R03812	cpd:C00007
rn:R03814	cpd:C00007
rn:R03818	cpd:C00007
rn:R03831	cpd:C00007
rn:R03833	cpd:C00007
rn:R03834	cpd:C00007
rn:R03842	cpd:C00007
rn:R03849	cpd:C00007
rn:R03851	cpd:C00007
rn:R03866	cpd:C00007
rn:R03871	cpd:C00007
rn:R03873	cpd:C00007
rn:R03891	cpd:C00007
rn:R03899	cpd:C00007
rn:R03907	cpd:C00007
rn:R03912	cpd:C00007
rn:R03933	cpd:C00007
rn:R03964	cpd:C00007
rn:R03982	cpd:C00007
rn:R03997	cpd:C00007
rn:R03998	cpd:C00007
rn:R03999	cpd:C00007
rn:R04025	cpd:C00007
rn:R04027	cpd:C00007
rn:R04032	cpd:C00007
rn:R04036	cpd:C00007
rn:R04048	cpd:C00007
rn:R04060	cpd:C00007
rn:R04061	cpd:C00007
rn:R04063	cpd:C00007
rn:R04066	cpd:C00007
rn:R04073	cpd:C00007
rn:R04078	cpd:C00007
rn:R04085	cpd:C00007
rn:R04089	cpd:C00007
rn:R04102	cpd:C00007
rn:R04117	cpd:C00007
rn:R04121	cpd:C00007
rn:R04122	cpd:C00007
rn:R04130	cpd:C00007
rn:R04178	cpd:C00007
rn:R04221	cpd:C00007
rn:R04239	cpd:C00007
rn:R04256	cpd:C00007
rn:R04258	cpd:C00007
rn:R04276	cpd:C00007
rn:R04280	cpd:C00007
rn:R04300	cpd:C00007
rn:R04327	cpd:C00007
rn:R04328	cpd:C00007
rn:R04342	cpd:C00007
rn:R04366	cpd:C00007
rn:R04376	cpd:C00007
rn:R04392	cpd:C00007
rn:R04400	cpd:C00007
rn:R04437	cpd:C00007
rn:R04460	cpd:C00007
rn:R04501	cpd:C00007
rn:R04523	cpd:C00007
rn:R04570	cpd:C00007
rn:R04571	cpd:C00007
rn:R04597	cpd:C00007
rn:R04602	cpd:C00007
rn:R04674	cpd:C00007
rn:R04675	cpd:C00007
rn:R04676	cpd:C00007
rn:R04690	cpd:C00007
rn:R04693	cpd:C00007
rn:R04694	cpd:C00007
rn:R04696	cpd:C00007
rn:R04699	cpd:C00007
rn:R04700	cpd:C00007
rn:R04702	cpd:C00007
rn:R04703	cpd:C00007
rn:R04706	cpd:C00007
rn:R04708	cpd:C00007
rn:R04759	cpd:C00007
rn:R04761	cpd:C00007
rn:R04768	cpd:C00007
rn:R04789	cpd:C00007
rn:R04790	cpd:C00007
rn:R04798	cpd:C00007
rn:R04799	cpd:C00007
rn:R04800	cpd:C00007
rn:R04803	cpd:C00007
rn:R04806	cpd:C00007
rn:R04807	cpd:C00007
rn:R04826	cpd:C00007
rn:R04850	cpd:C00007
rn:R04852	cpd:C00007
rn:R04853	cpd:C00007
rn:R04854	cpd:C00007
rn:R04855	cpd:C00007
rn:R04872	cpd:C00007
rn:R04884	cpd:C00007
rn:R04886	cpd:C00007
rn:R04890	cpd:C00007
rn:R04893	cpd:C00007
rn:R04894	cpd:C00007
rn:R04902	cpd:C00007
rn:R04904	cpd:C00007
rn:R04907	cpd:C00007
rn:R04908	cpd:C00007
rn:R04915	cpd:C00007
rn:R04980	cpd:C00007
rn:R04987	cpd:C00007
rn:R05036	cpd:C00007
rn:R05037	cpd:C00007
rn:R05039	cpd:C00007
rn:R05097	cpd:C00007
rn:R05126	cpd:C00007
rn:R05127	cpd:C00007
rn:R05144	cpd:C00007
rn:R05148	cpd:C00007
rn:R05153	cpd:C00007
rn:R05154	cpd:C00007
rn:R05155	cpd:C00007
rn:R05156	cpd:C00007
rn:R05157	cpd:C00007
rn:R05158	cpd:C00007
rn:R05210	cpd:C00007
rn:R05215	cpd:C00007
rn:R05217	cpd:C00007
rn:R05228	cpd:C00007
rn:R05229	cpd:C00007
rn:R05245	cpd:C00007
rn:R05246	cpd:C00007
rn:R05247	cpd:C00007
rn:R05248	cpd:C00007
rn:R05249	cpd:C00007
rn:R05250	cpd:C00007
rn:R05256	cpd:C00007
rn:R05257	cpd:C00007
rn:R05258	cpd:C00007
rn:R05259	cpd:C00007
rn:R05260	cpd:C00007
rn:R05261	cpd:C00007
rn:R05262	cpd:C00007
rn:R05263	cpd:C00007
rn:R05264	cpd:C00007
rn:R05265	cpd:C00007
rn:R05266	cpd:C00007
rn:R05270	cpd:C00007
rn:R05273	cpd:C00007
rn:R05274	cpd:C00007
rn:R05278	cpd:C00007
rn:R05279	cpd:C00007
rn:R05280	cpd:C00007
rn:R05281	cpd:C00007
rn:R05288	cpd:C00007
rn:R05290	cpd:C00007
rn:R05291	cpd:C00007
rn:R05294	cpd:C00007
rn:R05295	cpd:C00007
rn:R05299	cpd:C00007
rn:R05301	cpd:C00007
rn:R05302	cpd:C00007
rn:R05317	cpd:C00007
rn:R05320	cpd:C00007
rn:R05321	cpd:C00007
rn:R05322	cpd:C00007
rn:R05334	cpd:C00007
rn:R05345	cpd:C00007
rn:R05404	cpd:C00007
rn:R05405	cpd:C00007
rn:R05406	cpd:C00007
rn:R05407	cpd:C00007
rn:R05408	cpd:C00007
rn:R05409	cpd:C00007
rn:R05410	cpd:C00007
rn:R05411	cpd:C00007
rn:R05412	cpd:C00007
rn:R05413	cpd:C00007
rn:R05414	cpd:C00007
rn:R05415	cpd:C00007
rn:R05416	cpd:C00007
rn:R05417	cpd:C00007
rn:R05418	cpd:C00007
rn:R05419	cpd:C00007
rn:R05422	cpd:C00007
rn:R05423	cpd:C00007
rn:R05425	cpd:C00007
rn:R05426	cpd:C00007
rn:R05427	cpd:C00007
rn:R05428	cpd:C00007
rn:R05429	cpd:C00007
rn:R05430	cpd:C00007
rn:R05431	cpd:C00007
rn:R05432	cpd:C00007
rn:R05433	cpd:C00007
rn:R05434	cpd:C00007
rn:R05435	cpd:C00007
rn:R05436	cpd:C00007
rn:R05437	cpd:C00007
rn:R05438	cpd:C00007
rn:R05439	cpd:C00007
rn:R05440	cpd:C00007
rn:R05441	cpd:C00007
rn:R05442	cpd:C00007
rn:R05443	cpd:C00007
rn:R05444	cpd:C00007
rn:R05446	cpd:C00007
rn:R05447	cpd:C00007
rn:R05448	cpd:C00007
rn:R05449	cpd:C00007
rn:R05450	cpd:C00007
rn:R05462	cpd:C00007
rn:R05463	cpd:C00007
rn:R05466	cpd:C00007
rn:R05468	cpd:C00007
rn:R05469	cpd:C00007
rn:R05475	cpd:C00007
rn:R05487	cpd:C00007
rn:R05488	cpd:C00007
rn:R05492	cpd:C00007
rn:R05493	cpd:C00007
rn:R05519	cpd:C00007
rn:R05521	cpd:C00007
rn:R05522	cpd:C00007
rn:R05540	cpd:C00007
rn:R05541	cpd:C00007
rn:R05542	cpd:C00007
rn:R05564	cpd:C00007
rn:R05565	cpd:C00007
rn:R05567	cpd:C00007
rn:R05568	cpd:C00007
rn:R05621	cpd:C00007
rn:R05622	cpd:C00007
rn:R05623	cpd:C00007
rn:R05632	cpd:C00007
rn:R05640	cpd:C00007
rn:R05650	cpd:C00007
rn:R05653	cpd:C00007
rn:R05654	cpd:C00007
rn:R05655	cpd:C00007
rn:R05665	cpd:C00007
rn:R05666	cpd:C00007
rn:R05695	cpd:C00007
rn:R05696	cpd:C00007
rn:R05697	cpd:C00007
rn:R05698	cpd:C00007
rn:R05718	cpd:C00007
rn:R05719	cpd:C00007
rn:R05720	cpd:C00007
rn:R05721	cpd:C00007
rn:R05722	cpd:C00007
rn:R05723	cpd:C00007
rn:R05724	cpd:C00007
rn:R05725	cpd:C00007
rn:R05727	cpd:C00007
rn:R05728	cpd:C00007
rn:R05729	cpd:C00007
rn:R05730	cpd:C00007
rn:R05731	cpd:C00007
rn:R05732	cpd:C00007
rn:R05733	cpd:C00007
rn:R05734	cpd:C00007
rn:R05739	cpd:C00007
rn:R05740	cpd:C00007
rn:R05741	cpd:C00007
rn:R05742	cpd:C00007
rn:R05778	cpd:C00007
rn:R05821	cpd:C00007
rn:R05822	cpd:C00007
rn:R05828	cpd:C00007
rn:R05829	cpd:C00007
rn:R05832	cpd:C00007
rn:R05833	cpd:C00007
rn:R05843	cpd:C00007
rn:R05849	cpd:C00007
rn:R05855	cpd:C00007
rn:R05857	cpd:C00007
rn:R05861	cpd:C00007
rn:R05862	cpd:C00007
rn:R05863	cpd:C00007
rn:R05866	cpd:C00007
rn:R05877	cpd:C00007
rn:R06119	cpd:C00007
rn:R06124	cpd:C00007
rn:R06154	cpd:C00007
rn:R06244	cpd:C00007
rn:R06254	cpd:C00007
rn:R06255	cpd:C00007
rn:R06265	cpd:C00007
rn:R06266	cpd:C00007
rn:R06267	cpd:C00007
rn:R06291	cpd:C00007
rn:R06292	cpd:C00007
rn:R06293	cpd:C00007
rn:R06294	cpd:C00007
rn:R06295	cpd:C00007
rn:R06296	cpd:C00007
rn:R06297	cpd:C00007
rn:R06306	cpd:C00007
rn:R06308	cpd:C00007
rn:R06309	cpd:C00007
rn:R06322	cpd:C00007
rn:R06323	cpd:C00007
rn:R06335	cpd:C00007
rn:R06336	cpd:C00007
rn:R06337	cpd:C00007
rn:R06338	cpd:C00007
rn:R06351	cpd:C00007
rn:R06354	cpd:C00007
rn:R06386	cpd:C00007
rn:R06387	cpd:C00007
rn:R06388	cpd:C00007
rn:R06389	cpd:C00007
rn:R06398	cpd:C00007
rn:R06400	cpd:C00007
rn:R06401	cpd:C00007
rn:R06402	cpd:C00007
rn:R06404	cpd:C00007
rn:R06406	cpd:C00007
rn:R06449	cpd:C00007
rn:R06454	cpd:C00007
rn:R06462	cpd:C00007
rn:R06463	cpd:C00007
rn:R06464	cpd:C00007
rn:R06465	cpd:C00007
rn:R06467	cpd:C00007
rn:R06468	cpd:C00007
rn:R06470	cpd:C00007
rn:R06501	cpd:C00007
rn:R06519	cpd:C00007
rn:R06525	cpd:C00007
rn:R06526	cpd:C00007
rn:R06537	cpd:C00007
rn:R06538	cpd:C00007
rn:R06539	cpd:C00007
rn:R06540	cpd:C00007
rn:R06551	cpd:C00007
rn:R06560	cpd:C00007
rn:R06561	cpd:C00007
rn:R06572	cpd:C00007
rn:R06573	cpd:C00007
rn:R06582	cpd:C00007
rn:R06606	cpd:C00007
rn:R06607	cpd:C00007
rn:R06622	cpd:C00007
rn:R06624	cpd:C00007
rn:R06632	cpd:C00007
rn:R06633	cpd:C00007
rn:R06679	cpd:C00007
rn:R06683	cpd:C00007
rn:R06688	cpd:C00007
rn:R06689	cpd:C00007
rn:R06690	cpd:C00007
rn:R06691	cpd:C00007
rn:R06692	cpd:C00007
rn:R06696	cpd:C00007
rn:R06700	cpd:C00007
rn:R06704	cpd:C00007
rn:R06740	cpd:C00007
rn:R06752	cpd:C00007
rn:R06758	cpd:C00007
rn:R06759	cpd:C00007
rn:R06782	cpd:C00007
rn:R06783	cpd:C00007
rn:R06786	cpd:C00007
rn:R06787	cpd:C00007
rn:R06788	cpd:C00007
rn:R06792	cpd:C00007
rn:R06831	cpd:C00007
rn:R06833	cpd:C00007
rn:R06839	cpd:C00007
rn:R06851	cpd:C00007
rn:R06856	cpd:C00007
rn:R06865	cpd:C00007
rn:R06883	cpd:C00007
rn:R06884	cpd:C00007
rn:R06886	cpd:C00007
rn:R06888	cpd:C00007
rn:R06890	cpd:C00007
rn:R06892	cpd:C00007
rn:R06902	cpd:C00007
rn:R06909	cpd:C00007
rn:R06911	cpd:C00007
rn:R06915	cpd:C00007
rn:R06916	cpd:C00007
rn:R06919	cpd:C00007
rn:R06921	cpd:C00007
rn:R06924	cpd:C00007
rn:R06926	cpd:C00007
rn:R06930	cpd:C00007
rn:R06932	cpd:C00007
rn:R06936	cpd:C00007
rn:R06937	cpd:C00007
rn:R06939	cpd:C00007
rn:R06945	cpd:C00007
rn:R06946	cpd:C00007
rn:R06947	cpd:C00007
rn:R06952	cpd:C00007
rn:R06953	cpd:C00007
rn:R06957	cpd:C00007
rn:R07000	cpd:C00007
rn:R07001	cpd:C00007
rn:R07016	cpd:C00007
rn:R07020	cpd:C00007
rn:R07021	cpd:C00007
rn:R07022	cpd:C00007
rn:R07038	cpd:C00007
rn:R07041	cpd:C00007
rn:R07046	cpd:C00007
rn:R07047	cpd:C00007
rn:R07048	cpd:C00007
rn:R07049	cpd:C00007
rn:R07050	cpd:C00007
rn:R07051	cpd:C00007
rn:R07052	cpd:C00007
rn:R07053	cpd:C00007
rn:R07054	cpd:C00007
rn:R07055	cpd:C00007
rn:R07056	cpd:C00007
rn:R07057	cpd:C00007
rn:R07061	cpd:C00007
rn:R07063	cpd:C00007
rn:R07066	cpd:C00007
rn:R07068	cpd:C00007
rn:R07075	cpd:C00007
rn:R07079	cpd:C00007
rn:R07080	cpd:C00007
rn:R07081	cpd:C00007
rn:R07085	cpd:C00007
rn:R07087	cpd:C00007
rn:R07088	cpd:C00007
rn:R07089	cpd:C00007
rn:R07090	cpd:C00007
rn:R07098	cpd:C00007
rn:R07099	cpd:C00007
rn:R07107	cpd:C00007
rn:R07112	cpd:C00007
rn:R07128	cpd:C00007
rn:R07151	cpd:C00007
rn:R07152	cpd:C00007
rn:R07170	cpd:C00007
rn:R07171	cpd:C00007
rn:R07172	cpd:C00007
rn:R07183	cpd:C00007
rn:R07184	cpd:C00007
rn:R07185	cpd:C00007
rn:R07186	cpd:C00007
rn:R07187	cpd:C00007
rn:R07188	cpd:C00007
rn:R07191	cpd:C00007
rn:R07192	cpd:C00007
rn:R07193	cpd:C00007
rn:R07194	cpd:C00007
rn:R07195	cpd:C00007
rn:R07196	cpd:C00007
rn:R07197	cpd:C00007
rn:R07198	cpd:C00007
rn:R07201	cpd:C00007
rn:R07202	cpd:C00007
rn:R07203	cpd:C00007
rn:R07204	cpd:C00007
rn:R07205	cpd:C00007
rn:R07206	cpd:C00007
rn:R07207	cpd:C00007
rn:R07208	cpd:C00007
rn:R07209	cpd:C00007
rn:R07210	cpd:C00007
rn:R07211	cpd:C00007
rn:R07212	cpd:C00007
rn:R07213	cpd:C00007
rn:R07214	cpd:C00007
rn:R07215	cpd:C00007
rn:R07216	cpd:C00007
rn:R07217	cpd:C00007
rn:R07218	cpd:C00007
rn:R07221	cpd:C00007
rn:R07224	cpd:C00007
rn:R07225	cpd:C00007
rn:R07329	cpd:C00007
rn:R07353	cpd:C00007
rn:R07356	cpd:C00007
rn:R07357	cpd:C00007
rn:R07360	cpd:C00007
rn:R07362	cpd:C00007
rn:R07363	cpd:C00007
rn:R07364	cpd:C00007
rn:R07365	cpd:C00007
rn:R07366	cpd:C00007
rn:R07367	cpd:C00007
rn:R07368	cpd:C00007
rn:R07369	cpd:C00007
rn:R07370	cpd:C00007
rn:R07371	cpd:C00007
rn:R07372	cpd:C00007
rn:R07373	cpd:C00007
rn:R07400	cpd:C00007
rn:R07403	cpd:C00007
rn:R07409	cpd:C00007
rn:R07415	cpd:C00007
rn:R07421	cpd:C00007
rn:R07422	cpd:C00007
rn:R07423	cpd:C00007
rn:R07430	cpd:C00007
rn:R07431	cpd:C00007
rn:R07440	cpd:C00007
rn:R07445	cpd:C00007
rn:R07446	cpd:C00007
rn:R07448	cpd:C00007
rn:R07450	cpd:C00007
rn:R07451	cpd:C00007
rn:R07452	cpd:C00007
rn:R07453	cpd:C00007
rn:R07454	cpd:C00007
rn:R07455	cpd:C00007
rn:R07457	cpd:C00007
rn:R07458	cpd:C00007
rn:R07463	cpd:C00007
rn:R07467	cpd:C00007
rn:R07470	cpd:C00007
rn:R07471	cpd:C00007
rn:R07474	cpd:C00007
rn:R07486	cpd:C00007
rn:R07489	cpd:C00007
rn:R07491	cpd:C00007
rn:R07506	cpd:C00007
rn:R07509	cpd:C00007
rn:R07518	cpd:C00007
rn:R07525	cpd:C00007
rn:R07526	cpd:C00007
rn:R07530	cpd:C00007
rn:R07531	cpd:C00007
rn:R07537	cpd:C00007
rn:R07538	cpd:C00007
rn:R07557	cpd:C00007
rn:R07558	cpd:C00007
rn:R07559	cpd:C00007
rn:R07561	cpd:C00007
rn:R07562	cpd:C00007
rn:R07563	cpd:C00007
rn:R07564	cpd:C00007
rn:R07565	cpd:C00007
rn:R07566	cpd:C00007
rn:R07567	cpd:C00007
rn:R07568	cpd:C00007
rn:R07569	cpd:C00007
rn:R07570	cpd:C00007
rn:R07571	cpd:C00007
rn:R07572	cpd:C00007
rn:R07573	cpd:C00007
rn:R07598	cpd:C00007
rn:R07657	cpd:C00007
rn:R07663	cpd:C00007
rn:R07665	cpd:C00007
rn:R07682	cpd:C00007
rn:R07683	cpd:C00007
rn:R07684	cpd:C00007
rn:R07686	cpd:C00007
rn:R07687	cpd:C00007
rn:R07691	cpd:C00007
rn:R07697	cpd:C00007
rn:R07698	cpd:C00007
rn:R07699	cpd:C00007
rn:R07700	cpd:C00007
rn:R07701	cpd:C00007
rn:R07702	cpd:C00007
rn:R07704	cpd:C00007
rn:R07706	cpd:C00007
rn:R07709	cpd:C00007
rn:R07710	cpd:C00007
rn:R07711	cpd:C00007
rn:R07712	cpd:C00007
rn:R07714	cpd:C00007
rn:R07715	cpd:C00007
rn:R07745	cpd:C00007
rn:R07746	cpd:C00007
rn:R07776	cpd:C00007
rn:R07777	cpd:C00007
rn:R07778	cpd:C00007
rn:R07779	cpd:C00007
rn:R07786	cpd:C00007
rn:R07787	cpd:C00007
rn:R07791	cpd:C00007
rn:R07792	cpd:C00007
rn:R07793	cpd:C00007
rn:R07795	cpd:C00007
rn:R07799	cpd:C00007
rn:R07801	cpd:C00007
rn:R07827	cpd:C00007
rn:R07836	cpd:C00007
rn:R07837	cpd:C00007
rn:R07850	cpd:C00007
rn:R07851	cpd:C00007
rn:R07861	cpd:C00007
rn:R07864	cpd:C00007
rn:R07869	cpd:C00007
rn:R07933	cpd:C00007
rn:R07934	cpd:C00007
rn:R07939	cpd:C00007
rn:R07942	cpd:C00007
rn:R07948	cpd:C00007
rn:R07949	cpd:C00007
rn:R07950	cpd:C00007
rn:R07954	cpd:C00007
rn:R07955	cpd:C00007
rn:R07956	cpd:C00007
rn:R07957	cpd:C00007
rn:R07958	cpd:C00007
rn:R07959	cpd:C00007
rn:R07960	cpd:C00007
rn:R07961	cpd:C00007
rn:R07962	cpd:C00007
rn:R07963	cpd:C00007
rn:R07964	cpd:C00007
rn:R07965	cpd:C00007
rn:R07966	cpd:C00007
rn:R07967	cpd:C00007
rn:R07968	cpd:C00007
rn:R07969	cpd:C00007
rn:R07970	cpd:C00007
rn:R07971	cpd:C00007
rn:R07972	cpd:C00007
rn:R07973	cpd:C00007
rn:R07974	cpd:C00007
rn:R07975	cpd:C00007
rn:R07976	cpd:C00007
rn:R07977	cpd:C00007
rn:R07978	cpd:C00007
rn:R07979	cpd:C00007
rn:R07981	cpd:C00007
rn:R07983	cpd:C00007
rn:R07993	cpd:C00007
rn:R07996	cpd:C00007
rn:R07997	cpd:C00007
rn:R08002	cpd:C00007
rn:R08005	cpd:C00007
rn:R08008	cpd:C00007
rn:R08009	cpd:C00007
rn:R08010	cpd:C00007
rn:R08020	cpd:C00007
rn:R08032	cpd:C00007
rn:R08037	cpd:C00007
rn:R08038	cpd:C00007
rn:R08050	cpd:C00007
rn:R08053	cpd:C00007
rn:R08054	cpd:C00007
rn:R08055	cpd:C00007
rn:R08066	cpd:C00007
rn:R08068	cpd:C00007
rn:R08081	cpd:C00007
rn:R08082	cpd:C00007
rn:R08100	cpd:C00007
rn:R08101	cpd:C00007
rn:R08103	cpd:C00007
rn:R08104	cpd:C00007
rn:R08108	cpd:C00007
rn:R08109	cpd:C00007
rn:R08110	cpd:C00007
rn:R08114	cpd:C00007
rn:R08115	cpd:C00007
rn:R08134	cpd:C00007
rn:R08138	cpd:C00007
rn:R08148	cpd:C00007
rn:R08160	cpd:C00007
rn:R08161	cpd:C00007
rn:R08168	cpd:C00007
rn:R08173	cpd:C00007
rn:R08203	cpd:C00007
rn:R08204	cpd:C00007
rn:R08205	cpd:C00007
rn:R08206	cpd:C00007
rn:R08207	cpd:C00007
rn:R08211	cpd:C00007
rn:R08212	cpd:C00007
rn:R08225	cpd:C00007
rn:R08235	cpd:C00007
rn:R08257	cpd:C00007
rn:R08264	cpd:C00007
rn:R08265	cpd:C00007
rn:R08266	cpd:C00007
rn:R08267	cpd:C00007
rn:R08270	cpd:C00007
rn:R08271	cpd:C00007
rn:R08274	cpd:C00007
rn:R08275	cpd:C00007
rn:R08285	cpd:C00007
rn:R08294	cpd:C00007
rn:R08303	cpd:C00007
rn:R08304	cpd:C00007
rn:R08312	cpd:C00007
rn:R08313	cpd:C00007
rn:R08325	cpd:C00007
rn:R08326	cpd:C00007
rn:R08327	cpd:C00007
rn:R08346	cpd:C00007
rn:R08347	cpd:C00007
rn:R08348	cpd:C00007
rn:R08349	cpd:C00007
rn:R08384	cpd:C00007
rn:R08390	cpd:C00007
rn:R08391	cpd:C00007
rn:R08392	cpd:C00007
rn:R08408	cpd:C00007
rn:R08440	cpd:C00007
rn:R08448	cpd:C00007
rn:R08505	cpd:C00007
rn:R08517	cpd:C00007
rn:R08518	cpd:C00007
rn:R08527	cpd:C00007
rn:R08604	cpd:C00007
rn:R08607	cpd:C00007
rn:R08610	cpd:C00007
rn:R08611	cpd:C00007
rn:R08652	cpd:C00007
rn:R08653	cpd:C00007
rn:R08655	cpd:C00007
rn:R08659	cpd:C00007
rn:R08663	cpd:C00007
rn:R08664	cpd:C00007
rn:R08665	cpd:C00007
rn:R08666	cpd:C00007
rn:R08670	cpd:C00007
rn:R08672	cpd:C00007
rn:R08673	cpd:C00007
rn:R08674	cpd:C00007
rn:R08675	cpd:C00007
rn:R08678	cpd:C00007
rn:R08684	cpd:C00007
rn:R08685	cpd:C00007
rn:R08702	cpd:C00007
rn:R08725	cpd:C00007
rn:R08726	cpd:C00007
rn:R08727	cpd:C00007
rn:R08760	cpd:C00007
rn:R08761	cpd:C00007
rn:R08762	cpd:C00007
rn:R08764	cpd:C00007
rn:R08768	cpd:C00007
rn:R08770	cpd:C00007
rn:R08784	cpd:C00007
rn:R08785	cpd:C00007
rn:R08790	cpd:C00007
rn:R08795	cpd:C00007
rn:R08815	cpd:C00007
rn:R08826	cpd:C00007
rn:R08828	cpd:C00007
rn:R08832	cpd:C00007
rn:R08836	cpd:C00007
rn:R08838	cpd:C00007
rn:R08840	cpd:C00007
rn:R08841	cpd:C00007
rn:R08851	cpd:C00007
rn:R08852	cpd:C00007
rn:R08853	cpd:C00007
rn:R08854	cpd:C00007
rn:R08864	cpd:C00007
rn:R08889	cpd:C00007
rn:R08896	cpd:C00007
rn:R08902	cpd:C00007
rn:R08908	cpd:C00007
rn:R08912	cpd:C00007
rn:R08913	cpd:C00007
rn:R08920	cpd:C00007
rn:R08921	cpd:C00007
rn:R08922	cpd:C00007
rn:R08923	cpd:C00007
rn:R08925	cpd:C00007
rn:R08943	cpd:C00007
rn:R08949	cpd:C00007
rn:R08961	cpd:C00007
rn:R08965	cpd:C00007
rn:R08972	cpd:C00007
rn:R08997	cpd:C00007
rn:R08998	cpd:C00007
rn:R08999	cpd:C00007
rn:R09002	cpd:C00007
rn:R09042	cpd:C00007
rn:R09074	cpd:C00007
rn:R09075	cpd:C00007
rn:R09076	cpd:C00007
rn:R09077	cpd:C00007
rn:R09083	cpd:C00007
rn:R09122	cpd:C00007
rn:R09125	cpd:C00007
rn:R09130	cpd:C00007
rn:R09131	cpd:C00007
rn:R09134	cpd:C00007
rn:R09141	cpd:C00007
rn:R09148	cpd:C00007
rn:R09151	cpd:C00007
rn:R09152	cpd:C00007
rn:R09156	cpd:C00007
rn:R09159	cpd:C00007
rn:R09160	cpd:C00007
rn:R09161	cpd:C00007
rn:R09163	cpd:C00007
rn:R09165	cpd:C00007
rn:R09167	cpd:C00007
rn:R09169	cpd:C00007
rn:R09171	cpd:C00007
rn:R09174	cpd:C00007
rn:R09178	cpd:C00007
rn:R09182	cpd:C00007
rn:R09184	cpd:C00007
rn:R09190	cpd:C00007
rn:R09198	cpd:C00007
rn:R09201	cpd:C00007
rn:R09204	cpd:C00007
rn:R09206	cpd:C00007
rn:R09209	cpd:C00007
rn:R09210	cpd:C00007
rn:R09214	cpd:C00007
rn:R09227	cpd:C00007
rn:R09233	cpd:C00007
rn:R09234	cpd:C00007
rn:R09237	cpd:C00007
rn:R09272	cpd:C00007
rn:R09275	cpd:C00007
rn:R09276	cpd:C00007
rn:R09313	cpd:C00007
rn:R09314	cpd:C00007
rn:R09327	cpd:C00007
rn:R09334	cpd:C00007
rn:R09335	cpd:C00007
rn:R09338	cpd:C00007
rn:R09353	cpd:C00007
rn:R09363	cpd:C00007
rn:R09385	cpd:C00007
rn:R09389	cpd:C00007
rn:R09390	cpd:C00007
rn:R09393	cpd:C00007
rn:R09402	cpd:C00007
rn:R09403	cpd:C00007
rn:R09404	cpd:C00007
rn:R09405	cpd:C00007
rn:R09406	cpd:C00007
rn:R09407	cpd:C00007
rn:R09408	cpd:C00007
rn:R09416	cpd:C00007
rn:R09418	cpd:C00007
rn:R09421	cpd:C00007
rn:R09423	cpd:C00007
rn:R09424	cpd:C00007
rn:R09425	cpd:C00007
rn:R09441	cpd:C00007
rn:R09442	cpd:C00007
rn:R09451	cpd:C00007
rn:R09452	cpd:C00007
rn:R09453	cpd:C00007
rn:R09454	cpd:C00007
rn:R09460	cpd:C00007
rn:R09461	cpd:C00007
rn:R09472	cpd:C00007
rn:R09492	cpd:C00007
rn:R09495	cpd:C00007
rn:R09503	cpd:C00007
rn:R09504	cpd:C00007
rn:R09510	cpd:C00007
rn:R09511	cpd:C00007
rn:R09512	cpd:C00007
rn:R09513	cpd:C00007
rn:R09514	cpd:C00007
rn:R09515	cpd:C00007
rn:R09516	cpd:C00007
rn:R09517	cpd:C00007
rn:R09518	cpd:C00007
rn:R09519	cpd:C00007
rn:R09548	cpd:C00007
rn:R09549	cpd:C00007
rn:R09555	cpd:C00007
rn:R09560	cpd:C00007
rn:R09562	cpd:C00007
rn:R09565	cpd:C00007
rn:R09566	cpd:C00007
rn:R09567	cpd:C00007
rn:R09570	cpd:C00007
rn:R09571	cpd:C00007
rn:R09572	cpd:C00007
rn:R09573	cpd:C00007
rn:R09575	cpd:C00007
rn:R09576	cpd:C00007
rn:R09577	cpd:C00007
rn:R09578	cpd:C00007
rn:R09579	cpd:C00007
rn:R09580	cpd:C00007
rn:R09583	cpd:C00007
rn:R09584	cpd:C00007
rn:R09586	cpd:C00007
rn:R09587	cpd:C00007
rn:R09601	cpd:C00007
rn:R09602	cpd:C00007
rn:R09603	cpd:C00007
rn:R09604	cpd:C00007
rn:R09605	cpd:C00007
rn:R09671	cpd:C00007
rn:R09682	cpd:C00007
rn:R09727	cpd:C00007
rn:R09728	cpd:C00007
rn:R09747	cpd:C00007
rn:R09782	cpd:C00007
rn:R09784	cpd:C00007
rn:R09785	cpd:C00007
rn:R09786	cpd:C00007
rn:R09798	cpd:C00007
rn:R09807	cpd:C00007
rn:R09810	cpd:C00007
rn:R09811	cpd:C00007
rn:R09812	cpd:C00007
rn:R09813	cpd:C00007
rn:R09814	cpd:C00007
rn:R09815	cpd:C00007
rn:R09816	cpd:C00007
rn:R09817	cpd:C00007
rn:R09818	cpd:C00007
rn:R09819	cpd:C00007
rn:R09838	cpd:C00007
rn:R09859	cpd:C00007
rn:R09860	cpd:C00007
rn:R09861	cpd:C00007
rn:R09862	cpd:C00007
rn:R09863	cpd:C00007
rn:R09864	cpd:C00007
rn:R09865	cpd:C00007
rn:R09866	cpd:C00007
rn:R09867	cpd:C00007
rn:R09868	cpd:C00007
rn:R09921	cpd:C00007
rn:R09922	cpd:C00007
rn:R09923	cpd:C00007
rn:R09924	cpd:C00007
rn:R09925	cpd:C00007
rn:R09934	cpd:C00007
rn:R09935	cpd:C00007
rn:R09936	cpd:C00007
rn:R09937	cpd:C00007
rn:R09991	cpd:C00007
rn:R09996	cpd:C00007
rn:R10023	cpd:C00007
rn:R10024	cpd:C00007
rn:R10025	cpd:C00007
rn:R10026	cpd:C00007
rn:R10027	cpd:C00007
rn:R10028	cpd:C00007
rn:R10031	cpd:C00007
rn:R10032	cpd:C00007
rn:R10036	cpd:C00007
rn:R10038	cpd:C00007
rn:R10042	cpd:C00007
rn:R10043	cpd:C00007
rn:R10044	cpd:C00007
rn:R10045	cpd:C00007
rn:R10047	cpd:C00007
rn:R10053	cpd:C00007
rn:R10056	cpd:C00007
rn:R10057	cpd:C00007
rn:R10066	cpd:C00007
rn:R10067	cpd:C00007
rn:R10068	cpd:C00007
rn:R10069	cpd:C00007
rn:R10070	cpd:C00007
rn:R10072	cpd:C00007
rn:R10073	cpd:C00007
rn:R10076	cpd:C00007
rn:R10077	cpd:C00007
rn:R10080	cpd:C00007
rn:R10081	cpd:C00007
rn:R10101	cpd:C00007
rn:R10102	cpd:C00007
rn:R10106	cpd:C00007
rn:R10107	cpd:C00007
rn:R10108	cpd:C00007
rn:R10109	cpd:C00007
rn:R10110	cpd:C00007
rn:R10123	cpd:C00007
rn:R10143	cpd:C00007
rn:R10144	cpd:C00007
rn:R10145	cpd:C00007
rn:R10154	cpd:C00007
rn:R10155	cpd:C00007
rn:R10157	cpd:C00007
rn:R10158	cpd:C00007
rn:R10160	cpd:C00007
rn:R10162	cpd:C00007
rn:R10181	cpd:C00007
rn:R10191	cpd:C00007
rn:R10192	cpd:C00007
rn:R10193	cpd:C00007
rn:R10203	cpd:C00007
rn:R10206	cpd:C00007
rn:R10207	cpd:C00007
rn:R10212	cpd:C00007
rn:R10216	cpd:C00007
rn:R10224	cpd:C00007
rn:R10230	cpd:C00007
rn:R10258	cpd:C00007
rn:R10260	cpd:C00007
rn:R10312	cpd:C00007
rn:R10313	cpd:C00007
rn:R10314	cpd:C00007
rn:R10315	cpd:C00007
rn:R10316	cpd:C00007
rn:R10317	cpd:C00007
rn:R10318	cpd:C00007
rn:R10319	cpd:C00007
rn:R10320	cpd:C00007
rn:R10321	cpd:C00007
rn:R10322	cpd:C00007
rn:R10323	cpd:C00007
rn:R10327	cpd:C00007
rn:R10328	cpd:C00007
rn:R10329	cpd:C00007
rn:R10350	cpd:C00007
rn:R10351	cpd:C00007
rn:R10356	cpd:C00007
rn:R10357	cpd:C00007
rn:R10358	cpd:C00007
rn:R10359	cpd:C00007
rn:R10361	cpd:C00007
rn:R10362	cpd:C00007
rn:R10366	cpd:C00007
rn:R10367	cpd:C00007
rn:R10368	cpd:C00007
rn:R10371	cpd:C00007
rn:R10373	cpd:C00007
rn:R10376	cpd:C00007
rn:R10379	cpd:C00007
rn:R10381	cpd:C00007
rn:R10388	cpd:C00007
rn:R10389	cpd:C00007
rn:R10413	cpd:C00007
rn:R10414	cpd:C00007
rn:R10415	cpd:C00007
rn:R10416	cpd:C00007
rn:R10444	cpd:C00007
rn:R10445	cpd:C00007
rn:R10446	cpd:C00007
rn:R10467	cpd:C00007
rn:R10468	cpd:C00007
rn:R10476	cpd:C00007
rn:R10477	cpd:C00007
rn:R10478	cpd:C00007
rn:R10479	cpd:C00007
rn:R10487	cpd:C00007
rn:R10510	cpd:C00007
rn:R10511	cpd:C00007
rn:R10515	cpd:C00007
rn:R10517	cpd:C00007
rn:R10518	cpd:C00007
rn:R10521	cpd:C00007
rn:R10522	cpd:C00007
rn:R10527	cpd:C00007
rn:R10539	cpd:C00007
rn:R10540	cpd:C00007
rn:R10542	cpd:C00007
rn:R10551	cpd:C00007
rn:R10557	cpd:C00007
rn:R10558	cpd:C00007
rn:R10559	cpd:C00007
rn:R10560	cpd:C00007
rn:R10562	cpd:C00007
rn:R10576	cpd:C00007
rn:R10577	cpd:C00007
rn:R10578	cpd:C00007
rn:R10591	cpd:C00007
rn:R10602	cpd:C00007
rn:R10626	cpd:C00007
rn:R10627	cpd:C00007
rn:R10628	cpd:C00007
rn:R10635	cpd:C00007
rn:R10636	cpd:C00007
rn:R10637	cpd:C00007
rn:R10656	cpd:C00007
rn:R10662	cpd:C00007
rn:R10663	cpd:C00007
rn:R10664	cpd:C00007
rn:R10669	cpd:C00007
rn:R10670	cpd:C00007
rn:R10671	cpd:C00007
rn:R10672	cpd:C00007
rn:R10682	cpd:C00007
rn:R10683	cpd:C00007
rn:R10684	cpd:C00007
rn:R10692	cpd:C00007
rn:R10694	cpd:C00007
rn:R10702	cpd:C00007
rn:R10704	cpd:C00007
rn:R10720	cpd:C00007
rn:R10722	cpd:C00007
rn:R10723	cpd:C00007
rn:R10724	cpd:C00007
rn:R10725	cpd:C00007
rn:R10728	cpd:C00007
rn:R10729	cpd:C00007
rn:R10731	cpd:C00007
rn:R10735	cpd:C00007
rn:R10740	cpd:C00007
rn:R10741	cpd:C00007
rn:R10742	cpd:C00007
rn:R10789	cpd:C00007
rn:R10790	cpd:C00007
rn:R10791	cpd:C00007
rn:R10793	cpd:C00007
rn:R10794	cpd:C00007
rn:R10795	cpd:C00007
rn:R10796	cpd:C00007
rn:R10843	cpd:C00007
rn:R10844	cpd:C00007
rn:R10853	cpd:C00007
rn:R10855	cpd:C00007
rn:R10857	cpd:C00007
rn:R10858	cpd:C00007
rn:R10875	cpd:C00007
rn:R10877	cpd:C00007
rn:R10878	cpd:C00007
rn:R10879	cpd:C00007
rn:R10882	cpd:C00007
rn:R10914	cpd:C00007
rn:R10920	cpd:C00007
rn:R10921	cpd:C00007
rn:R10922	cpd:C00007
rn:R10923	cpd:C00007
rn:R10924	cpd:C00007
rn:R10925	cpd:C00007
rn:R10926	cpd:C00007
rn:R10954	cpd:C00007
rn:R10999	cpd:C00007
rn:R11000	cpd:C00007
rn:R11001	cpd:C00007
rn:R11002	cpd:C00007
rn:R11003	cpd:C00007
rn:R11004	cpd:C00007
rn:R11005	cpd:C00007
rn:R11006	cpd:C00007
rn:R11007	cpd:C00007
rn:R11008	cpd:C00007
rn:R11009	cpd:C00007
rn:R11010	cpd:C00007
rn:R11011	cpd:C00007
rn:R11012	cpd:C00007
rn:R11013	cpd:C00007
rn:R11014	cpd:C00007
rn:R11015	cpd:C00007
rn:R11030	cpd:C00007
rn:R11037	cpd:C00007
rn:R11043	cpd:C00007
rn:R11044	cpd:C00007
rn:R11048	cpd:C00007
rn:R11050	cpd:C00007
rn:R11052	cpd:C00007
rn:R11053	cpd:C00007
rn:R11054	cpd:C00007
rn:R11055	cpd:C00007
rn:R11056	cpd:C00007
rn:R11057	cpd:C00007
rn:R11058	cpd:C00007
rn:R11059	cpd:C00007
rn:R11060	cpd:C00007
rn:R11097	cpd:C00007
rn:R11105	cpd:C00007
rn:R11106	cpd:C00007
rn:R11107	cpd:C00007
rn:R11108	cpd:C00007
rn:R11109	cpd:C00007
rn:R11110	cpd:C00007
rn:R11111	cpd:C00007
rn:R11119	cpd:C00007
rn:R11121	cpd:C00007
rn:R11132	cpd:C00007
rn:R11133	cpd:C00007
rn:R11134	cpd:C00007
rn:R11135	cpd:C00007
rn:R11136	cpd:C00007
rn:R11142	cpd:C00007
rn:R11150	cpd:C00007
rn:R11151	cpd:C00007
rn:R11152	cpd:C00007
rn:R11153	cpd:C00007
rn:R11155	cpd:C00007
rn:R11156	cpd:C00007
rn:R11157	cpd:C00007
rn:R11158	cpd:C00007
rn:R11161	cpd:C00007
rn:R11162	cpd:C00007
rn:R11163	cpd:C00007
rn:R11164	cpd:C00007
rn:R11197	cpd:C00007
rn:R11198	cpd:C00007
rn:R11210	cpd:C00007
rn:R11211	cpd:C00007
rn:R11212	cpd:C00007
rn:R11222	cpd:C00007
rn:R11227	cpd:C00007
rn:R11267	cpd:C00007
rn:R11268	cpd:C00007
rn:R11273	cpd:C00007
rn:R11284	cpd:C00007
rn:R11324	cpd:C00007
rn:R11325	cpd:C00007
rn:R11335	cpd:C00007
rn:R11340	cpd:C00007
rn:R11345	cpd:C00007
rn:R11346	cpd:C00007
rn:R11347	cpd:C00007
rn:R11348	cpd:C00007
rn:R11349	cpd:C00007
rn:R11351	cpd:C00007
rn:R11352	cpd:C00007
rn:R11354	cpd:C00007
rn:R11355	cpd:C00007
rn:R11356	cpd:C00007
rn:R11357	cpd:C00007
rn:R11358	cpd:C00007
rn:R11359	cpd:C00007
rn:R11360	cpd:C00007
rn:R11361	cpd:C00007
rn:R11368	cpd:C00007
rn:R11373	cpd:C00007
rn:R11374	cpd:C00007
rn:R11380	cpd:C00007
rn:R11381	cpd:C00007
rn:R11382	cpd:C00007
rn:R11383	cpd:C00007
rn:R11384	cpd:C00007
rn:R11385	cpd:C00007
rn:R11387	cpd:C00007
rn:R11393	cpd:C00007
rn:R11394	cpd:C00007
rn:R11403	cpd:C00007
rn:R11404	cpd:C00007
rn:R11405	cpd:C00007
rn:R11424	cpd:C00007
rn:R11425	cpd:C00007
rn:R11446	cpd:C00007
rn:R11447	cpd:C00007
rn:R11448	cpd:C00007
rn:R11449	cpd:C00007
rn:R11454	cpd:C00007
rn:R11455	cpd:C00007
rn:R11456	cpd:C00007
rn:R11457	cpd:C00007
rn:R11458	cpd:C00007
rn:R11459	cpd:C00007
rn:R11468	cpd:C00007
rn:R11477	cpd:C00007
rn:R11478	cpd:C00007
rn:R11482	cpd:C00007
rn:R11483	cpd:C00007
rn:R11486	cpd:C00007
rn:R11489	cpd:C00007
rn:R11490	cpd:C00007
rn:R11491	cpd:C00007
rn:R11492	cpd:C00007
rn:R11496	cpd:C00007
rn:R11504	cpd:C00007
rn:R11505	cpd:C00007
rn:R11525	cpd:C00007
rn:R11526	cpd:C00007
rn:R11549	cpd:C00007
rn:R11570	cpd:C00007
rn:R11572	cpd:C00007
rn:R11573	cpd:C00007
rn:R11575	cpd:C00007
rn:R11577	cpd:C00007
rn:R11578	cpd:C00007
rn:R11579	cpd:C00007
rn:R11594	cpd:C00007
rn:R11597	cpd:C00007
rn:R11598	cpd:C00007
rn:R11604	cpd:C00007
rn:R11618	cpd:C00007
rn:R11620	cpd:C00007
rn:R11640	cpd:C00007
rn:R11642	cpd:C00007
rn:R11643	cpd:C00007
rn:R11644	cpd:C00007
rn:R11645	cpd:C00007
rn:R11646	cpd:C00007
rn:R11647	cpd:C00007
rn:R11648	cpd:C00007
rn:R11650	cpd:C00007
rn:R11651	cpd:C00007
rn:R11653	cpd:C00007
rn:R11656	cpd:C00007
rn:R11657	cpd:C00007
rn:R11658	cpd:C00007
rn:R11660	cpd:C00007
rn:R11687	cpd:C00007
rn:R11688	cpd:C00007
rn:R11690	cpd:C00007
rn:R11711	cpd:C00007
rn:R11712	cpd:C00007
rn:R11713	cpd:C00007
rn:R11730	cpd:C00007
rn:R11732	cpd:C00007
rn:R11733	cpd:C00007
rn:R11734	cpd:C00007
rn:R11735	cpd:C00007
rn:R11737	cpd:C00007
rn:R11738	cpd:C00007
rn:R11741	cpd:C00007
rn:R11742	cpd:C00007
rn:R11745	cpd:C00007
rn:R11747	cpd:C00007
rn:R11748	cpd:C00007
rn:R11804	cpd:C00007
rn:R11805	cpd:C00007
rn:R11806	cpd:C00007
rn:R11807	cpd:C00007
rn:R11808	cpd:C00007
rn:R11809	cpd:C00007
rn:R11810	cpd:C00007
rn:R11811	cpd:C00007
rn:R11812	cpd:C00007
rn:R11813	cpd:C00007
rn:R11814	cpd:C00007
rn:R11815	cpd:C00007
rn:R11816	cpd:C00007
rn:R11817	cpd:C00007
rn:R11875	cpd:C00007
rn:R11878	cpd:C00007
rn:R11880	cpd:C00007
rn:R11881	cpd:C00007
rn:R11882	cpd:C00007
rn:R11886	cpd:C00007
rn:R11901	cpd:C00007
rn:R11904	cpd:C00007
rn:R11911	cpd:C00007
rn:R11912	cpd:C00007
rn:R11916	cpd:C00007
rn:R11917	cpd:C00007
rn:R11918	cpd:C00007
rn:R11946	cpd:C00007
rn:R11948	cpd:C00007
rn:R11949	cpd:C00007
rn:R11951	cpd:C00007
rn:R11952	cpd:C00007
rn:R11960	cpd:C00007
rn:R11961	cpd:C00007
rn:R11973	cpd:C00007
rn:R11974	cpd:C00007
rn:R11975	cpd:C00007
rn:R11976	cpd:C00007
rn:R11977	cpd:C00007
rn:R11978	cpd:C00007
rn:R11979	cpd:C00007
rn:R11980	cpd:C00007
rn:R11981	cpd:C00007
rn:R11982	cpd:C00007
rn:R11983	cpd:C00007
rn:R11984	cpd:C00007
rn:R11985	cpd:C00007
rn:R11986	cpd:C00007
rn:R11987	cpd:C00007
rn:R11988	cpd:C00007
rn:R11989	cpd:C00007
rn:R11990	cpd:C00007
rn:R11991	cpd:C00007
rn:R11993	cpd:C00007
rn:R11996	cpd:C00007
rn:R11999	cpd:C00007
rn:R12007	cpd:C00007
rn:R12008	cpd:C00007
rn:R12009	cpd:C00007
rn:R12010	cpd:C00007
rn:R12013	cpd:C00007
rn:R12015	cpd:C00007
rn:R12016	cpd:C00007
rn:R12018	cpd:C00007
rn:R12019	cpd:C00007
rn:R12020	cpd:C00007
rn:R12021	cpd:C00007
rn:R12022	cpd:C00007
rn:R12023	cpd:C00007
rn:R12027	cpd:C00007
rn:R12028	cpd:C00007
rn:R12029	cpd:C00007
rn:R12030	cpd:C00007
rn:R12031	cpd:C00007
rn:R12032	cpd:C00007
rn:R12033	cpd:C00007
rn:R12034	cpd:C00007
rn:R12048	cpd:C00007
rn:R12051	cpd:C00007
rn:R12052	cpd:C00007
rn:R12053	cpd:C00007
rn:R12058	cpd:C00007
rn:R12067	cpd:C00007
rn:R12068	cpd:C00007
rn:R12069	cpd:C00007
rn:R12070	cpd:C00007
rn:R12071	cpd:C00007
rn:R12072	cpd:C00007
rn:R12073	cpd:C00007
rn:R12074	cpd:C00007
rn:R12076	cpd:C00007
rn:R12081	cpd:C00007
rn:R12082	cpd:C00007
rn:R12083	cpd:C00007
rn:R12101	cpd:C00007
rn:R12118	cpd:C00007
rn:R12119	cpd:C00007
rn:R12120	cpd:C00007
rn:R12121	cpd:C00007
rn:R12122	cpd:C00007
rn:R12123	cpd:C00007
rn:R12128	cpd:C00007
rn:R12129	cpd:C00007
rn:R12130	cpd:C00007
rn:R12131	cpd:C00007
rn:R12147	cpd:C00007
rn:R12149	cpd:C00007
rn:R12153	cpd:C00007
rn:R12154	cpd:C00007
rn:R12165	cpd:C00007
rn:R12166	cpd:C00007
rn:R12167	cpd:C00007
rn:R12168	cpd:C00007
rn:R12169	cpd:C00007
rn:R12170	cpd:C00007
rn:R12171	cpd:C00007
rn:R12172	cpd:C00007
rn:R12173	cpd:C00007
rn:R12176	cpd:C00007
rn:R12177	cpd:C00007
rn:R12178	cpd:C00007
rn:R12182	cpd:C00007
rn:R12205	cpd:C00007
rn:R12210	cpd:C00007
rn:R12216	cpd:C00007
rn:R12218	cpd:C00007
rn:R12222	cpd:C00007
rn:R12223	cpd:C00007
rn:R12224	cpd:C00007
rn:R12225	cpd:C00007
rn:R12226	cpd:C00007
rn:R12227	cpd:C00007
rn:R12228	cpd:C00007
rn:R12229	cpd:C00007
rn:R12230	cpd:C00007
rn:R12231	cpd:C00007
rn:R12232	cpd:C00007
rn:R12233	cpd:C00007
rn:R12234	cpd:C00007
rn:R12253	cpd:C00007
rn:R12266	cpd:C00007
rn:R12267	cpd:C00007
rn:R12270	cpd:C00007
rn:R12273	cpd:C00007
rn:R12275	cpd:C00007
rn:R12276	cpd:C00007
rn:R12277	cpd:C00007
rn:R12278	cpd:C00007
rn:R12279	cpd:C00007
rn:R12282	cpd:C00007
rn:R12301	cpd:C00007
rn:R12302	cpd:C00007
rn:R12306	cpd:C00007
rn:R12315	cpd:C00007
rn:R12317	cpd:C00007
rn:R12318	cpd:C00007
rn:R12319	cpd:C00007
rn:R12320	cpd:C00007
rn:R12321	cpd:C00007
rn:R12322	cpd:C00007
rn:R12323	cpd:C00007
rn:R12324	cpd:C00007
rn:R12325	cpd:C00007
rn:R12326	cpd:C00007
rn:R12355	cpd:C00007
rn:R12356	cpd:C00007
rn:R12357	cpd:C00007
rn:R12358	cpd:C00007
rn:R12359	cpd:C00007
rn:R12360	cpd:C00007
rn:R12367	cpd:C00007
rn:R12368	cpd:C00007
rn:R12369	cpd:C00007
rn:R12370	cpd:C00007
rn:R12372	cpd:C00007
rn:R12373	cpd:C00007
rn:R12374	cpd:C00007
rn:R12377	cpd:C00007
rn:R12378	cpd:C00007
rn:R12379	cpd:C00007
rn:R12403	cpd:C00007
rn:R12407	cpd:C00007
rn:R12408	cpd:C00007
rn:R12411	cpd:C00007
rn:R12416	cpd:C00007
rn:R12418	cpd:C00007
rn:R12420	cpd:C00007
rn:R12441	cpd:C00007
rn:R12442	cpd:C00007
rn:R12444	cpd:C00007
rn:R12445	cpd:C00007
rn:R12446	cpd:C00007
rn:R12448	cpd:C00007
rn:R12451	cpd:C00007
rn:R12452	cpd:C00007
rn:R12459	cpd:C00007
rn:R12460	cpd:C00007
rn:R12461	cpd:C00007
rn:R12501	cpd:C00007
rn:R12508	cpd:C00007
rn:R12509	cpd:C00007
rn:R12510	cpd:C00007
rn:R12511	cpd:C00007
rn:R12512	cpd:C00007
rn:R12540	cpd:C00007
rn:R12541	cpd:C00007
rn:R12542	cpd:C00007
rn:R12543	cpd:C00007
rn:R12544	cpd:C00007
rn:R12546	cpd:C00007
rn:R12550	cpd:C00007
rn:R12585	cpd:C00007
rn:R12593	cpd:C00007
rn:R12614	cpd:C00007
rn:R12615	cpd:C00007
rn:R12617	cpd:C00007
rn:R12618	cpd:C00007
rn:R12619	cpd:C00007
rn:R12645	cpd:C00007
rn:R12650	cpd:C00007
rn:R12651	cpd:C00007
rn:R12652	cpd:C00007
rn:R12658	cpd:C00007
rn:R12659	cpd:C00007
rn:R12662	cpd:C00007
rn:R12663	cpd:C00007
rn:R12673	cpd:C00007
rn:R12674	cpd:C00007
rn:R12675	cpd:C00007
rn:R12676	cpd:C00007
rn:R12684	cpd:C00007
rn:R12685	cpd:C00007
rn:R12714	cpd:C00007
rn:R12715	cpd:C00007
rn:R12716	cpd:C00007
rn:R12717	cpd:C00007
rn:R12756	cpd:C00007
rn:R12771	cpd:C00007
rn:R12775	cpd:C00007
rn:R12778	cpd:C00007
rn:R12826	cpd:C00007
rn:R12827	cpd:C00007
rn:R12828	cpd:C00007
rn:R12831	cpd:C00007
rn:R12832	cpd:C00007
rn:R12833	cpd:C00007
rn:R12834	cpd:C00007
rn:R12846	cpd:C00007
rn:R12847	cpd:C00007
rn:R12848	cpd:C00007
rn:R12858	cpd:C00007
rn:R12877	cpd:C00007
rn:R12878	cpd:C00007
rn:R12879	cpd:C00007
rn:R12907	cpd:C00007
rn:R12908	cpd:C00007
rn:R12909	cpd:C00007
rn:R12911	cpd:C00007
rn:R12912	cpd:C00007
rn:R12921	cpd:C00007
rn:R12922	cpd:C00007
rn:R12923	cpd:C00007
rn:R12924	cpd:C00007
rn:R12925	cpd:C00007
rn:R12954	cpd:C00007
rn:R12959	cpd:C00007
rn:R12965	cpd:C00007
rn:R12966	cpd:C00007
rn:R12967	cpd:C00007
rn:R12973	cpd:C00007
rn:R12975	cpd:C00007
rn:R12976	cpd:C00007
rn:R12989	cpd:C00007
rn:R12990	cpd:C00007
rn:R13011	cpd:C00007
rn:R13012	cpd:C00007
rn:R13013	cpd:C00007
rn:R13014	cpd:C00007
rn:R13015	cpd:C00007
rn:R13016	cpd:C00007
rn:R13017	cpd:C00007
rn:R13018	cpd:C00007
rn:R13019	cpd:C00007
rn:R13020	cpd:C00007
rn:R13024	cpd:C00007
rn:R13026	cpd:C00007
rn:R13027	cpd:C00007
rn:R13031	cpd:C00007
rn:R13032	cpd:C00007
rn:R13033	cpd:C00007
rn:R13058	cpd:C00007
rn:R13059	cpd:C00007
rn:R13092	cpd:C00007
rn:R13108	cpd:C00007
rn:R13109	cpd:C00007
rn:R13110	cpd:C00007
rn:R13111	cpd:C00007
rn:R13117	cpd:C00007
rn:R13118	cpd:C00007
rn:R13119	cpd:C00007
rn:R13120	cpd:C00007
rn:R13122	cpd:C00007
rn:R13138	cpd:C00007
rn:R13139	cpd:C00007
rn:R13141	cpd:C00007
rn:R13143	cpd:C00007
rn:R13204	cpd:C00007
rn:R13212	cpd:C00007
rn:R13213	cpd:C00007
rn:R13218	cpd:C00007
rn:R13247	cpd:C00007
rn:R13250	cpd:C00007
rn:R13251	cpd:C00007
rn:R13285	cpd:C00007
rn:R13286	cpd:C00007
rn:R13290	cpd:C00007
rn:R13327	cpd:C00007
rn:R13332	cpd:C00007
rn:R13338	cpd:C00007
rn:R13340	cpd:C00007
rn:R13342	cpd:C00007
rn:R13344	cpd:C00007
rn:R13354	cpd:C00007
rn:R13355	cpd:C00007
rn:R13378	cpd:C00007
rn:R13379	cpd:C00007
rn:R13380	cpd:C00007
rn:R13381	cpd:C00007
rn:R13384	cpd:C00007
rn:R13389	cpd:C00007
rn:R13404	cpd:C00007
rn:R13405	cpd:C00007
rn:R13406	cpd:C00007
rn:R13408	cpd:C00007
rn:R13417	cpd:C00007
rn:R13422	cpd:C00007
rn:R13423	cpd:C00007
rn:R13424	cpd:C00007
rn:R13426	cpd:C00007
rn:R13443	cpd:C00007
rn:R13460	cpd:C00007
rn:R13493	cpd:C00007
rn:R13494	cpd:C00007
rn:R13495	cpd:C00007
rn:R13503	cpd:C00007
rn:R13519	cpd:C00007
rn:R13521	cpd:C00007
rn:R13522	cpd:C00007
rn:R13546	cpd:C00007
rn:R13550	cpd:C00007
rn:R13551	cpd:C00007
rn:R13553	cpd:C00007
rn:R13562	cpd:C00007
rn:R13569	cpd:C00007
rn:R13570	cpd:C00007
rn:R13589	cpd:C00007
rn:R13590	cpd:C00007
rn:R13593	cpd:C00007
rn:R13598	cpd:C00007
rn:R13604	cpd:C00007
rn:R13612	cpd:C00007
rn:R13613	cpd:C00007
rn:R13631	cpd:C00007
rn:R13634	cpd:C00007
rn:R00002	cpd:C00008
rn:R00076	cpd:C00008
rn:R00086	cpd:C00008
rn:R00104	cpd:C00008
rn:R00105	cpd:C00008
rn:R00122	cpd:C00008
rn:R00123	cpd:C00008
rn:R00124	cpd:C00008
rn:R00124	cpd:C00008
rn:R00125	cpd:C00008
rn:R00126	cpd:C00008
rn:R00127	cpd:C00008
rn:R00129	cpd:C00008
rn:R00130	cpd:C00008
rn:R00139	cpd:C00008
rn:R00140	cpd:C00008
rn:R00141	cpd:C00008
rn:R00149	cpd:C00008
rn:R00150	cpd:C00008
rn:R00156	cpd:C00008
rn:R00157	cpd:C00008
rn:R00158	cpd:C00008
rn:R00162	cpd:C00008
rn:R00174	cpd:C00008
rn:R00185	cpd:C00008
rn:R00187	cpd:C00008
rn:R00200	cpd:C00008
rn:R00229	cpd:C00008
rn:R00239	cpd:C00008
rn:R00251	cpd:C00008
rn:R00253	cpd:C00008
rn:R00283	cpd:C00008
rn:R00299	cpd:C00008
rn:R00315	cpd:C00008
rn:R00330	cpd:C00008
rn:R00331	cpd:C00008
rn:R00332	cpd:C00008
rn:R00333	cpd:C00008
rn:R00334	cpd:C00008
rn:R00341	cpd:C00008
rn:R00344	cpd:C00008
rn:R00352	cpd:C00008
rn:R00405	cpd:C00008
rn:R00437	cpd:C00008
rn:R00480	cpd:C00008
rn:R00482	cpd:C00008
rn:R00497	cpd:C00008
rn:R00509	cpd:C00008
rn:R00512	cpd:C00008
rn:R00513	cpd:C00008
rn:R00518	cpd:C00008
rn:R00530	cpd:C00008
rn:R00549	cpd:C00008
rn:R00554	cpd:C00008
rn:R00570	cpd:C00008
rn:R00571	cpd:C00008
rn:R00573	cpd:C00008
rn:R00575	cpd:C00008
rn:R00616	cpd:C00008
rn:R00617	cpd:C00008
rn:R00722	cpd:C00008
rn:R00742	cpd:C00008
rn:R00756	cpd:C00008
rn:R00760	cpd:C00008
rn:R00774	cpd:C00008
rn:R00847	cpd:C00008
rn:R00866	cpd:C00008
rn:R00867	cpd:C00008
rn:R00894	cpd:C00008
rn:R00910	cpd:C00008
rn:R00912	cpd:C00008
rn:R00920	cpd:C00008
rn:R00942	cpd:C00008
rn:R00943	cpd:C00008
rn:R00949	cpd:C00008
rn:R00964	cpd:C00008
rn:R01011	cpd:C00008
rn:R01021	cpd:C00008
rn:R01050	cpd:C00008
rn:R01051	cpd:C00008
rn:R01052	cpd:C00008
rn:R01053	cpd:C00008
rn:R01059	cpd:C00008
rn:R01092	cpd:C00008
rn:R01121	cpd:C00008
rn:R01131	cpd:C00008
rn:R01137	cpd:C00008
rn:R01150	cpd:C00008
rn:R01164	cpd:C00008
rn:R01201	cpd:C00008
rn:R01228	cpd:C00008
rn:R01256	cpd:C00008
rn:R01322	cpd:C00008
rn:R01326	cpd:C00008
rn:R01353	cpd:C00008
rn:R01395	cpd:C00008
rn:R01417	cpd:C00008
rn:R01441	cpd:C00008
rn:R01468	cpd:C00008
rn:R01476	cpd:C00008
rn:R01495	cpd:C00008
rn:R01512	cpd:C00008
rn:R01514	cpd:C00008
rn:R01523	cpd:C00008
rn:R01526	cpd:C00008
rn:R01541	cpd:C00008
rn:R01547	cpd:C00008
rn:R01567	cpd:C00008
rn:R01568	cpd:C00008
rn:R01573	cpd:C00008
rn:R01585	cpd:C00008
rn:R01600	cpd:C00008
rn:R01639	cpd:C00008
rn:R01654	cpd:C00008
rn:R01665	cpd:C00008
rn:R01666	cpd:C00008
rn:R01688	cpd:C00008
rn:R01724	cpd:C00008
rn:R01737	cpd:C00008
rn:R01754	cpd:C00008
rn:R01771	cpd:C00008
rn:R01786	cpd:C00008
rn:R01843	cpd:C00008
rn:R01844	cpd:C00008
rn:R01857	cpd:C00008
rn:R01859	cpd:C00008
rn:R01881	cpd:C00008
rn:R01888	cpd:C00008
rn:R01901	cpd:C00008
rn:R01902	cpd:C00008
rn:R01909	cpd:C00008
rn:R01917	cpd:C00008
rn:R01926	cpd:C00008
rn:R01961	cpd:C00008
rn:R01967	cpd:C00008
rn:R01980	cpd:C00008
rn:R01991	cpd:C00008
rn:R02017	cpd:C00008
rn:R02071	cpd:C00008
rn:R02089	cpd:C00008
rn:R02090	cpd:C00008
rn:R02093	cpd:C00008
rn:R02094	cpd:C00008
rn:R02098	cpd:C00008
rn:R02099	cpd:C00008
rn:R02134	cpd:C00008
rn:R02136	cpd:C00008
rn:R02184	cpd:C00008
rn:R02225	cpd:C00008
rn:R02227	cpd:C00008
rn:R02237	cpd:C00008
rn:R02238	cpd:C00008
rn:R02240	cpd:C00008
rn:R02245	cpd:C00008
rn:R02301	cpd:C00008
rn:R02303	cpd:C00008
rn:R02324	cpd:C00008
rn:R02326	cpd:C00008
rn:R02331	cpd:C00008
rn:R02402	cpd:C00008
rn:R02404	cpd:C00008
rn:R02412	cpd:C00008
rn:R02420	cpd:C00008
rn:R02421	cpd:C00008
rn:R02430	cpd:C00008
rn:R02439	cpd:C00008
rn:R02451	cpd:C00008
rn:R02493	cpd:C00008
rn:R02575	cpd:C00008
rn:R02584	cpd:C00008
rn:R02625	cpd:C00008
rn:R02626	cpd:C00008
rn:R02649	cpd:C00008
rn:R02650	cpd:C00008
rn:R02658	cpd:C00008
rn:R02664	cpd:C00008
rn:R02705	cpd:C00008
rn:R02732	cpd:C00008
rn:R02741	cpd:C00008
rn:R02750	cpd:C00008
rn:R02757	cpd:C00008
rn:R02758	cpd:C00008
rn:R02783	cpd:C00008
rn:R02786	cpd:C00008
rn:R02788	cpd:C00008
rn:R02848	cpd:C00008
rn:R02865	cpd:C00008
rn:R02884	cpd:C00008
rn:R02903	cpd:C00008
rn:R02927	cpd:C00008
rn:R02929	cpd:C00008
rn:R02971	cpd:C00008
rn:R02976	cpd:C00008
rn:R02980	cpd:C00008
rn:R03014	cpd:C00008
rn:R03018	cpd:C00008
rn:R03095	cpd:C00008
rn:R03142	cpd:C00008
rn:R03150	cpd:C00008
rn:R03157	cpd:C00008
rn:R03161	cpd:C00008
rn:R03182	cpd:C00008
rn:R03187	cpd:C00008
rn:R03193	cpd:C00008
rn:R03236	cpd:C00008
rn:R03241	cpd:C00008
rn:R03245	cpd:C00008
rn:R03274	cpd:C00008
rn:R03286	cpd:C00008
rn:R03298	cpd:C00008
rn:R03315	cpd:C00008
rn:R03347	cpd:C00008
rn:R03361	cpd:C00008
rn:R03362	cpd:C00008
rn:R03384	cpd:C00008
rn:R03387	cpd:C00008
rn:R03395	cpd:C00008
rn:R03428	cpd:C00008
rn:R03429	cpd:C00008
rn:R03433	cpd:C00008
rn:R03449	cpd:C00008
rn:R03469	cpd:C00008
rn:R03471	cpd:C00008
rn:R03474	cpd:C00008
rn:R03478	cpd:C00008
rn:R03479	cpd:C00008
rn:R03494	cpd:C00008
rn:R03516	cpd:C00008
rn:R03530	cpd:C00008
rn:R03576	cpd:C00008
rn:R03607	cpd:C00008
rn:R03632	cpd:C00008
rn:R03691	cpd:C00008
rn:R03744	cpd:C00008
rn:R03754	cpd:C00008
rn:R03766	cpd:C00008
rn:R03770	cpd:C00008
rn:R03780	cpd:C00008
rn:R03785	cpd:C00008
rn:R03819	cpd:C00008
rn:R03822	cpd:C00008
rn:R03840	cpd:C00008
rn:R03877	cpd:C00008
rn:R03905	cpd:C00008
rn:R03920	cpd:C00008
rn:R03939	cpd:C00008
rn:R03944	cpd:C00008
rn:R04002	cpd:C00008
rn:R04023	cpd:C00008
rn:R04068	cpd:C00008
rn:R04126	cpd:C00008
rn:R04138	cpd:C00008
rn:R04143	cpd:C00008
rn:R04144	cpd:C00008
rn:R04208	cpd:C00008
rn:R04212	cpd:C00008
rn:R04235	cpd:C00008
rn:R04241	cpd:C00008
rn:R04267	cpd:C00008
rn:R04275	cpd:C00008
rn:R04358	cpd:C00008
rn:R04369	cpd:C00008
rn:R04385	cpd:C00008
rn:R04388	cpd:C00008
rn:R04391	cpd:C00008
rn:R04401	cpd:C00008
rn:R04403	cpd:C00008
rn:R04448	cpd:C00008
rn:R04463	cpd:C00008
rn:R04504	cpd:C00008
rn:R04509	cpd:C00008
rn:R04545	cpd:C00008
rn:R04555	cpd:C00008
rn:R04573	cpd:C00008
rn:R04589	cpd:C00008
rn:R04591	cpd:C00008
rn:R04617	cpd:C00008
rn:R04657	cpd:C00008
rn:R04730	cpd:C00008
rn:R04779	cpd:C00008
rn:R04928	cpd:C00008
rn:R05030	cpd:C00008
rn:R05185	cpd:C00008
rn:R05186	cpd:C00008
rn:R05197	cpd:C00008
rn:R05202	cpd:C00008
rn:R05221	cpd:C00008
rn:R05224	cpd:C00008
rn:R05225	cpd:C00008
rn:R05227	cpd:C00008
rn:R05328	cpd:C00008
rn:R05453	cpd:C00008
rn:R05496	cpd:C00008
rn:R05626	cpd:C00008
rn:R05634	cpd:C00008
rn:R05646	cpd:C00008
rn:R05661	cpd:C00008
rn:R05795	cpd:C00008
rn:R05799	cpd:C00008
rn:R05800	cpd:C00008
rn:R05801	cpd:C00008
rn:R05802	cpd:C00008
rn:R05803	cpd:C00008
rn:R05804	cpd:C00008
rn:R05805	cpd:C00008
rn:R05806	cpd:C00008
rn:R05815	cpd:C00008
rn:R06282	cpd:C00008
rn:R06367	cpd:C00008
rn:R06396	cpd:C00008
rn:R06529	cpd:C00008
rn:R06531	cpd:C00008
rn:R06588	cpd:C00008
rn:R06836	cpd:C00008
rn:R06974	cpd:C00008
rn:R06975	cpd:C00008
rn:R06976	cpd:C00008
rn:R07127	cpd:C00008
rn:R07279	cpd:C00008
rn:R07302	cpd:C00008
rn:R07404	cpd:C00008
rn:R07414	cpd:C00008
rn:R07641	cpd:C00008
rn:R07642	cpd:C00008
rn:R07828	cpd:C00008
rn:R08052	cpd:C00008
rn:R08124	cpd:C00008
rn:R08154	cpd:C00008
rn:R08201	cpd:C00008
rn:R08217	cpd:C00008
rn:R08223	cpd:C00008
rn:R08232	cpd:C00008
rn:R08233	cpd:C00008
rn:R08241	cpd:C00008
rn:R08242	cpd:C00008
rn:R08323	cpd:C00008
rn:R08352	cpd:C00008
rn:R08353	cpd:C00008
rn:R08354	cpd:C00008
rn:R08355	cpd:C00008
rn:R08480	cpd:C00008
rn:R08515	cpd:C00008
rn:R08572	cpd:C00008
rn:R08676	cpd:C00008
rn:R08844	cpd:C00008
rn:R08855	cpd:C00008
rn:R08905	cpd:C00008
rn:R08906	cpd:C00008
rn:R08924	cpd:C00008
rn:R08946	cpd:C00008
rn:R08962	cpd:C00008
rn:R08964	cpd:C00008
rn:R08967	cpd:C00008
rn:R08968	cpd:C00008
rn:R09053	cpd:C00008
rn:R09060	cpd:C00008
rn:R09084	cpd:C00008
rn:R09085	cpd:C00008
rn:R09086	cpd:C00008
rn:R09087	cpd:C00008
rn:R09378	cpd:C00008
rn:R09401	cpd:C00008
rn:R09588	cpd:C00008
rn:R09590	cpd:C00008
rn:R09592	cpd:C00008
rn:R09593	cpd:C00008
rn:R09594	cpd:C00008
rn:R09595	cpd:C00008
rn:R09596	cpd:C00008
rn:R09598	cpd:C00008
rn:R09599	cpd:C00008
rn:R09640	cpd:C00008
rn:R09665	cpd:C00008
rn:R09729	cpd:C00008
rn:R09767	cpd:C00008
rn:R09770	cpd:C00008
rn:R09775	cpd:C00008
rn:R09776	cpd:C00008
rn:R09880	cpd:C00008
rn:R09945	cpd:C00008
rn:R09946	cpd:C00008
rn:R10065	cpd:C00008
rn:R10093	cpd:C00008
rn:R10267	cpd:C00008
rn:R10268	cpd:C00008
rn:R10288	cpd:C00008
rn:R10470	cpd:C00008
rn:R10531	cpd:C00008
rn:R10548	cpd:C00008
rn:R10561	cpd:C00008
rn:R10657	cpd:C00008
rn:R10677	cpd:C00008
rn:R10678	cpd:C00008
rn:R10679	cpd:C00008
rn:R10693	cpd:C00008
rn:R10758	cpd:C00008
rn:R10772	cpd:C00008
rn:R10779	cpd:C00008
rn:R10780	cpd:C00008
rn:R10821	cpd:C00008
rn:R10822	cpd:C00008
rn:R10892	cpd:C00008
rn:R10901	cpd:C00008
rn:R10902	cpd:C00008
rn:R10929	cpd:C00008
rn:R10930	cpd:C00008
rn:R10941	cpd:C00008
rn:R10942	cpd:C00008
rn:R10943	cpd:C00008
rn:R10944	cpd:C00008
rn:R10948	cpd:C00008
rn:R10951	cpd:C00008
rn:R10953	cpd:C00008
rn:R10970	cpd:C00008
rn:R10993	cpd:C00008
rn:R10994	cpd:C00008
rn:R11024	cpd:C00008
rn:R11039	cpd:C00008
rn:R11064	cpd:C00008
rn:R11085	cpd:C00008
rn:R11090	cpd:C00008
rn:R11183	cpd:C00008
rn:R11184	cpd:C00008
rn:R11185	cpd:C00008
rn:R11207	cpd:C00008
rn:R11234	cpd:C00008
rn:R11319	cpd:C00008
rn:R11400	cpd:C00008
rn:R11406	cpd:C00008
rn:R11460	cpd:C00008
rn:R11461	cpd:C00008
rn:R11530	cpd:C00008
rn:R11531	cpd:C00008
rn:R11535	cpd:C00008
rn:R11536	cpd:C00008
rn:R11627	cpd:C00008
rn:R11628	cpd:C00008
rn:R11629	cpd:C00008
rn:R11662	cpd:C00008
rn:R11673	cpd:C00008
rn:R11706	cpd:C00008
rn:R11707	cpd:C00008
rn:R11783	cpd:C00008
rn:R11784	cpd:C00008
rn:R11803	cpd:C00008
rn:R11891	cpd:C00008
rn:R11892	cpd:C00008
rn:R11894	cpd:C00008
rn:R11895	cpd:C00008
rn:R11933	cpd:C00008
rn:R12084	cpd:C00008
rn:R12245	cpd:C00008
rn:R12246	cpd:C00008
rn:R12272	cpd:C00008
rn:R12330	cpd:C00008
rn:R12342	cpd:C00008
rn:R12344	cpd:C00008
rn:R12530	cpd:C00008
rn:R12594	cpd:C00008
rn:R12616	cpd:C00008
rn:R12633	cpd:C00008
rn:R12695	cpd:C00008
rn:R12746	cpd:C00008
rn:R12755	cpd:C00008
rn:R12786	cpd:C00008
rn:R12792	cpd:C00008
rn:R12793	cpd:C00008
rn:R12824	cpd:C00008
rn:R12852	cpd:C00008
rn:R12853	cpd:C00008
rn:R12897	cpd:C00008
rn:R12934	cpd:C00008
rn:R12940	cpd:C00008
rn:R12951	cpd:C00008
rn:R12980	cpd:C00008
rn:R13003	cpd:C00008
rn:R13004	cpd:C00008
rn:R13005	cpd:C00008
rn:R13089	cpd:C00008
rn:R13188	cpd:C00008
rn:R13189	cpd:C00008
rn:R13202	cpd:C00008
rn:R13203	cpd:C00008
rn:R13205	cpd:C00008
rn:R13206	cpd:C00008
rn:R13207	cpd:C00008
rn:R13208	cpd:C00008
rn:R13209	cpd:C00008
rn:R13210	cpd:C00008
rn:R13211	cpd:C00008
rn:R13222	cpd:C00008
rn:R13256	cpd:C00008
rn:R13401	cpd:C00008
rn:R13453	cpd:C00008
rn:R13489	cpd:C00008
rn:R13566	cpd:C00008
rn:R13572	cpd:C00008
rn:R13583	cpd:C00008
rn:R13626	cpd:C00008
rn:R13633	cpd:C00008
rn:R13637	cpd:C00008
rn:R00002	cpd:C00009
rn:R00004	cpd:C00009
rn:R00077	cpd:C00009
rn:R00085	cpd:C00009
rn:R00086	cpd:C00009
rn:R00118	cpd:C00009
rn:R00122	cpd:C00009
rn:R00126	cpd:C00009
rn:R00128	cpd:C00009
rn:R00129	cpd:C00009
rn:R00138	cpd:C00009
rn:R00149	cpd:C00009
rn:R00155	cpd:C00009
rn:R00159	cpd:C00009
rn:R00164	cpd:C00009
rn:R00173	cpd:C00009
rn:R00177	cpd:C00009
rn:R00183	cpd:C00009
rn:R00188	cpd:C00009
rn:R00199	cpd:C00009
rn:R00206	cpd:C00009
rn:R00207	cpd:C00009
rn:R00208	cpd:C00009
rn:R00229	cpd:C00009
rn:R00230	cpd:C00009
rn:R00251	cpd:C00009
rn:R00253	cpd:C00009
rn:R00283	cpd:C00009
rn:R00303	cpd:C00009
rn:R00304	cpd:C00009
rn:R00317	cpd:C00009
rn:R00318	cpd:C00009
rn:R00320	cpd:C00009
rn:R00328	cpd:C00009
rn:R00329	cpd:C00009
rn:R00335	cpd:C00009
rn:R00344	cpd:C00009
rn:R00345	cpd:C00009
rn:R00346	cpd:C00009
rn:R00352	cpd:C00009
rn:R00394	cpd:C00009
rn:R00405	cpd:C00009
rn:R00425	cpd:C00009
rn:R00432	cpd:C00009
rn:R00437	cpd:C00009
rn:R00438	cpd:C00009
rn:R00439	cpd:C00009
rn:R00440	cpd:C00009
rn:R00482	cpd:C00009
rn:R00497	cpd:C00009
rn:R00508	cpd:C00009
rn:R00511	cpd:C00009
rn:R00514	cpd:C00009
rn:R00530	cpd:C00009
rn:R00539	cpd:C00009
rn:R00548	cpd:C00009
rn:R00569	cpd:C00009
rn:R00571	cpd:C00009
rn:R00573	cpd:C00009
rn:R00575	cpd:C00009
rn:R00582	cpd:C00009
rn:R00584	cpd:C00009
rn:R00615	cpd:C00009
rn:R00618	cpd:C00009
rn:R00626	cpd:C00009
rn:R00660	cpd:C00009
rn:R00719	cpd:C00009
rn:R00723	cpd:C00009
rn:R00727	cpd:C00009
rn:R00742	cpd:C00009
rn:R00747	cpd:C00009
rn:R00748	cpd:C00009
rn:R00761	cpd:C00009
rn:R00762	cpd:C00009
rn:R00763	cpd:C00009
rn:R00764	cpd:C00009
rn:R00774	cpd:C00009
rn:R00803	cpd:C00009
rn:R00804	cpd:C00009
rn:R00805	cpd:C00009
rn:R00841	cpd:C00009
rn:R00872	cpd:C00009
rn:R00883	cpd:C00009
rn:R00894	cpd:C00009
rn:R00910	cpd:C00009
rn:R00912	cpd:C00009
rn:R00920	cpd:C00009
rn:R00921	cpd:C00009
rn:R00942	cpd:C00009
rn:R00943	cpd:C00009
rn:R00947	cpd:C00009
rn:R00952	cpd:C00009
rn:R00953	cpd:C00009
rn:R00957	cpd:C00009
rn:R00961	cpd:C00009
rn:R00963	cpd:C00009
rn:R00993	cpd:C00009
rn:R01003	cpd:C00009
rn:R01004	cpd:C00009
rn:R01010	cpd:C00009
rn:R01016	cpd:C00009
rn:R01043	cpd:C00009
rn:R01044	cpd:C00009
rn:R01052	cpd:C00009
rn:R01053	cpd:C00009
rn:R01061	cpd:C00009
rn:R01063	cpd:C00009
rn:R01121	cpd:C00009
rn:R01126	cpd:C00009
rn:R01135	cpd:C00009
rn:R01150	cpd:C00009
rn:R01164	cpd:C00009
rn:R01174	cpd:C00009
rn:R01185	cpd:C00009
rn:R01186	cpd:C00009
rn:R01187	cpd:C00009
rn:R01227	cpd:C00009
rn:R01256	cpd:C00009
rn:R01322	cpd:C00009
rn:R01334	cpd:C00009
rn:R01396	cpd:C00009
rn:R01397	cpd:C00009
rn:R01398	cpd:C00009
rn:R01399	cpd:C00009
rn:R01402	cpd:C00009
rn:R01421	cpd:C00009
rn:R01466	cpd:C00009
rn:R01511	cpd:C00009
rn:R01515	cpd:C00009
rn:R01555	cpd:C00009
rn:R01561	cpd:C00009
rn:R01562	cpd:C00009
rn:R01569	cpd:C00009
rn:R01570	cpd:C00009
rn:R01585	cpd:C00009
rn:R01620	cpd:C00009
rn:R01621	cpd:C00009
rn:R01654	cpd:C00009
rn:R01664	cpd:C00009
rn:R01667	cpd:C00009
rn:R01714	cpd:C00009
rn:R01724	cpd:C00009
rn:R01748	cpd:C00009
rn:R01788	cpd:C00009
rn:R01804	cpd:C00009
rn:R01805	cpd:C00009
rn:R01821	cpd:C00009
rn:R01826	cpd:C00009
rn:R01845	cpd:C00009
rn:R01859	cpd:C00009
rn:R01863	cpd:C00009
rn:R01876	cpd:C00009
rn:R01877	cpd:C00009
rn:R01882	cpd:C00009
rn:R01911	cpd:C00009
rn:R01917	cpd:C00009
rn:R01968	cpd:C00009
rn:R01969	cpd:C00009
rn:R01991	cpd:C00009
rn:R02029	cpd:C00009
rn:R02073	cpd:C00009
rn:R02088	cpd:C00009
rn:R02092	cpd:C00009
rn:R02095	cpd:C00009
rn:R02102	cpd:C00009
rn:R02111	cpd:C00009
rn:R02135	cpd:C00009
rn:R02147	cpd:C00009
rn:R02148	cpd:C00009
rn:R02167	cpd:C00009
rn:R02228	cpd:C00009
rn:R02237	cpd:C00009
rn:R02238	cpd:C00009
rn:R02239	cpd:C00009
rn:R02248	cpd:C00009
rn:R02249	cpd:C00009
rn:R02291	cpd:C00009
rn:R02294	cpd:C00009
rn:R02295	cpd:C00009
rn:R02296	cpd:C00009
rn:R02297	cpd:C00009
rn:R02298	cpd:C00009
rn:R02301	cpd:C00009
rn:R02319	cpd:C00009
rn:R02323	cpd:C00009
rn:R02330	cpd:C00009
rn:R02370	cpd:C00009
rn:R02402	cpd:C00009
rn:R02404	cpd:C00009
rn:R02405	cpd:C00009
rn:R02406	cpd:C00009
rn:R02451	cpd:C00009
rn:R02484	cpd:C00009
rn:R02494	cpd:C00009
rn:R02557	cpd:C00009
rn:R02585	cpd:C00009
rn:R02587	cpd:C00009
rn:R02597	cpd:C00009
rn:R02646	cpd:C00009
rn:R02706	cpd:C00009
rn:R02719	cpd:C00009
rn:R02727	cpd:C00009
rn:R02730	cpd:C00009
rn:R02731	cpd:C00009
rn:R02741	cpd:C00009
rn:R02748	cpd:C00009
rn:R02751	cpd:C00009
rn:R02769	cpd:C00009
rn:R02778	cpd:C00009
rn:R02783	cpd:C00009
rn:R02786	cpd:C00009
rn:R02788	cpd:C00009
rn:R02853	cpd:C00009
rn:R02866	cpd:C00009
rn:R02885	cpd:C00009
rn:R02888	cpd:C00009
rn:R02929	cpd:C00009
rn:R02937	cpd:C00009
rn:R03013	cpd:C00009
rn:R03024	cpd:C00009
rn:R03042	cpd:C00009
rn:R03060	cpd:C00009
rn:R03083	cpd:C00009
rn:R03095	cpd:C00009
rn:R03116	cpd:C00009
rn:R03142	cpd:C00009
rn:R03143	cpd:C00009
rn:R03151	cpd:C00009
rn:R03157	cpd:C00009
rn:R03182	cpd:C00009
rn:R03187	cpd:C00009
rn:R03193	cpd:C00009
rn:R03254	cpd:C00009
rn:R03273	cpd:C00009
rn:R03286	cpd:C00009
rn:R03298	cpd:C00009
rn:R03313	cpd:C00009
rn:R03330	cpd:C00009
rn:R03346	cpd:C00009
rn:R03350	cpd:C00009
rn:R03363	cpd:C00009
rn:R03371	cpd:C00009
rn:R03372	cpd:C00009
rn:R03393	cpd:C00009
rn:R03394	cpd:C00009
rn:R03409	cpd:C00009
rn:R03427	cpd:C00009
rn:R03430	cpd:C00009
rn:R03434	cpd:C00009
rn:R03443	cpd:C00009
rn:R03450	cpd:C00009
rn:R03454	cpd:C00009
rn:R03460	cpd:C00009
rn:R03474	cpd:C00009
rn:R03494	cpd:C00009
rn:R03496	cpd:C00009
rn:R03515	cpd:C00009
rn:R03595	cpd:C00009
rn:R03699	cpd:C00009
rn:R03822	cpd:C00009
rn:R03877	cpd:C00009
rn:R03905	cpd:C00009
rn:R03969	cpd:C00009
rn:R03993	cpd:C00009
rn:R04068	cpd:C00009
rn:R04138	cpd:C00009
rn:R04144	cpd:C00009
rn:R04156	cpd:C00009
rn:R04162	cpd:C00009
rn:R04167	cpd:C00009
rn:R04208	cpd:C00009
rn:R04212	cpd:C00009
rn:R04241	cpd:C00009
rn:R04248	cpd:C00009
rn:R04281	cpd:C00009
rn:R04292	cpd:C00009
rn:R04312	cpd:C00009
rn:R04317	cpd:C00009
rn:R04369	cpd:C00009
rn:R04372	cpd:C00009
rn:R04385	cpd:C00009
rn:R04404	cpd:C00009
rn:R04435	cpd:C00009
rn:R04457	cpd:C00009
rn:R04463	cpd:C00009
rn:R04479	cpd:C00009
rn:R04513	cpd:C00009
rn:R04542	cpd:C00009
rn:R04573	cpd:C00009
rn:R04591	cpd:C00009
rn:R04594	cpd:C00009
rn:R04617	cpd:C00009
rn:R04620	cpd:C00009
rn:R04621	cpd:C00009
rn:R04730	cpd:C00009
rn:R04771	cpd:C00009
rn:R04780	cpd:C00009
rn:R04944	cpd:C00009
rn:R05030	cpd:C00009
rn:R05086	cpd:C00009
rn:R05185	cpd:C00009
rn:R05186	cpd:C00009
rn:R05197	cpd:C00009
rn:R05224	cpd:C00009
rn:R05225	cpd:C00009
rn:R05227	cpd:C00009
rn:R05230	cpd:C00009
rn:R05326	cpd:C00009
rn:R05453	cpd:C00009
rn:R05465	cpd:C00009
rn:R05496	cpd:C00009
rn:R05512	cpd:C00009
rn:R05603	cpd:C00009
rn:R05625	cpd:C00009
rn:R05627	cpd:C00009
rn:R05647	cpd:C00009
rn:R05651	cpd:C00009
rn:R05735	cpd:C00009
rn:R05746	cpd:C00009
rn:R05767	cpd:C00009
rn:R05777	cpd:C00009
rn:R05779	cpd:C00009
rn:R05789	cpd:C00009
rn:R05790	cpd:C00009
rn:R05791	cpd:C00009
rn:R05815	cpd:C00009
rn:R05838	cpd:C00009
rn:R06018	cpd:C00009
rn:R06022	cpd:C00009
rn:R06034	cpd:C00009
rn:R06040	cpd:C00009
rn:R06044	cpd:C00009
rn:R06050	cpd:C00009
rn:R06053	cpd:C00009
rn:R06056	cpd:C00009
rn:R06057	cpd:C00009
rn:R06058	cpd:C00009
rn:R06061	cpd:C00009
rn:R06185	cpd:C00009
rn:R06211	cpd:C00009
rn:R06228	cpd:C00009
rn:R06282	cpd:C00009
rn:R06367	cpd:C00009
rn:R06396	cpd:C00009
rn:R06520	cpd:C00009
rn:R06521	cpd:C00009
rn:R06522	cpd:C00009
rn:R06529	cpd:C00009
rn:R06591	cpd:C00009
rn:R06592	cpd:C00009
rn:R06772	cpd:C00009
rn:R06870	cpd:C00009
rn:R06871	cpd:C00009
rn:R06875	cpd:C00009
rn:R06974	cpd:C00009
rn:R06975	cpd:C00009
rn:R07226	cpd:C00009
rn:R07227	cpd:C00009
rn:R07228	cpd:C00009
rn:R07245	cpd:C00009
rn:R07264	cpd:C00009
rn:R07265	cpd:C00009
rn:R07274	cpd:C00009
rn:R07280	cpd:C00009
rn:R07282	cpd:C00009
rn:R07285	cpd:C00009
rn:R07297	cpd:C00009
rn:R07298	cpd:C00009
rn:R07299	cpd:C00009
rn:R07302	cpd:C00009
rn:R07306	cpd:C00009
rn:R07343	cpd:C00009
rn:R07383	cpd:C00009
rn:R07394	cpd:C00009
rn:R07395	cpd:C00009
rn:R07404	cpd:C00009
rn:R07414	cpd:C00009
rn:R07420	cpd:C00009
rn:R07456	cpd:C00009
rn:R07582	cpd:C00009
rn:R07583	cpd:C00009
rn:R07641	cpd:C00009
rn:R07642	cpd:C00009
rn:R07674	cpd:C00009
rn:R07828	cpd:C00009
rn:R08061	cpd:C00009
rn:R08062	cpd:C00009
rn:R08063	cpd:C00009
rn:R08064	cpd:C00009
rn:R08069	cpd:C00009
rn:R08070	cpd:C00009
rn:R08071	cpd:C00009
rn:R08079	cpd:C00009
rn:R08144	cpd:C00009
rn:R08200	cpd:C00009
rn:R08201	cpd:C00009
rn:R08219	cpd:C00009
rn:R08222	cpd:C00009
rn:R08224	cpd:C00009
rn:R08229	cpd:C00009
rn:R08230	cpd:C00009
rn:R08323	cpd:C00009
rn:R08352	cpd:C00009
rn:R08353	cpd:C00009
rn:R08354	cpd:C00009
rn:R08355	cpd:C00009
rn:R08368	cpd:C00009
rn:R08515	cpd:C00009
rn:R08548	cpd:C00009
rn:R08577	cpd:C00009
rn:R08617	cpd:C00009
rn:R08650	cpd:C00009
rn:R08658	cpd:C00009
rn:R08855	cpd:C00009
rn:R08887	cpd:C00009
rn:R08899	cpd:C00009
rn:R08905	cpd:C00009
rn:R08906	cpd:C00009
rn:R08924	cpd:C00009
rn:R08937	cpd:C00009
rn:R08981	cpd:C00009
rn:R08982	cpd:C00009
rn:R09053	cpd:C00009
rn:R09060	cpd:C00009
rn:R09399	cpd:C00009
rn:R09400	cpd:C00009
rn:R09401	cpd:C00009
rn:R09530	cpd:C00009
rn:R09532	cpd:C00009
rn:R09588	cpd:C00009
rn:R09590	cpd:C00009
rn:R09592	cpd:C00009
rn:R09593	cpd:C00009
rn:R09594	cpd:C00009
rn:R09595	cpd:C00009
rn:R09596	cpd:C00009
rn:R09598	cpd:C00009
rn:R09599	cpd:C00009
rn:R09632	cpd:C00009
rn:R09644	cpd:C00009
rn:R09664	cpd:C00009
rn:R09668	cpd:C00009
rn:R09752	cpd:C00009
rn:R09760	cpd:C00009
rn:R09771	cpd:C00009
rn:R09775	cpd:C00009
rn:R09777	cpd:C00009
rn:R09827	cpd:C00009
rn:R09841	cpd:C00009
rn:R09853	cpd:C00009
rn:R09858	cpd:C00009
rn:R09877	cpd:C00009
rn:R09941	cpd:C00009
rn:R09942	cpd:C00009
rn:R09943	cpd:C00009
rn:R09994	cpd:C00009
rn:R10088	cpd:C00009
rn:R10089	cpd:C00009
rn:R10098	cpd:C00009
rn:R10235	cpd:C00009
rn:R10244	cpd:C00009
rn:R10267	cpd:C00009
rn:R10268	cpd:C00009
rn:R10270	cpd:C00009
rn:R10288	cpd:C00009
rn:R10304	cpd:C00009
rn:R10442	cpd:C00009
rn:R10443	cpd:C00009
rn:R10469	cpd:C00009
rn:R10470	cpd:C00009
rn:R10486	cpd:C00009
rn:R10496	cpd:C00009
rn:R10531	cpd:C00009
rn:R10541	cpd:C00009
rn:R10546	cpd:C00009
rn:R10547	cpd:C00009
rn:R10561	cpd:C00009
rn:R10610	cpd:C00009
rn:R10622	cpd:C00009
rn:R10677	cpd:C00009
rn:R10678	cpd:C00009
rn:R10679	cpd:C00009
rn:R10693	cpd:C00009
rn:R10722	cpd:C00009
rn:R10748	cpd:C00009
rn:R10758	cpd:C00009
rn:R10767	cpd:C00009
rn:R10768	cpd:C00009
rn:R10772	cpd:C00009
rn:R10776	cpd:C00009
rn:R10781	cpd:C00009
rn:R10811	cpd:C00009
rn:R10814	cpd:C00009
rn:R10821	cpd:C00009
rn:R10822	cpd:C00009
rn:R10829	cpd:C00009
rn:R10832	cpd:C00009
rn:R10836	cpd:C00009
rn:R10837	cpd:C00009
rn:R10838	cpd:C00009
rn:R10892	cpd:C00009
rn:R10901	cpd:C00009
rn:R10902	cpd:C00009
rn:R10928	cpd:C00009
rn:R10929	cpd:C00009
rn:R10931	cpd:C00009
rn:R10935	cpd:C00009
rn:R10937	cpd:C00009
rn:R10941	cpd:C00009
rn:R10942	cpd:C00009
rn:R10943	cpd:C00009
rn:R10944	cpd:C00009
rn:R10949	cpd:C00009
rn:R10950	cpd:C00009
rn:R10973	cpd:C00009
rn:R10987	cpd:C00009
rn:R10993	cpd:C00009
rn:R10994	cpd:C00009
rn:R11053	cpd:C00009
rn:R11064	cpd:C00009
rn:R11085	cpd:C00009
rn:R11095	cpd:C00009
rn:R11127	cpd:C00009
rn:R11128	cpd:C00009
rn:R11140	cpd:C00009
rn:R11173	cpd:C00009
rn:R11180	cpd:C00009
rn:R11188	cpd:C00009
rn:R11207	cpd:C00009
rn:R11225	cpd:C00009
rn:R11240	cpd:C00009
rn:R11251	cpd:C00009
rn:R11258	cpd:C00009
rn:R11259	cpd:C00009
rn:R11279	cpd:C00009
rn:R11281	cpd:C00009
rn:R11326	cpd:C00009
rn:R11327	cpd:C00009
rn:R11397	cpd:C00009
rn:R11398	cpd:C00009
rn:R11439	cpd:C00009
rn:R11440	cpd:C00009
rn:R11527	cpd:C00009
rn:R11531	cpd:C00009
rn:R11551	cpd:C00009
rn:R11552	cpd:C00009
rn:R11627	cpd:C00009
rn:R11628	cpd:C00009
rn:R11629	cpd:C00009
rn:R11662	cpd:C00009
rn:R11673	cpd:C00009
rn:R11680	cpd:C00009
rn:R11705	cpd:C00009
rn:R11785	cpd:C00009
rn:R11919	cpd:C00009
rn:R11941	cpd:C00009
rn:R11959	cpd:C00009
rn:R11964	cpd:C00009
rn:R12084	cpd:C00009
rn:R12092	cpd:C00009
rn:R12114	cpd:C00009
rn:R12124	cpd:C00009
rn:R12125	cpd:C00009
rn:R12150	cpd:C00009
rn:R12151	cpd:C00009
rn:R12201	cpd:C00009
rn:R12203	cpd:C00009
rn:R12240	cpd:C00009
rn:R12241	cpd:C00009
rn:R12243	cpd:C00009
rn:R12272	cpd:C00009
rn:R12331	cpd:C00009
rn:R12451	cpd:C00009
rn:R12531	cpd:C00009
rn:R12532	cpd:C00009
rn:R12533	cpd:C00009
rn:R12565	cpd:C00009
rn:R12567	cpd:C00009
rn:R12580	cpd:C00009
rn:R12583	cpd:C00009
rn:R12587	cpd:C00009
rn:R12589	cpd:C00009
rn:R12595	cpd:C00009
rn:R12614	cpd:C00009
rn:R12661	cpd:C00009
rn:R12700	cpd:C00009
rn:R12703	cpd:C00009
rn:R12786	cpd:C00009
rn:R12896	cpd:C00009
rn:R12934	cpd:C00009
rn:R12945	cpd:C00009
rn:R12958	cpd:C00009
rn:R12979	cpd:C00009
rn:R13002	cpd:C00009
rn:R13090	cpd:C00009
rn:R13125	cpd:C00009
rn:R13127	cpd:C00009
rn:R13205	cpd:C00009
rn:R13206	cpd:C00009
rn:R13207	cpd:C00009
rn:R13208	cpd:C00009
rn:R13209	cpd:C00009
rn:R13210	cpd:C00009
rn:R13211	cpd:C00009
rn:R13222	cpd:C00009
rn:R13243	cpd:C00009
rn:R13244	cpd:C00009
rn:R13245	cpd:C00009
rn:R13246	cpd:C00009
rn:R13256	cpd:C00009
rn:R13363	cpd:C00009
rn:R13364	cpd:C00009
rn:R13371	cpd:C00009
rn:R13401	cpd:C00009
rn:R13453	cpd:C00009
rn:R13490	cpd:C00009
rn:R13566	cpd:C00009
rn:R13572	cpd:C00009
rn:R13583	cpd:C00009
rn:R13626	cpd:C00009
rn:R00091	cpd:C00010
rn:R00130	cpd:C00010
rn:R00209	cpd:C00010
rn:R00210	cpd:C00010
rn:R00211	cpd:C00010
rn:R00212	cpd:C00010
rn:R00227	cpd:C00010
rn:R00228	cpd:C00010
rn:R00229	cpd:C00010
rn:R00230	cpd:C00010
rn:R00235	cpd:C00010
rn:R00236	cpd:C00010
rn:R00238	cpd:C00010
rn:R00259	cpd:C00010
rn:R00271	cpd:C00010
rn:R00351	cpd:C00010
rn:R00352	cpd:C00010
rn:R00371	cpd:C00010
rn:R00383	cpd:C00010
rn:R00389	cpd:C00010
rn:R00390	cpd:C00010
rn:R00391	cpd:C00010
rn:R00394	cpd:C00010
rn:R00395	cpd:C00010
rn:R00399	cpd:C00010
rn:R00405	cpd:C00010
rn:R00407	cpd:C00010
rn:R00432	cpd:C00010
rn:R00454	cpd:C00010
rn:R00468	cpd:C00010
rn:R00472	cpd:C00010
rn:R00487	cpd:C00010
rn:R00521	cpd:C00010
rn:R00577	cpd:C00010
rn:R00586	cpd:C00010
rn:R00627	cpd:C00010
rn:R00664	cpd:C00010
rn:R00693	cpd:C00010
rn:R00705	cpd:C00010
rn:R00706	cpd:C00010
rn:R00727	cpd:C00010
rn:R00740	cpd:C00010
rn:R00829	cpd:C00010
rn:R00830	cpd:C00010
rn:R00832	cpd:C00010
rn:R00851	cpd:C00010
rn:R00918	cpd:C00010
rn:R00920	cpd:C00010
rn:R00921	cpd:C00010
rn:R00922	cpd:C00010
rn:R00925	cpd:C00010
rn:R00926	cpd:C00010
rn:R00927	cpd:C00010
rn:R00931	cpd:C00010
rn:R00932	cpd:C00010
rn:R00935	cpd:C00010
rn:R00982	cpd:C00010
rn:R00989	cpd:C00010
rn:R00998	cpd:C00010
rn:R01013	cpd:C00010
rn:R01023	cpd:C00010
rn:R01075	cpd:C00010
rn:R01089	cpd:C00010
rn:R01111	cpd:C00010
rn:R01154	cpd:C00010
rn:R01160	cpd:C00010
rn:R01172	cpd:C00010
rn:R01173	cpd:C00010
rn:R01174	cpd:C00010
rn:R01176	cpd:C00010
rn:R01177	cpd:C00010
rn:R01180	cpd:C00010
rn:R01196	cpd:C00010
rn:R01197	cpd:C00010
rn:R01199	cpd:C00010
rn:R01204	cpd:C00010
rn:R01210	cpd:C00010
rn:R01213	cpd:C00010
rn:R01256	cpd:C00010
rn:R01274	cpd:C00010
rn:R01277	cpd:C00010
rn:R01280	cpd:C00010
rn:R01281	cpd:C00010
rn:R01300	cpd:C00010
rn:R01301	cpd:C00010
rn:R01318	cpd:C00010
rn:R01319	cpd:C00010
rn:R01322	cpd:C00010
rn:R01357	cpd:C00010
rn:R01358	cpd:C00010
rn:R01368	cpd:C00010
rn:R01422	cpd:C00010
rn:R01461	cpd:C00010
rn:R01496	cpd:C00010
rn:R01556	cpd:C00010
rn:R01558	cpd:C00010
rn:R01598	cpd:C00010
rn:R01613	cpd:C00010
rn:R01614	cpd:C00010
rn:R01615	cpd:C00010
rn:R01616	cpd:C00010
rn:R01617	cpd:C00010
rn:R01624	cpd:C00010
rn:R01625	cpd:C00010
rn:R01626	cpd:C00010
rn:R01651	cpd:C00010
rn:R01776	cpd:C00010
rn:R01777	cpd:C00010
rn:R01798	cpd:C00010
rn:R01806	cpd:C00010
rn:R01850	cpd:C00010
rn:R01889	cpd:C00010
rn:R01923	cpd:C00010
rn:R01933	cpd:C00010
rn:R01941	cpd:C00010
rn:R01943	cpd:C00010
rn:R01944	cpd:C00010
rn:R01945	cpd:C00010
rn:R01946	cpd:C00010
rn:R01952	cpd:C00010
rn:R01978	cpd:C00010
rn:R01999	cpd:C00010
rn:R02058	cpd:C00010
rn:R02081	cpd:C00010
rn:R02082	cpd:C00010
rn:R02083	cpd:C00010
rn:R02138	cpd:C00010
rn:R02152	cpd:C00010
rn:R02191	cpd:C00010
rn:R02193	cpd:C00010
rn:R02194	cpd:C00010
rn:R02195	cpd:C00010
rn:R02220	cpd:C00010
rn:R02221	cpd:C00010
rn:R02224	cpd:C00010
rn:R02241	cpd:C00010
rn:R02242	cpd:C00010
rn:R02251	cpd:C00010
rn:R02255	cpd:C00010
rn:R02366	cpd:C00010
rn:R02367	cpd:C00010
rn:R02375	cpd:C00010
rn:R02385	cpd:C00010
rn:R02387	cpd:C00010
rn:R02396	cpd:C00010
rn:R02402	cpd:C00010
rn:R02404	cpd:C00010
rn:R02405	cpd:C00010
rn:R02406	cpd:C00010
rn:R02416	cpd:C00010
rn:R02447	cpd:C00010
rn:R02450	cpd:C00010
rn:R02452	cpd:C00010
rn:R02453	cpd:C00010
rn:R02481	cpd:C00010
rn:R02482	cpd:C00010
rn:R02505	cpd:C00010
rn:R02506	cpd:C00010
rn:R02539	cpd:C00010
rn:R02543	cpd:C00010
rn:R02569	cpd:C00010
rn:R02570	cpd:C00010
rn:R02571	cpd:C00010
rn:R02576	cpd:C00010
rn:R02616	cpd:C00010
rn:R02617	cpd:C00010
rn:R02620	cpd:C00010
rn:R02662	cpd:C00010
rn:R02694	cpd:C00010
rn:R02699	cpd:C00010
rn:R02760	cpd:C00010
rn:R02764	cpd:C00010
rn:R02772	cpd:C00010
rn:R02794	cpd:C00010
rn:R02837	cpd:C00010
rn:R02899	cpd:C00010
rn:R02911	cpd:C00010
rn:R02986	cpd:C00010
rn:R03017	cpd:C00010
rn:R03040	cpd:C00010
rn:R03056	cpd:C00010
rn:R03064	cpd:C00010
rn:R03065	cpd:C00010
rn:R03109	cpd:C00010
rn:R03157	cpd:C00010
rn:R03158	cpd:C00010
rn:R03168	cpd:C00010
rn:R03171	cpd:C00010
rn:R03174	cpd:C00010
rn:R03209	cpd:C00010
rn:R03210	cpd:C00010
rn:R03230	cpd:C00010
rn:R03352	cpd:C00010
rn:R03374	cpd:C00010
rn:R03381	cpd:C00010
rn:R03383	cpd:C00010
rn:R03437	cpd:C00010
rn:R03438	cpd:C00010
rn:R03455	cpd:C00010
rn:R03552	cpd:C00010
rn:R03621	cpd:C00010
rn:R03631	cpd:C00010
rn:R03668	cpd:C00010
rn:R03695	cpd:C00010
rn:R03718	cpd:C00010
rn:R03719	cpd:C00010
rn:R03720	cpd:C00010
rn:R03727	cpd:C00010
rn:R03735	cpd:C00010
rn:R03755	cpd:C00010
rn:R03756	cpd:C00010
rn:R03760	cpd:C00010
rn:R03762	cpd:C00010
rn:R03767	cpd:C00010
rn:R03778	cpd:C00010
rn:R03779	cpd:C00010
rn:R03838	cpd:C00010
rn:R03858	cpd:C00010
rn:R03859	cpd:C00010
rn:R03861	cpd:C00010
rn:R03903	cpd:C00010
rn:R03910	cpd:C00010
rn:R03932	cpd:C00010
rn:R03965	cpd:C00010
rn:R03974	cpd:C00010
rn:R03991	cpd:C00010
rn:R03992	cpd:C00010
rn:R03994	cpd:C00010
rn:R04021	cpd:C00010
rn:R04022	cpd:C00010
rn:R04024	cpd:C00010
rn:R04030	cpd:C00010
rn:R04050	cpd:C00010
rn:R04097	cpd:C00010
rn:R04150	cpd:C00010
rn:R04157	cpd:C00010
rn:R04192	cpd:C00010
rn:R04205	cpd:C00010
rn:R04211	cpd:C00010
rn:R04254	cpd:C00010
rn:R04316	cpd:C00010
rn:R04348	cpd:C00010
rn:R04356	cpd:C00010
rn:R04361	cpd:C00010
rn:R04363	cpd:C00010
rn:R04364	cpd:C00010
rn:R04365	cpd:C00010
rn:R04413	cpd:C00010
rn:R04466	cpd:C00010
rn:R04480	cpd:C00010
rn:R04484	cpd:C00010
rn:R04507	cpd:C00010
rn:R04546	cpd:C00010
rn:R04580	cpd:C00010
rn:R04618	cpd:C00010
rn:R04709	cpd:C00010
rn:R04723	cpd:C00010
rn:R04742	cpd:C00010
rn:R04747	cpd:C00010
rn:R04776	cpd:C00010
rn:R04777	cpd:C00010
rn:R04811	cpd:C00010
rn:R04868	cpd:C00010
rn:R04950	cpd:C00010
rn:R05063	cpd:C00010
rn:R05064	cpd:C00010
rn:R05129	cpd:C00010
rn:R05163	cpd:C00010
rn:R05188	cpd:C00010
rn:R05189	cpd:C00010
rn:R05190	cpd:C00010
rn:R05330	cpd:C00010
rn:R05331	cpd:C00010
rn:R05332	cpd:C00010
rn:R05351	cpd:C00010
rn:R05451	cpd:C00010
rn:R05452	cpd:C00010
rn:R05455	cpd:C00010
rn:R05506	cpd:C00010
rn:R05537	cpd:C00010
rn:R05546	cpd:C00010
rn:R05586	cpd:C00010
rn:R05587	cpd:C00010
rn:R05620	cpd:C00010
rn:R05672	cpd:C00010
rn:R05714	cpd:C00010
rn:R05744	cpd:C00010
rn:R05841	cpd:C00010
rn:R05870	cpd:C00010
rn:R05876	cpd:C00010
rn:R05918	cpd:C00010
rn:R06251	cpd:C00010
rn:R06307	cpd:C00010
rn:R06310	cpd:C00010
rn:R06311	cpd:C00010
rn:R06361	cpd:C00010
rn:R06367	cpd:C00010
rn:R06368	cpd:C00010
rn:R06396	cpd:C00010
rn:R06409	cpd:C00010
rn:R06410	cpd:C00010
rn:R06414	cpd:C00010
rn:R06415	cpd:C00010
rn:R06448	cpd:C00010
rn:R06453	cpd:C00010
rn:R06458	cpd:C00010
rn:R06459	cpd:C00010
rn:R06480	cpd:C00010
rn:R06481	cpd:C00010
rn:R06482	cpd:C00010
rn:R06483	cpd:C00010
rn:R06510	cpd:C00010
rn:R06515	cpd:C00010
rn:R06517	cpd:C00010
rn:R06527	cpd:C00010
rn:R06544	cpd:C00010
rn:R06545	cpd:C00010
rn:R06568	cpd:C00010
rn:R06569	cpd:C00010
rn:R06583	cpd:C00010
rn:R06624	cpd:C00010
rn:R06625	cpd:C00010
rn:R06635	cpd:C00010
rn:R06637	cpd:C00010
rn:R06641	cpd:C00010
rn:R06643	cpd:C00010
rn:R06644	cpd:C00010
rn:R06645	cpd:C00010
rn:R06731	cpd:C00010
rn:R06735	cpd:C00010
rn:R06736	cpd:C00010
rn:R06796	cpd:C00010
rn:R06797	cpd:C00010
rn:R06799	cpd:C00010
rn:R06800	cpd:C00010
rn:R06801	cpd:C00010
rn:R06806	cpd:C00010
rn:R06817	cpd:C00010
rn:R06821	cpd:C00010
rn:R06872	cpd:C00010
rn:R06908	cpd:C00010
rn:R06944	cpd:C00010
rn:R06978	cpd:C00010
rn:R06987	cpd:C00010
rn:R06997	cpd:C00010
rn:R07160	cpd:C00010
rn:R07161	cpd:C00010
rn:R07175	cpd:C00010
rn:R07249	cpd:C00010
rn:R07250	cpd:C00010
rn:R07251	cpd:C00010
rn:R07252	cpd:C00010
rn:R07253	cpd:C00010
rn:R07255	cpd:C00010
rn:R07262	cpd:C00010
rn:R07294	cpd:C00010
rn:R07296	cpd:C00010
rn:R07382	cpd:C00010
rn:R07399	cpd:C00010
rn:R07416	cpd:C00010
rn:R07432	cpd:C00010
rn:R07433	cpd:C00010
rn:R07719	cpd:C00010
rn:R07721	cpd:C00010
rn:R07731	cpd:C00010
rn:R07741	cpd:C00010
rn:R07754	cpd:C00010
rn:R07757	cpd:C00010
rn:R07758	cpd:C00010
rn:R07815	cpd:C00010
rn:R07828	cpd:C00010
rn:R07833	cpd:C00010
rn:R07873	cpd:C00010
rn:R07876	cpd:C00010
rn:R07880	cpd:C00010
rn:R07881	cpd:C00010
rn:R07882	cpd:C00010
rn:R07883	cpd:C00010
rn:R07884	cpd:C00010
rn:R07885	cpd:C00010
rn:R07886	cpd:C00010
rn:R07887	cpd:C00010
rn:R07891	cpd:C00010
rn:R07895	cpd:C00010
rn:R07899	cpd:C00010
rn:R07902	cpd:C00010
rn:R07910	cpd:C00010
rn:R07926	cpd:C00010
rn:R07927	cpd:C00010
rn:R07928	cpd:C00010
rn:R07929	cpd:C00010
rn:R07930	cpd:C00010
rn:R07931	cpd:C00010
rn:R07937	cpd:C00010
rn:R07938	cpd:C00010
rn:R07944	cpd:C00010
rn:R07953	cpd:C00010
rn:R07987	cpd:C00010
rn:R07988	cpd:C00010
rn:R07989	cpd:C00010
rn:R08036	cpd:C00010
rn:R08088	cpd:C00010
rn:R08091	cpd:C00010
rn:R08095	cpd:C00010
rn:R08097	cpd:C00010
rn:R08117	cpd:C00010
rn:R08171	cpd:C00010
rn:R08172	cpd:C00010
rn:R08174	cpd:C00010
rn:R08175	cpd:C00010
rn:R08176	cpd:C00010
rn:R08177	cpd:C00010
rn:R08178	cpd:C00010
rn:R08179	cpd:C00010
rn:R08180	cpd:C00010
rn:R08181	cpd:C00010
rn:R08182	cpd:C00010
rn:R08183	cpd:C00010
rn:R08184	cpd:C00010
rn:R08185	cpd:C00010
rn:R08186	cpd:C00010
rn:R08187	cpd:C00010
rn:R08188	cpd:C00010
rn:R08189	cpd:C00010
rn:R08190	cpd:C00010
rn:R08191	cpd:C00010
rn:R08192	cpd:C00010
rn:R08213	cpd:C00010
rn:R08248	cpd:C00010
rn:R08250	cpd:C00010
rn:R08273	cpd:C00010
rn:R08331	cpd:C00010
rn:R08332	cpd:C00010
rn:R08381	cpd:C00010
rn:R08386	cpd:C00010
rn:R08423	cpd:C00010
rn:R08430	cpd:C00010
rn:R08433	cpd:C00010
rn:R08453	cpd:C00010
rn:R08530	cpd:C00010
rn:R08531	cpd:C00010
rn:R08532	cpd:C00010
rn:R08549	cpd:C00010
rn:R08566	cpd:C00010
rn:R08567	cpd:C00010
rn:R08619	cpd:C00010
rn:R08623	cpd:C00010
rn:R08627	cpd:C00010
rn:R08631	cpd:C00010
rn:R08640	cpd:C00010
rn:R08644	cpd:C00010
rn:R08680	cpd:C00010
rn:R08712	cpd:C00010
rn:R08713	cpd:C00010
rn:R08733	cpd:C00010
rn:R08738	cpd:C00010
rn:R08743	cpd:C00010
rn:R08744	cpd:C00010
rn:R08745	cpd:C00010
rn:R08767	cpd:C00010
rn:R08796	cpd:C00010
rn:R08797	cpd:C00010
rn:R08805	cpd:C00010
rn:R08806	cpd:C00010
rn:R08807	cpd:C00010
rn:R08808	cpd:C00010
rn:R08809	cpd:C00010
rn:R08810	cpd:C00010
rn:R08870	cpd:C00010
rn:R08871	cpd:C00010
rn:R08938	cpd:C00010
rn:R08983	cpd:C00010
rn:R09034	cpd:C00010
rn:R09035	cpd:C00010
rn:R09036	cpd:C00010
rn:R09037	cpd:C00010
rn:R09096	cpd:C00010
rn:R09097	cpd:C00010
rn:R09106	cpd:C00010
rn:R09255	cpd:C00010
rn:R09256	cpd:C00010
rn:R09257	cpd:C00010
rn:R09258	cpd:C00010
rn:R09279	cpd:C00010
rn:R09280	cpd:C00010
rn:R09286	cpd:C00010
rn:R09317	cpd:C00010
rn:R09419	cpd:C00010
rn:R09450	cpd:C00010
rn:R09470	cpd:C00010
rn:R09524	cpd:C00010
rn:R09527	cpd:C00010
rn:R09528	cpd:C00010
rn:R09557	cpd:C00010
rn:R09589	cpd:C00010
rn:R09621	cpd:C00010
rn:R09622	cpd:C00010
rn:R09631	cpd:C00010
rn:R09643	cpd:C00010
rn:R09839	cpd:C00010
rn:R09840	cpd:C00010
rn:R09842	cpd:C00010
rn:R09854	cpd:C00010
rn:R09873	cpd:C00010
rn:R10003	cpd:C00010
rn:R10099	cpd:C00010
rn:R10100	cpd:C00010
rn:R10104	cpd:C00010
rn:R10142	cpd:C00010
rn:R10171	cpd:C00010
rn:R10172	cpd:C00010
rn:R10173	cpd:C00010
rn:R10174	cpd:C00010
rn:R10200	cpd:C00010
rn:R10210	cpd:C00010
rn:R10219	cpd:C00010
rn:R10233	cpd:C00010
rn:R10234	cpd:C00010
rn:R10237	cpd:C00010
rn:R10238	cpd:C00010
rn:R10239	cpd:C00010
rn:R10243	cpd:C00010
rn:R10253	cpd:C00010
rn:R10254	cpd:C00010
rn:R10278	cpd:C00010
rn:R10473	cpd:C00010
rn:R10474	cpd:C00010
rn:R10484	cpd:C00010
rn:R10485	cpd:C00010
rn:R10500	cpd:C00010
rn:R10514	cpd:C00010
rn:R10516	cpd:C00010
rn:R10526	cpd:C00010
rn:R10529	cpd:C00010
rn:R10589	cpd:C00010
rn:R10590	cpd:C00010
rn:R10612	cpd:C00010
rn:R10681	cpd:C00010
rn:R10700	cpd:C00010
rn:R10707	cpd:C00010
rn:R10745	cpd:C00010
rn:R10746	cpd:C00010
rn:R10747	cpd:C00010
rn:R10758	cpd:C00010
rn:R10769	cpd:C00010
rn:R10770	cpd:C00010
rn:R10771	cpd:C00010
rn:R10820	cpd:C00010
rn:R10825	cpd:C00010
rn:R10866	cpd:C00010
rn:R10893	cpd:C00010
rn:R10936	cpd:C00010
rn:R10947	cpd:C00010
rn:R10960	cpd:C00010
rn:R10965	cpd:C00010
rn:R10967	cpd:C00010
rn:R10998	cpd:C00010
rn:R11124	cpd:C00010
rn:R11125	cpd:C00010
rn:R11182	cpd:C00010
rn:R11199	cpd:C00010
rn:R11200	cpd:C00010
rn:R11201	cpd:C00010
rn:R11370	cpd:C00010
rn:R11390	cpd:C00010
rn:R11412	cpd:C00010
rn:R11435	cpd:C00010
rn:R11445	cpd:C00010
rn:R11450	cpd:C00010
rn:R11451	cpd:C00010
rn:R11479	cpd:C00010
rn:R11516	cpd:C00010
rn:R11542	cpd:C00010
rn:R11550	cpd:C00010
rn:R11584	cpd:C00010
rn:R11586	cpd:C00010
rn:R11588	cpd:C00010
rn:R11615	cpd:C00010
rn:R11616	cpd:C00010
rn:R11632	cpd:C00010
rn:R11664	cpd:C00010
rn:R11667	cpd:C00010
rn:R11689	cpd:C00010
rn:R11701	cpd:C00010
rn:R11708	cpd:C00010
rn:R11723	cpd:C00010
rn:R11781	cpd:C00010
rn:R11782	cpd:C00010
rn:R11902	cpd:C00010
rn:R11926	cpd:C00010
rn:R11957	cpd:C00010
rn:R11958	cpd:C00010
rn:R12039	cpd:C00010
rn:R12042	cpd:C00010
rn:R12049	cpd:C00010
rn:R12085	cpd:C00010
rn:R12117	cpd:C00010
rn:R12159	cpd:C00010
rn:R12242	cpd:C00010
rn:R12287	cpd:C00010
rn:R12288	cpd:C00010
rn:R12300	cpd:C00010
rn:R12310	cpd:C00010
rn:R12328	cpd:C00010
rn:R12337	cpd:C00010
rn:R12380	cpd:C00010
rn:R12381	cpd:C00010
rn:R12430	cpd:C00010
rn:R12431	cpd:C00010
rn:R12465	cpd:C00010
rn:R12466	cpd:C00010
rn:R12467	cpd:C00010
rn:R12468	cpd:C00010
rn:R12485	cpd:C00010
rn:R12496	cpd:C00010
rn:R12549	cpd:C00010
rn:R12561	cpd:C00010
rn:R12608	cpd:C00010
rn:R12626	cpd:C00010
rn:R12641	cpd:C00010
rn:R12642	cpd:C00010
rn:R12660	cpd:C00010
rn:R12701	cpd:C00010
rn:R12732	cpd:C00010
rn:R12733	cpd:C00010
rn:R12734	cpd:C00010
rn:R12735	cpd:C00010
rn:R12736	cpd:C00010
rn:R12737	cpd:C00010
rn:R12738	cpd:C00010
rn:R12791	cpd:C00010
rn:R12840	cpd:C00010
rn:R12841	cpd:C00010
rn:R12845	cpd:C00010
rn:R12915	cpd:C00010
rn:R12932	cpd:C00010
rn:R12968	cpd:C00010
rn:R12978	cpd:C00010
rn:R13030	cpd:C00010
rn:R13096	cpd:C00010
rn:R13177	cpd:C00010
rn:R13208	cpd:C00010
rn:R13210	cpd:C00010
rn:R13211	cpd:C00010
rn:R13255	cpd:C00010
rn:R13257	cpd:C00010
rn:R13275	cpd:C00010
rn:R13298	cpd:C00010
rn:R13301	cpd:C00010
rn:R13307	cpd:C00010
rn:R13334	cpd:C00010
rn:R13335	cpd:C00010
rn:R13343	cpd:C00010
rn:R13362	cpd:C00010
rn:R13396	cpd:C00010
rn:R13397	cpd:C00010
rn:R13416	cpd:C00010
rn:R13453	cpd:C00010
rn:R13459	cpd:C00010
rn:R13461	cpd:C00010
rn:R13467	cpd:C00010
rn:R13471	cpd:C00010
rn:R13479	cpd:C00010
rn:R13483	cpd:C00010
rn:R13487	cpd:C00010
rn:R13496	cpd:C00010
rn:R13498	cpd:C00010
rn:R13515	cpd:C00010
rn:R13516	cpd:C00010
rn:R13539	cpd:C00010
rn:R13548	cpd:C00010
rn:R13552	cpd:C00010
rn:R13565	cpd:C00010
rn:R13566	cpd:C00010
rn:R13572	cpd:C00010
rn:R13573	cpd:C00010
rn:R13588	cpd:C00010
rn:R13594	cpd:C00010
rn:R13599	cpd:C00010
rn:R13600	cpd:C00010
rn:R13617	cpd:C00010
rn:R13618	cpd:C00010
rn:R00005	cpd:C00011
rn:R00006	cpd:C00011
rn:R00013	cpd:C00011
rn:R00014	cpd:C00011
rn:R00024	cpd:C00011
rn:R00042	cpd:C00011
rn:R00047	cpd:C00011
rn:R00131	cpd:C00011
rn:R00132	cpd:C00011
rn:R00134	cpd:C00011
rn:R00149	cpd:C00011
rn:R00178	cpd:C00011
rn:R00207	cpd:C00011
rn:R00209	cpd:C00011
rn:R00210	cpd:C00011
rn:R00211	cpd:C00011
rn:R00213	cpd:C00011
rn:R00214	cpd:C00011
rn:R00215	cpd:C00011
rn:R00216	cpd:C00011
rn:R00217	cpd:C00011
rn:R00218	cpd:C00011
rn:R00219	cpd:C00011
rn:R00224	cpd:C00011
rn:R00226	cpd:C00011
rn:R00233	cpd:C00011
rn:R00254	cpd:C00011
rn:R00261	cpd:C00011
rn:R00267	cpd:C00011
rn:R00268	cpd:C00011
rn:R00272	cpd:C00011
rn:R00273	cpd:C00011
rn:R00319	cpd:C00011
rn:R00341	cpd:C00011
rn:R00345	cpd:C00011
rn:R00346	cpd:C00011
rn:R00374	cpd:C00011
rn:R00397	cpd:C00011
rn:R00431	cpd:C00011
rn:R00449	cpd:C00011
rn:R00451	cpd:C00011
rn:R00462	cpd:C00011
rn:R00469	cpd:C00011
rn:R00474	cpd:C00011
rn:R00484	cpd:C00011
rn:R00489	cpd:C00011
rn:R00519	cpd:C00011
rn:R00522	cpd:C00011
rn:R00559	cpd:C00011
rn:R00566	cpd:C00011
rn:R00621	cpd:C00011
rn:R00636	cpd:C00011
rn:R00656	cpd:C00011
rn:R00665	cpd:C00011
rn:R00670	cpd:C00011
rn:R00679	cpd:C00011
rn:R00681	cpd:C00011
rn:R00685	cpd:C00011
rn:R00690	cpd:C00011
rn:R00691	cpd:C00011
rn:R00698	cpd:C00011
rn:R00699	cpd:C00011
rn:R00705	cpd:C00011
rn:R00706	cpd:C00011
rn:R00709	cpd:C00011
rn:R00726	cpd:C00011
rn:R00732	cpd:C00011
rn:R00733	cpd:C00011
rn:R00736	cpd:C00011
rn:R00813	cpd:C00011
rn:R00818	cpd:C00011
rn:R00821	cpd:C00011
rn:R00822	cpd:C00011
rn:R00823	cpd:C00011
rn:R00825	cpd:C00011
rn:R00830	cpd:C00011
rn:R00905	cpd:C00011
rn:R00918	cpd:C00011
rn:R00922	cpd:C00011
rn:R00923	cpd:C00011
rn:R00935	cpd:C00011
rn:R00941	cpd:C00011
rn:R00965	cpd:C00011
rn:R00973	cpd:C00011
rn:R00983	cpd:C00011
rn:R00990	cpd:C00011
rn:R00993	cpd:C00011
rn:R00994	cpd:C00011
rn:R00995	cpd:C00011
rn:R01033	cpd:C00011
rn:R01121	cpd:C00011
rn:R01152	cpd:C00011
rn:R01167	cpd:C00011
rn:R01196	cpd:C00011
rn:R01197	cpd:C00011
rn:R01199	cpd:C00011
rn:R01210	cpd:C00011
rn:R01211	cpd:C00011
rn:R01221	cpd:C00011
rn:R01238	cpd:C00011
rn:R01252	cpd:C00011
rn:R01281	cpd:C00011
rn:R01297	cpd:C00011
rn:R01299	cpd:C00011
rn:R01366	cpd:C00011
rn:R01372	cpd:C00011
rn:R01373	cpd:C00011
rn:R01377	cpd:C00011
rn:R01384	cpd:C00011
rn:R01386	cpd:C00011
rn:R01390	cpd:C00011
rn:R01393	cpd:C00011
rn:R01412	cpd:C00011
rn:R01437	cpd:C00011
rn:R01528	cpd:C00011
rn:R01563	cpd:C00011
rn:R01613	cpd:C00011
rn:R01614	cpd:C00011
rn:R01629	cpd:C00011
rn:R01630	cpd:C00011
rn:R01633	cpd:C00011
rn:R01634	cpd:C00011
rn:R01635	cpd:C00011
rn:R01649	cpd:C00011
rn:R01651	cpd:C00011
rn:R01652	cpd:C00011
rn:R01682	cpd:C00011
rn:R01699	cpd:C00011
rn:R01700	cpd:C00011
rn:R01701	cpd:C00011
rn:R01702	cpd:C00011
rn:R01703	cpd:C00011
rn:R01728	cpd:C00011
rn:R01730	cpd:C00011
rn:R01749	cpd:C00011
rn:R01750	cpd:C00011
rn:R01751	cpd:C00011
rn:R01764	cpd:C00011
rn:R01860	cpd:C00011
rn:R01879	cpd:C00011
rn:R01905	cpd:C00011
rn:R01908	cpd:C00011
rn:R01933	cpd:C00011
rn:R01934	cpd:C00011
rn:R01936	cpd:C00011
rn:R01940	cpd:C00011
rn:R01974	cpd:C00011
rn:R02055	cpd:C00011
rn:R02080	cpd:C00011
rn:R02160	cpd:C00011
rn:R02190	cpd:C00011
rn:R02224	cpd:C00011
rn:R02243	cpd:C00011
rn:R02279	cpd:C00011
rn:R02359	cpd:C00011
rn:R02397	cpd:C00011
rn:R02398	cpd:C00011
rn:R02423	cpd:C00011
rn:R02444	cpd:C00011
rn:R02445	cpd:C00011
rn:R02447	cpd:C00011
rn:R02450	cpd:C00011
rn:R02466	cpd:C00011
rn:R02486	cpd:C00011
rn:R02487	cpd:C00011
rn:R02488	cpd:C00011
rn:R02489	cpd:C00011
rn:R02505	cpd:C00011
rn:R02518	cpd:C00011
rn:R02520	cpd:C00011
rn:R02521	cpd:C00011
rn:R02551	cpd:C00011
rn:R02552	cpd:C00011
rn:R02561	cpd:C00011
rn:R02562	cpd:C00011
rn:R02602	cpd:C00011
rn:R02636	cpd:C00011
rn:R02669	cpd:C00011
rn:R02672	cpd:C00011
rn:R02673	cpd:C00011
rn:R02701	cpd:C00011
rn:R02763	cpd:C00011
rn:R02768	cpd:C00011
rn:R02831	cpd:C00011
rn:R02861	cpd:C00011
rn:R02948	cpd:C00011
rn:R02952	cpd:C00011
rn:R02972	cpd:C00011
rn:R03008	cpd:C00011
rn:R03009	cpd:C00011
rn:R03015	cpd:C00011
rn:R03028	cpd:C00011
rn:R03092	cpd:C00011
rn:R03126	cpd:C00011
rn:R03127	cpd:C00011
rn:R03137	cpd:C00011
rn:R03145	cpd:C00011
rn:R03146	cpd:C00011
rn:R03171	cpd:C00011
rn:R03178	cpd:C00011
rn:R03182	cpd:C00011
rn:R03197	cpd:C00011
rn:R03210	cpd:C00011
rn:R03215	cpd:C00011
rn:R03218	cpd:C00011
rn:R03219	cpd:C00011
rn:R03220	cpd:C00011
rn:R03247	cpd:C00011
rn:R03269	cpd:C00011
rn:R03341	cpd:C00011
rn:R03348	cpd:C00011
rn:R03367	cpd:C00011
rn:R03376	cpd:C00011
rn:R03425	cpd:C00011
rn:R03451	cpd:C00011
rn:R03461	cpd:C00011
rn:R03470	cpd:C00011
rn:R03508	cpd:C00011
rn:R03546	cpd:C00011
rn:R03567	cpd:C00011
rn:R03590	cpd:C00011
rn:R03640	cpd:C00011
rn:R03674	cpd:C00011
rn:R03698	cpd:C00011
rn:R03737	cpd:C00011
rn:R03739	cpd:C00011
rn:R03747	cpd:C00011
rn:R03758	cpd:C00011
rn:R03806	cpd:C00011
rn:R03807	cpd:C00011
rn:R03809	cpd:C00011
rn:R03812	cpd:C00011
rn:R03854	cpd:C00011
rn:R03894	cpd:C00011
rn:R03907	cpd:C00011
rn:R03995	cpd:C00011
rn:R04009	cpd:C00011
rn:R04036	cpd:C00011
rn:R04053	cpd:C00011
rn:R04063	cpd:C00011
rn:R04073	cpd:C00011
rn:R04078	cpd:C00011
rn:R04133	cpd:C00011
rn:R04135	cpd:C00011
rn:R04142	cpd:C00011
rn:R04172	cpd:C00011
rn:R04189	cpd:C00011
rn:R04209	cpd:C00011
rn:R04223	cpd:C00011
rn:R04225	cpd:C00011
rn:R04276	cpd:C00011
rn:R04323	cpd:C00011
rn:R04328	cpd:C00011
rn:R04355	cpd:C00011
rn:R04380	cpd:C00011
rn:R04397	cpd:C00011
rn:R04483	cpd:C00011
rn:R04515	cpd:C00011
rn:R04666	cpd:C00011
rn:R04709	cpd:C00011
rn:R04726	cpd:C00011
rn:R04732	cpd:C00011
rn:R04784	cpd:C00011
rn:R04857	cpd:C00011
rn:R04874	cpd:C00011
rn:R04885	cpd:C00011
rn:R04909	cpd:C00011
rn:R04918	cpd:C00011
rn:R04952	cpd:C00011
rn:R04957	cpd:C00011
rn:R04960	cpd:C00011
rn:R04963	cpd:C00011
rn:R04968	cpd:C00011
rn:R04972	cpd:C00011
rn:R04985	cpd:C00011
rn:R04986	cpd:C00011
rn:R05036	cpd:C00011
rn:R05037	cpd:C00011
rn:R05039	cpd:C00011
rn:R05087	cpd:C00011
rn:R05097	cpd:C00011
rn:R05126	cpd:C00011
rn:R05127	cpd:C00011
rn:R05128	cpd:C00011
rn:R05129	cpd:C00011
rn:R05144	cpd:C00011
rn:R05149	cpd:C00011
rn:R05165	cpd:C00011
rn:R05169	cpd:C00011
rn:R05171	cpd:C00011
rn:R05173	cpd:C00011
rn:R05188	cpd:C00011
rn:R05189	cpd:C00011
rn:R05190	cpd:C00011
rn:R05228	cpd:C00011
rn:R05229	cpd:C00011
rn:R05292	cpd:C00011
rn:R05293	cpd:C00011
rn:R05301	cpd:C00011
rn:R05302	cpd:C00011
rn:R05309	cpd:C00011
rn:R05314	cpd:C00011
rn:R05320	cpd:C00011
rn:R05331	cpd:C00011
rn:R05344	cpd:C00011
rn:R05373	cpd:C00011
rn:R05374	cpd:C00011
rn:R05375	cpd:C00011
rn:R05376	cpd:C00011
rn:R05377	cpd:C00011
rn:R05390	cpd:C00011
rn:R05419	cpd:C00011
rn:R05466	cpd:C00011
rn:R05468	cpd:C00011
rn:R05469	cpd:C00011
rn:R05493	cpd:C00011
rn:R05539	cpd:C00011
rn:R05540	cpd:C00011
rn:R05545	cpd:C00011
rn:R05546	cpd:C00011
rn:R05603	cpd:C00011
rn:R05632	cpd:C00011
rn:R05636	cpd:C00011
rn:R05704	cpd:C00011
rn:R05713	cpd:C00011
rn:R05722	cpd:C00011
rn:R05723	cpd:C00011
rn:R05774	cpd:C00011
rn:R05778	cpd:C00011
rn:R05782	cpd:C00011
rn:R05813	cpd:C00011
rn:R05825	cpd:C00011
rn:R05837	cpd:C00011
rn:R05857	cpd:C00011
rn:R06063	cpd:C00011
rn:R06064	cpd:C00011
rn:R06322	cpd:C00011
rn:R06323	cpd:C00011
rn:R06326	cpd:C00011
rn:R06327	cpd:C00011
rn:R06335	cpd:C00011
rn:R06336	cpd:C00011
rn:R06337	cpd:C00011
rn:R06338	cpd:C00011
rn:R06448	cpd:C00011
rn:R06453	cpd:C00011
rn:R06458	cpd:C00011
rn:R06459	cpd:C00011
rn:R06480	cpd:C00011
rn:R06481	cpd:C00011
rn:R06482	cpd:C00011
rn:R06483	cpd:C00011
rn:R06510	cpd:C00011
rn:R06530	cpd:C00011
rn:R06539	cpd:C00011
rn:R06540	cpd:C00011
rn:R06551	cpd:C00011
rn:R06568	cpd:C00011
rn:R06604	cpd:C00011
rn:R06605	cpd:C00011
rn:R06614	cpd:C00011
rn:R06625	cpd:C00011
rn:R06632	cpd:C00011
rn:R06635	cpd:C00011
rn:R06637	cpd:C00011
rn:R06641	cpd:C00011
rn:R06643	cpd:C00011
rn:R06644	cpd:C00011
rn:R06645	cpd:C00011
rn:R06686	cpd:C00011
rn:R06732	cpd:C00011
rn:R06758	cpd:C00011
rn:R06759	cpd:C00011
rn:R06779	cpd:C00011
rn:R06830	cpd:C00011
rn:R06866	cpd:C00011
rn:R06895	cpd:C00011
rn:R06915	cpd:C00011
rn:R06925	cpd:C00011
rn:R06936	cpd:C00011
rn:R06939	cpd:C00011
rn:R06973	cpd:C00011
rn:R07125	cpd:C00011
rn:R07128	cpd:C00011
rn:R07149	cpd:C00011
rn:R07157	cpd:C00011
rn:R07160	cpd:C00011
rn:R07161	cpd:C00011
rn:R07184	cpd:C00011
rn:R07185	cpd:C00011
rn:R07186	cpd:C00011
rn:R07187	cpd:C00011
rn:R07190	cpd:C00011
rn:R07214	cpd:C00011
rn:R07250	cpd:C00011
rn:R07251	cpd:C00011
rn:R07253	cpd:C00011
rn:R07312	cpd:C00011
rn:R07313	cpd:C00011
rn:R07316	cpd:C00011
rn:R07329	cpd:C00011
rn:R07366	cpd:C00011
rn:R07367	cpd:C00011
rn:R07368	cpd:C00011
rn:R07401	cpd:C00011
rn:R07406	cpd:C00011
rn:R07494	cpd:C00011
rn:R07500	cpd:C00011
rn:R07599	cpd:C00011
rn:R07601	cpd:C00011
rn:R07603	cpd:C00011
rn:R07650	cpd:C00011
rn:R07658	cpd:C00011
rn:R07712	cpd:C00011
rn:R07758	cpd:C00011
rn:R07762	cpd:C00011
rn:R07774	cpd:C00011
rn:R07949	cpd:C00011
rn:R07981	cpd:C00011
rn:R07983	cpd:C00011
rn:R07987	cpd:C00011
rn:R07988	cpd:C00011
rn:R07989	cpd:C00011
rn:R07993	cpd:C00011
rn:R07996	cpd:C00011
rn:R07997	cpd:C00011
rn:R08050	cpd:C00011
rn:R08081	cpd:C00011
rn:R08082	cpd:C00011
rn:R08111	cpd:C00011
rn:R08112	cpd:C00011
rn:R08113	cpd:C00011
rn:R08160	cpd:C00011
rn:R08165	cpd:C00011
rn:R08214	cpd:C00011
rn:R08215	cpd:C00011
rn:R08220	cpd:C00011
rn:R08228	cpd:C00011
rn:R08305	cpd:C00011
rn:R08308	cpd:C00011
rn:R08328	cpd:C00011
rn:R08427	cpd:C00011
rn:R08549	cpd:C00011
rn:R08566	cpd:C00011
rn:R08567	cpd:C00011
rn:R08610	cpd:C00011
rn:R08611	cpd:C00011
rn:R08621	cpd:C00011
rn:R08625	cpd:C00011
rn:R08629	cpd:C00011
rn:R08636	cpd:C00011
rn:R08642	cpd:C00011
rn:R08646	cpd:C00011
rn:R08648	cpd:C00011
rn:R08652	cpd:C00011
rn:R08655	cpd:C00011
rn:R08663	cpd:C00011
rn:R08664	cpd:C00011
rn:R08665	cpd:C00011
rn:R08670	cpd:C00011
rn:R08672	cpd:C00011
rn:R08673	cpd:C00011
rn:R08674	cpd:C00011
rn:R08675	cpd:C00011
rn:R08682	cpd:C00011
rn:R08684	cpd:C00011
rn:R08764	cpd:C00011
rn:R08772	cpd:C00011
rn:R08782	cpd:C00011
rn:R08796	cpd:C00011
rn:R08797	cpd:C00011
rn:R08805	cpd:C00011
rn:R08806	cpd:C00011
rn:R08807	cpd:C00011
rn:R08808	cpd:C00011
rn:R08809	cpd:C00011
rn:R08810	cpd:C00011
rn:R08869	cpd:C00011
rn:R08907	cpd:C00011
rn:R08972	cpd:C00011
rn:R08974	cpd:C00011
rn:R08976	cpd:C00011
rn:R09061	cpd:C00011
rn:R09081	cpd:C00011
rn:R09082	cpd:C00011
rn:R09088	cpd:C00011
rn:R09094	cpd:C00011
rn:R09139	cpd:C00011
rn:R09158	cpd:C00011
rn:R09164	cpd:C00011
rn:R09166	cpd:C00011
rn:R09207	cpd:C00011
rn:R09208	cpd:C00011
rn:R09258	cpd:C00011
rn:R09278	cpd:C00011
rn:R09291	cpd:C00011
rn:R09317	cpd:C00011
rn:R09338	cpd:C00011
rn:R09344	cpd:C00011
rn:R09353	cpd:C00011
rn:R09363	cpd:C00011
rn:R09402	cpd:C00011
rn:R09403	cpd:C00011
rn:R09419	cpd:C00011
rn:R09481	cpd:C00011
rn:R09482	cpd:C00011
rn:R09483	cpd:C00011
rn:R09486	cpd:C00011
rn:R09488	cpd:C00011
rn:R09494	cpd:C00011
rn:R09509	cpd:C00011
rn:R09510	cpd:C00011
rn:R09511	cpd:C00011
rn:R09527	cpd:C00011
rn:R09539	cpd:C00011
rn:R09567	cpd:C00011
rn:R09572	cpd:C00011
rn:R09578	cpd:C00011
rn:R09581	cpd:C00011
rn:R09585	cpd:C00011
rn:R09621	cpd:C00011
rn:R09784	cpd:C00011
rn:R09785	cpd:C00011
rn:R09794	cpd:C00011
rn:R09818	cpd:C00011
rn:R09948	cpd:C00011
rn:R09950	cpd:C00011
rn:R09958	cpd:C00011
rn:R09991	cpd:C00011
rn:R10029	cpd:C00011
rn:R10033	cpd:C00011
rn:R10052	cpd:C00011
rn:R10056	cpd:C00011
rn:R10079	cpd:C00011
rn:R10081	cpd:C00011
rn:R10092	cpd:C00011
rn:R10115	cpd:C00011
rn:R10119	cpd:C00011
rn:R10124	cpd:C00011
rn:R10143	cpd:C00011
rn:R10144	cpd:C00011
rn:R10145	cpd:C00011
rn:R10157	cpd:C00011
rn:R10171	cpd:C00011
rn:R10172	cpd:C00011
rn:R10173	cpd:C00011
rn:R10181	cpd:C00011
rn:R10213	cpd:C00011
rn:R10221	cpd:C00011
rn:R10233	cpd:C00011
rn:R10234	cpd:C00011
rn:R10238	cpd:C00011
rn:R10239	cpd:C00011
rn:R10312	cpd:C00011
rn:R10319	cpd:C00011
rn:R10320	cpd:C00011
rn:R10337	cpd:C00011
rn:R10413	cpd:C00011
rn:R10415	cpd:C00011
rn:R10445	cpd:C00011
rn:R10446	cpd:C00011
rn:R10470	cpd:C00011
rn:R10485	cpd:C00011
rn:R10487	cpd:C00011
rn:R10502	cpd:C00011
rn:R10506	cpd:C00011
rn:R10516	cpd:C00011
rn:R10522	cpd:C00011
rn:R10527	cpd:C00011
rn:R10535	cpd:C00011
rn:R10538	cpd:C00011
rn:R10539	cpd:C00011
rn:R10542	cpd:C00011
rn:R10552	cpd:C00011
rn:R10561	cpd:C00011
rn:R10587	cpd:C00011
rn:R10589	cpd:C00011
rn:R10671	cpd:C00011
rn:R10707	cpd:C00011
rn:R10708	cpd:C00011
rn:R10712	cpd:C00011
rn:R10720	cpd:C00011
rn:R10723	cpd:C00011
rn:R10724	cpd:C00011
rn:R10735	cpd:C00011
rn:R10736	cpd:C00011
rn:R10740	cpd:C00011
rn:R10741	cpd:C00011
rn:R10742	cpd:C00011
rn:R10757	cpd:C00011
rn:R10781	cpd:C00011
rn:R10797	cpd:C00011
rn:R10825	cpd:C00011
rn:R10852	cpd:C00011
rn:R10866	cpd:C00011
rn:R10887	cpd:C00011
rn:R10920	cpd:C00011
rn:R10934	cpd:C00011
rn:R10936	cpd:C00011
rn:R10960	cpd:C00011
rn:R10965	cpd:C00011
rn:R10967	cpd:C00011
rn:R10984	cpd:C00011
rn:R10986	cpd:C00011
rn:R10996	cpd:C00011
rn:R11030	cpd:C00011
rn:R11053	cpd:C00011
rn:R11070	cpd:C00011
rn:R11071	cpd:C00011
rn:R11074	cpd:C00011
rn:R11102	cpd:C00011
rn:R11105	cpd:C00011
rn:R11121	cpd:C00011
rn:R11124	cpd:C00011
rn:R11125	cpd:C00011
rn:R11133	cpd:C00011
rn:R11136	cpd:C00011
rn:R11141	cpd:C00011
rn:R11168	cpd:C00011
rn:R11197	cpd:C00011
rn:R11198	cpd:C00011
rn:R11210	cpd:C00011
rn:R11312	cpd:C00011
rn:R11340	cpd:C00011
rn:R11345	cpd:C00011
rn:R11346	cpd:C00011
rn:R11353	cpd:C00011
rn:R11412	cpd:C00011
rn:R11435	cpd:C00011
rn:R11436	cpd:C00011
rn:R11445	cpd:C00011
rn:R11450	cpd:C00011
rn:R11451	cpd:C00011
rn:R11472	cpd:C00011
rn:R11516	cpd:C00011
rn:R11522	cpd:C00011
rn:R11549	cpd:C00011
rn:R11570	cpd:C00011
rn:R11572	cpd:C00011
rn:R11578	cpd:C00011
rn:R11584	cpd:C00011
rn:R11587	cpd:C00011
rn:R11588	cpd:C00011
rn:R11589	cpd:C00011
rn:R11592	cpd:C00011
rn:R11594	cpd:C00011
rn:R11615	cpd:C00011
rn:R11616	cpd:C00011
rn:R11633	cpd:C00011
rn:R11634	cpd:C00011
rn:R11635	cpd:C00011
rn:R11636	cpd:C00011
rn:R11646	cpd:C00011
rn:R11649	cpd:C00011
rn:R11664	cpd:C00011
rn:R11667	cpd:C00011
rn:R11716	cpd:C00011
rn:R11717	cpd:C00011
rn:R11724	cpd:C00011
rn:R11726	cpd:C00011
rn:R11743	cpd:C00011
rn:R11749	cpd:C00011
rn:R11813	cpd:C00011
rn:R11815	cpd:C00011
rn:R11818	cpd:C00011
rn:R11915	cpd:C00011
rn:R11916	cpd:C00011
rn:R11917	cpd:C00011
rn:R11918	cpd:C00011
rn:R11932	cpd:C00011
rn:R11944	cpd:C00011
rn:R11948	cpd:C00011
rn:R11960	cpd:C00011
rn:R11963	cpd:C00011
rn:R11991	cpd:C00011
rn:R11993	cpd:C00011
rn:R12000	cpd:C00011
rn:R12002	cpd:C00011
rn:R12013	cpd:C00011
rn:R12016	cpd:C00011
rn:R12018	cpd:C00011
rn:R12020	cpd:C00011
rn:R12049	cpd:C00011
rn:R12076	cpd:C00011
rn:R12081	cpd:C00011
rn:R12082	cpd:C00011
rn:R12083	cpd:C00011
rn:R12102	cpd:C00011
rn:R12103	cpd:C00011
rn:R12117	cpd:C00011
rn:R12165	cpd:C00011
rn:R12166	cpd:C00011
rn:R12176	cpd:C00011
rn:R12210	cpd:C00011
rn:R12212	cpd:C00011
rn:R12216	cpd:C00011
rn:R12222	cpd:C00011
rn:R12255	cpd:C00011
rn:R12257	cpd:C00011
rn:R12303	cpd:C00011
rn:R12304	cpd:C00011
rn:R12305	cpd:C00011
rn:R12306	cpd:C00011
rn:R12309	cpd:C00011
rn:R12315	cpd:C00011
rn:R12328	cpd:C00011
rn:R12334	cpd:C00011
rn:R12335	cpd:C00011
rn:R12337	cpd:C00011
rn:R12361	cpd:C00011
rn:R12362	cpd:C00011
rn:R12366	cpd:C00011
rn:R12371	cpd:C00011
rn:R12375	cpd:C00011
rn:R12376	cpd:C00011
rn:R12380	cpd:C00011
rn:R12381	cpd:C00011
rn:R12404	cpd:C00011
rn:R12406	cpd:C00011
rn:R12407	cpd:C00011
rn:R12411	cpd:C00011
rn:R12452	cpd:C00011
rn:R12454	cpd:C00011
rn:R12455	cpd:C00011
rn:R12459	cpd:C00011
rn:R12460	cpd:C00011
rn:R12461	cpd:C00011
rn:R12467	cpd:C00011
rn:R12468	cpd:C00011
rn:R12486	cpd:C00011
rn:R12501	cpd:C00011
rn:R12504	cpd:C00011
rn:R12509	cpd:C00011
rn:R12510	cpd:C00011
rn:R12523	cpd:C00011
rn:R12585	cpd:C00011
rn:R12609	cpd:C00011
rn:R12610	cpd:C00011
rn:R12615	cpd:C00011
rn:R12623	cpd:C00011
rn:R12625	cpd:C00011
rn:R12645	cpd:C00011
rn:R12650	cpd:C00011
rn:R12651	cpd:C00011
rn:R12660	cpd:C00011
rn:R12663	cpd:C00011
rn:R12724	cpd:C00011
rn:R12732	cpd:C00011
rn:R12733	cpd:C00011
rn:R12734	cpd:C00011
rn:R12735	cpd:C00011
rn:R12754	cpd:C00011
rn:R12757	cpd:C00011
rn:R12778	cpd:C00011
rn:R12826	cpd:C00011
rn:R12848	cpd:C00011
rn:R12895	cpd:C00011
rn:R12915	cpd:C00011
rn:R12933	cpd:C00011
rn:R12935	cpd:C00011
rn:R12942	cpd:C00011
rn:R12948	cpd:C00011
rn:R12950	cpd:C00011
rn:R12953	cpd:C00011
rn:R12966	cpd:C00011
rn:R13011	cpd:C00011
rn:R13012	cpd:C00011
rn:R13013	cpd:C00011
rn:R13014	cpd:C00011
rn:R13015	cpd:C00011
rn:R13078	cpd:C00011
rn:R13085	cpd:C00011
rn:R13108	cpd:C00011
rn:R13109	cpd:C00011
rn:R13110	cpd:C00011
rn:R13111	cpd:C00011
rn:R13122	cpd:C00011
rn:R13166	cpd:C00011
rn:R13204	cpd:C00011
rn:R13205	cpd:C00011
rn:R13206	cpd:C00011
rn:R13207	cpd:C00011
rn:R13208	cpd:C00011
rn:R13210	cpd:C00011
rn:R13222	cpd:C00011
rn:R13225	cpd:C00011
rn:R13238	cpd:C00011
rn:R13240	cpd:C00011
rn:R13255	cpd:C00011
rn:R13257	cpd:C00011
rn:R13258	cpd:C00011
rn:R13262	cpd:C00011
rn:R13266	cpd:C00011
rn:R13270	cpd:C00011
rn:R13275	cpd:C00011
rn:R13284	cpd:C00011
rn:R13308	cpd:C00011
rn:R13330	cpd:C00011
rn:R13336	cpd:C00011
rn:R13337	cpd:C00011
rn:R13350	cpd:C00011
rn:R13351	cpd:C00011
rn:R13352	cpd:C00011
rn:R13404	cpd:C00011
rn:R13405	cpd:C00011
rn:R13437	cpd:C00011
rn:R13439	cpd:C00011
rn:R13440	cpd:C00011
rn:R13441	cpd:C00011
rn:R13443	cpd:C00011
rn:R13516	cpd:C00011
rn:R13543	cpd:C00011
rn:R13544	cpd:C00011
rn:R13551	cpd:C00011
rn:R13553	cpd:C00011
rn:R13562	cpd:C00011
rn:R13577	cpd:C00011
rn:R13586	cpd:C00011
rn:R13617	cpd:C00011
rn:R13618	cpd:C00011
rn:R13623	cpd:C00011
rn:R13624	cpd:C00011
rn:R13625	cpd:C00011
rn:R13629	cpd:C00011
rn:R13634	cpd:C00011
rn:R13635	cpd:C00011
rn:R00135	cpd:C00012
rn:R00135	cpd:C00012
rn:R01578	cpd:C00012
rn:R01687	cpd:C00012
rn:R04159	cpd:C00012
rn:R04869	cpd:C00012
rn:R04935	cpd:C00012
rn:R09845	cpd:C00012
rn:R00004	cpd:C00013
rn:R00012	cpd:C00013
rn:R00087	cpd:C00013
rn:R00089	cpd:C00013
rn:R00137	cpd:C00013
rn:R00138	cpd:C00013
rn:R00161	cpd:C00013
rn:R00177	cpd:C00013
rn:R00189	cpd:C00013
rn:R00190	cpd:C00013
rn:R00206	cpd:C00013
rn:R00235	cpd:C00013
rn:R00257	cpd:C00013
rn:R00289	cpd:C00013
rn:R00316	cpd:C00013
rn:R00320	cpd:C00013
rn:R00336	cpd:C00013
rn:R00346	cpd:C00013
rn:R00375	cpd:C00013
rn:R00376	cpd:C00013
rn:R00377	cpd:C00013
rn:R00378	cpd:C00013
rn:R00379	cpd:C00013
rn:R00381	cpd:C00013
rn:R00389	cpd:C00013
rn:R00390	cpd:C00013
rn:R00416	cpd:C00013
rn:R00426	cpd:C00013
rn:R00434	cpd:C00013
rn:R00435	cpd:C00013
rn:R00436	cpd:C00013
rn:R00441	cpd:C00013
rn:R00442	cpd:C00013
rn:R00443	cpd:C00013
rn:R00444	cpd:C00013
rn:R00483	cpd:C00013
rn:R00502	cpd:C00013
rn:R00515	cpd:C00013
rn:R00529	cpd:C00013
rn:R00574	cpd:C00013
rn:R00578	cpd:C00013
rn:R00584	cpd:C00013
rn:R00662	cpd:C00013
rn:R00686	cpd:C00013
rn:R00702	cpd:C00013
rn:R00720	cpd:C00013
rn:R00735	cpd:C00013
rn:R00764	cpd:C00013
rn:R00856	cpd:C00013
rn:R00885	cpd:C00013
rn:R00925	cpd:C00013
rn:R00948	cpd:C00013
rn:R00954	cpd:C00013
rn:R00956	cpd:C00013
rn:R00966	cpd:C00013
rn:R00982	cpd:C00013
rn:R01044	cpd:C00013
rn:R01071	cpd:C00013
rn:R01072	cpd:C00013
rn:R01073	cpd:C00013
rn:R01074	cpd:C00013
rn:R01075	cpd:C00013
rn:R01117	cpd:C00013
rn:R01122	cpd:C00013
rn:R01132	cpd:C00013
rn:R01176	cpd:C00013
rn:R01229	cpd:C00013
rn:R01230	cpd:C00013
rn:R01231	cpd:C00013
rn:R01271	cpd:C00013
rn:R01280	cpd:C00013
rn:R01300	cpd:C00013
rn:R01354	cpd:C00013
rn:R01357	cpd:C00013
rn:R01381	cpd:C00013
rn:R01406	cpd:C00013
rn:R01407	cpd:C00013
rn:R01422	cpd:C00013
rn:R01471	cpd:C00013
rn:R01490	cpd:C00013
rn:R01504	cpd:C00013
rn:R01532	cpd:C00013
rn:R01558	cpd:C00013
rn:R01598	cpd:C00013
rn:R01616	cpd:C00013
rn:R01657	cpd:C00013
rn:R01658	cpd:C00013
rn:R01659	cpd:C00013
rn:R01668	cpd:C00013
rn:R01723	cpd:C00013
rn:R01724	cpd:C00013
rn:R01799	cpd:C00013
rn:R01855	cpd:C00013
rn:R01870	cpd:C00013
rn:R01890	cpd:C00013
rn:R01943	cpd:C00013
rn:R01951	cpd:C00013
rn:R01954	cpd:C00013
rn:R02003	cpd:C00013
rn:R02004	cpd:C00013
rn:R02006	cpd:C00013
rn:R02009	cpd:C00013
rn:R02010	cpd:C00013
rn:R02011	cpd:C00013
rn:R02013	cpd:C00013
rn:R02038	cpd:C00013
rn:R02061	cpd:C00013
rn:R02064	cpd:C00013
rn:R02065	cpd:C00013
rn:R02073	cpd:C00013
rn:R02100	cpd:C00013
rn:R02142	cpd:C00013
rn:R02194	cpd:C00013
rn:R02221	cpd:C00013
rn:R02226	cpd:C00013
rn:R02255	cpd:C00013
rn:R02305	cpd:C00013
rn:R02306	cpd:C00013
rn:R02307	cpd:C00013
rn:R02311	cpd:C00013
rn:R02328	cpd:C00013
rn:R02329	cpd:C00013
rn:R02432	cpd:C00013
rn:R02473	cpd:C00013
rn:R02539	cpd:C00013
rn:R02590	cpd:C00013
rn:R02599	cpd:C00013
rn:R02634	cpd:C00013
rn:R02699	cpd:C00013
rn:R02711	cpd:C00013
rn:R02718	cpd:C00013
rn:R02720	cpd:C00013
rn:R02794	cpd:C00013
rn:R02872	cpd:C00013
rn:R02918	cpd:C00013
rn:R02921	cpd:C00013
rn:R02943	cpd:C00013
rn:R02986	cpd:C00013
rn:R03005	cpd:C00013
rn:R03016	cpd:C00013
rn:R03035	cpd:C00013
rn:R03038	cpd:C00013
rn:R03067	cpd:C00013
rn:R03077	cpd:C00013
rn:R03098	cpd:C00013
rn:R03149	cpd:C00013
rn:R03209	cpd:C00013
rn:R03223	cpd:C00013
rn:R03318	cpd:C00013
rn:R03348	cpd:C00013
rn:R03351	cpd:C00013
rn:R03375	cpd:C00013
rn:R03383	cpd:C00013
rn:R03473	cpd:C00013
rn:R03531	cpd:C00013
rn:R03541	cpd:C00013
rn:R03613	cpd:C00013
rn:R03631	cpd:C00013
rn:R03646	cpd:C00013
rn:R03647	cpd:C00013
rn:R03648	cpd:C00013
rn:R03650	cpd:C00013
rn:R03651	cpd:C00013
rn:R03652	cpd:C00013
rn:R03654	cpd:C00013
rn:R03655	cpd:C00013
rn:R03656	cpd:C00013
rn:R03657	cpd:C00013
rn:R03658	cpd:C00013
rn:R03659	cpd:C00013
rn:R03660	cpd:C00013
rn:R03661	cpd:C00013
rn:R03662	cpd:C00013
rn:R03663	cpd:C00013
rn:R03664	cpd:C00013
rn:R03665	cpd:C00013
rn:R03699	cpd:C00013
rn:R03799	cpd:C00013
rn:R03828	cpd:C00013
rn:R03876	cpd:C00013
rn:R03917	cpd:C00013
rn:R03932	cpd:C00013
rn:R04030	cpd:C00013
rn:R04035	cpd:C00013
rn:R04036	cpd:C00013
rn:R04038	cpd:C00013
rn:R04068	cpd:C00013
rn:R04157	cpd:C00013
rn:R04158	cpd:C00013
rn:R04215	cpd:C00013
rn:R04218	cpd:C00013
rn:R04230	cpd:C00013
rn:R04231	cpd:C00013
rn:R04247	cpd:C00013
rn:R04274	cpd:C00013
rn:R04312	cpd:C00013
rn:R04346	cpd:C00013
rn:R04378	cpd:C00013
rn:R04449	cpd:C00013
rn:R04507	cpd:C00013
rn:R04520	cpd:C00013
rn:R04562	cpd:C00013
rn:R04563	cpd:C00013
rn:R04580	cpd:C00013
rn:R04582	cpd:C00013
rn:R04604	cpd:C00013
rn:R04638	cpd:C00013
rn:R04733	cpd:C00013
rn:R04771	cpd:C00013
rn:R04773	cpd:C00013
rn:R04795	cpd:C00013
rn:R04870	cpd:C00013
rn:R04929	cpd:C00013
rn:R05000	cpd:C00013
rn:R05092	cpd:C00013
rn:R05193	cpd:C00013
rn:R05222	cpd:C00013
rn:R05451	cpd:C00013
rn:R05452	cpd:C00013
rn:R05467	cpd:C00013
rn:R05537	cpd:C00013
rn:R05555	cpd:C00013
rn:R05556	cpd:C00013
rn:R05577	cpd:C00013
rn:R05578	cpd:C00013
rn:R05611	cpd:C00013
rn:R05612	cpd:C00013
rn:R05613	cpd:C00013
rn:R05615	cpd:C00013
rn:R05616	cpd:C00013
rn:R05620	cpd:C00013
rn:R05633	cpd:C00013
rn:R05644	cpd:C00013
rn:R05669	cpd:C00013
rn:R05765	cpd:C00013
rn:R05766	cpd:C00013
rn:R06120	cpd:C00013
rn:R06223	cpd:C00013
rn:R06284	cpd:C00013
rn:R06299	cpd:C00013
rn:R06301	cpd:C00013
rn:R06302	cpd:C00013
rn:R06303	cpd:C00013
rn:R06304	cpd:C00013
rn:R06305	cpd:C00013
rn:R06313	cpd:C00013
rn:R06368	cpd:C00013
rn:R06409	cpd:C00013
rn:R06410	cpd:C00013
rn:R06421	cpd:C00013
rn:R06447	cpd:C00013
rn:R06515	cpd:C00013
rn:R06523	cpd:C00013
rn:R06583	cpd:C00013
rn:R06746	cpd:C00013
rn:R06751	cpd:C00013
rn:R06757	cpd:C00013
rn:R06777	cpd:C00013
rn:R06778	cpd:C00013
rn:R06944	cpd:C00013
rn:R07267	cpd:C00013
rn:R07269	cpd:C00013
rn:R07270	cpd:C00013
rn:R07271	cpd:C00013
rn:R07272	cpd:C00013
rn:R07273	cpd:C00013
rn:R07307	cpd:C00013
rn:R07325	cpd:C00013
rn:R07411	cpd:C00013
rn:R07416	cpd:C00013
rn:R07459	cpd:C00013
rn:R07475	cpd:C00013
rn:R07500	cpd:C00013
rn:R07630	cpd:C00013
rn:R07631	cpd:C00013
rn:R07632	cpd:C00013
rn:R07640	cpd:C00013
rn:R07644	cpd:C00013
rn:R07646	cpd:C00013
rn:R07647	cpd:C00013
rn:R07648	cpd:C00013
rn:R07649	cpd:C00013
rn:R07652	cpd:C00013
rn:R07770	cpd:C00013
rn:R07830	cpd:C00013
rn:R07887	cpd:C00013
rn:R07916	cpd:C00013
rn:R08003	cpd:C00013
rn:R08051	cpd:C00013
rn:R08052	cpd:C00013
rn:R08057	cpd:C00013
rn:R08088	cpd:C00013
rn:R08117	cpd:C00013
rn:R08199	cpd:C00013
rn:R08218	cpd:C00013
rn:R08231	cpd:C00013
rn:R08237	cpd:C00013
rn:R08238	cpd:C00013
rn:R08243	cpd:C00013
rn:R08244	cpd:C00013
rn:R08245	cpd:C00013
rn:R08370	cpd:C00013
rn:R08373	cpd:C00013
rn:R08374	cpd:C00013
rn:R08395	cpd:C00013
rn:R08396	cpd:C00013
rn:R08400	cpd:C00013
rn:R08528	cpd:C00013
rn:R08529	cpd:C00013
rn:R08540	cpd:C00013
rn:R08541	cpd:C00013
rn:R08542	cpd:C00013
rn:R08543	cpd:C00013
rn:R08545	cpd:C00013
rn:R08546	cpd:C00013
rn:R08576	cpd:C00013
rn:R08578	cpd:C00013
rn:R08691	cpd:C00013
rn:R08695	cpd:C00013
rn:R08696	cpd:C00013
rn:R08697	cpd:C00013
rn:R08700	cpd:C00013
rn:R08733	cpd:C00013
rn:R08738	cpd:C00013
rn:R08743	cpd:C00013
rn:R08747	cpd:C00013
rn:R08748	cpd:C00013
rn:R08749	cpd:C00013
rn:R08750	cpd:C00013
rn:R08751	cpd:C00013
rn:R08752	cpd:C00013
rn:R08753	cpd:C00013
rn:R08782	cpd:C00013
rn:R08845	cpd:C00013
rn:R08867	cpd:C00013
rn:R08872	cpd:C00013
rn:R08898	cpd:C00013
rn:R08948	cpd:C00013
rn:R08950	cpd:C00013
rn:R08951	cpd:C00013
rn:R08952	cpd:C00013
rn:R08966	cpd:C00013
rn:R08992	cpd:C00013
rn:R08993	cpd:C00013
rn:R08996	cpd:C00013
rn:R09000	cpd:C00013
rn:R09040	cpd:C00013
rn:R09047	cpd:C00013
rn:R09064	cpd:C00013
rn:R09065	cpd:C00013
rn:R09067	cpd:C00013
rn:R09111	cpd:C00013
rn:R09115	cpd:C00013
rn:R09116	cpd:C00013
rn:R09117	cpd:C00013
rn:R09119	cpd:C00013
rn:R09120	cpd:C00013
rn:R09121	cpd:C00013
rn:R09123	cpd:C00013
rn:R09140	cpd:C00013
rn:R09195	cpd:C00013
rn:R09244	cpd:C00013
rn:R09245	cpd:C00013
rn:R09246	cpd:C00013
rn:R09247	cpd:C00013
rn:R09248	cpd:C00013
rn:R09249	cpd:C00013
rn:R09250	cpd:C00013
rn:R09251	cpd:C00013
rn:R09279	cpd:C00013
rn:R09286	cpd:C00013
rn:R09379	cpd:C00013
rn:R09382	cpd:C00013
rn:R09383	cpd:C00013
rn:R09384	cpd:C00013
rn:R09386	cpd:C00013
rn:R09397	cpd:C00013
rn:R09475	cpd:C00013
rn:R09525	cpd:C00013
rn:R09526	cpd:C00013
rn:R09558	cpd:C00013
rn:R09574	cpd:C00013
rn:R09589	cpd:C00013
rn:R09591	cpd:C00013
rn:R09597	cpd:C00013
rn:R09606	cpd:C00013
rn:R09607	cpd:C00013
rn:R09608	cpd:C00013
rn:R09609	cpd:C00013
rn:R09610	cpd:C00013
rn:R09614	cpd:C00013
rn:R09615	cpd:C00013
rn:R09616	cpd:C00013
rn:R09617	cpd:C00013
rn:R09618	cpd:C00013
rn:R09619	cpd:C00013
rn:R09620	cpd:C00013
rn:R09623	cpd:C00013
rn:R09624	cpd:C00013
rn:R09626	cpd:C00013
rn:R09627	cpd:C00013
rn:R09628	cpd:C00013
rn:R09629	cpd:C00013
rn:R09630	cpd:C00013
rn:R09633	cpd:C00013
rn:R09638	cpd:C00013
rn:R09669	cpd:C00013
rn:R09681	cpd:C00013
rn:R09684	cpd:C00013
rn:R09685	cpd:C00013
rn:R09686	cpd:C00013
rn:R09687	cpd:C00013
rn:R09726	cpd:C00013
rn:R09730	cpd:C00013
rn:R09731	cpd:C00013
rn:R09772	cpd:C00013
rn:R09788	cpd:C00013
rn:R09789	cpd:C00013
rn:R09793	cpd:C00013
rn:R09832	cpd:C00013
rn:R09833	cpd:C00013
rn:R09843	cpd:C00013
rn:R09844	cpd:C00013
rn:R09874	cpd:C00013
rn:R09886	cpd:C00013
rn:R09887	cpd:C00013
rn:R09888	cpd:C00013
rn:R09889	cpd:C00013
rn:R09890	cpd:C00013
rn:R09891	cpd:C00013
rn:R09892	cpd:C00013
rn:R09893	cpd:C00013
rn:R09894	cpd:C00013
rn:R09895	cpd:C00013
rn:R09896	cpd:C00013
rn:R09897	cpd:C00013
rn:R09898	cpd:C00013
rn:R09899	cpd:C00013
rn:R09900	cpd:C00013
rn:R09901	cpd:C00013
rn:R09902	cpd:C00013
rn:R09903	cpd:C00013
rn:R09961	cpd:C00013
rn:R09962	cpd:C00013
rn:R09963	cpd:C00013
rn:R09964	cpd:C00013
rn:R09965	cpd:C00013
rn:R09966	cpd:C00013
rn:R09968	cpd:C00013
rn:R09969	cpd:C00013
rn:R09970	cpd:C00013
rn:R09971	cpd:C00013
rn:R09972	cpd:C00013
rn:R09973	cpd:C00013
rn:R09974	cpd:C00013
rn:R09975	cpd:C00013
rn:R09976	cpd:C00013
rn:R09978	cpd:C00013
rn:R10003	cpd:C00013
rn:R10004	cpd:C00013
rn:R10005	cpd:C00013
rn:R10006	cpd:C00013
rn:R10007	cpd:C00013
rn:R10008	cpd:C00013
rn:R10009	cpd:C00013
rn:R10090	cpd:C00013
rn:R10091	cpd:C00013
rn:R10095	cpd:C00013
rn:R10176	cpd:C00013
rn:R10177	cpd:C00013
rn:R10182	cpd:C00013
rn:R10183	cpd:C00013
rn:R10186	cpd:C00013
rn:R10194	cpd:C00013
rn:R10201	cpd:C00013
rn:R10241	cpd:C00013
rn:R10271	cpd:C00013
rn:R10272	cpd:C00013
rn:R10273	cpd:C00013
rn:R10274	cpd:C00013
rn:R10275	cpd:C00013
rn:R10276	cpd:C00013
rn:R10284	cpd:C00013
rn:R10337	cpd:C00013
rn:R10339	cpd:C00013
rn:R10340	cpd:C00013
rn:R10341	cpd:C00013
rn:R10342	cpd:C00013
rn:R10348	cpd:C00013
rn:R10349	cpd:C00013
rn:R10360	cpd:C00013
rn:R10365	cpd:C00013
rn:R10369	cpd:C00013
rn:R10370	cpd:C00013
rn:R10380	cpd:C00013
rn:R10383	cpd:C00013
rn:R10384	cpd:C00013
rn:R10453	cpd:C00013
rn:R10456	cpd:C00013
rn:R10457	cpd:C00013
rn:R10462	cpd:C00013
rn:R10463	cpd:C00013
rn:R10493	cpd:C00013
rn:R10495	cpd:C00013
rn:R10533	cpd:C00013
rn:R10537	cpd:C00013
rn:R10541	cpd:C00013
rn:R10556	cpd:C00013
rn:R10584	cpd:C00013
rn:R10585	cpd:C00013
rn:R10598	cpd:C00013
rn:R10599	cpd:C00013
rn:R10661	cpd:C00013
rn:R10706	cpd:C00013
rn:R10708	cpd:C00013
rn:R10712	cpd:C00013
rn:R10726	cpd:C00013
rn:R10732	cpd:C00013
rn:R10733	cpd:C00013
rn:R10734	cpd:C00013
rn:R10757	cpd:C00013
rn:R10762	cpd:C00013
rn:R10763	cpd:C00013
rn:R10767	cpd:C00013
rn:R10768	cpd:C00013
rn:R10769	cpd:C00013
rn:R10770	cpd:C00013
rn:R10771	cpd:C00013
rn:R10813	cpd:C00013
rn:R10816	cpd:C00013
rn:R10820	cpd:C00013
rn:R10823	cpd:C00013
rn:R10880	cpd:C00013
rn:R10896	cpd:C00013
rn:R10897	cpd:C00013
rn:R10898	cpd:C00013
rn:R10899	cpd:C00013
rn:R10909	cpd:C00013
rn:R10910	cpd:C00013
rn:R10940	cpd:C00013
rn:R10966	cpd:C00013
rn:R10968	cpd:C00013
rn:R10969	cpd:C00013
rn:R11025	cpd:C00013
rn:R11040	cpd:C00013
rn:R11084	cpd:C00013
rn:R11086	cpd:C00013
rn:R11087	cpd:C00013
rn:R11102	cpd:C00013
rn:R11143	cpd:C00013
rn:R11203	cpd:C00013
rn:R11237	cpd:C00013
rn:R11246	cpd:C00013
rn:R11279	cpd:C00013
rn:R11280	cpd:C00013
rn:R11312	cpd:C00013
rn:R11323	cpd:C00013
rn:R11367	cpd:C00013
rn:R11370	cpd:C00013
rn:R11372	cpd:C00013
rn:R11392	cpd:C00013
rn:R11396	cpd:C00013
rn:R11402	cpd:C00013
rn:R11410	cpd:C00013
rn:R11441	cpd:C00013
rn:R11514	cpd:C00013
rn:R11515	cpd:C00013
rn:R11517	cpd:C00013
rn:R11537	cpd:C00013
rn:R11538	cpd:C00013
rn:R11553	cpd:C00013
rn:R11554	cpd:C00013
rn:R11581	cpd:C00013
rn:R11582	cpd:C00013
rn:R11602	cpd:C00013
rn:R11603	cpd:C00013
rn:R11608	cpd:C00013
rn:R11609	cpd:C00013
rn:R11610	cpd:C00013
rn:R11611	cpd:C00013
rn:R11632	cpd:C00013
rn:R11679	cpd:C00013
rn:R11723	cpd:C00013
rn:R11775	cpd:C00013
rn:R11787	cpd:C00013
rn:R11822	cpd:C00013
rn:R11823	cpd:C00013
rn:R11824	cpd:C00013
rn:R11825	cpd:C00013
rn:R11826	cpd:C00013
rn:R11827	cpd:C00013
rn:R11828	cpd:C00013
rn:R11829	cpd:C00013
rn:R11830	cpd:C00013
rn:R11831	cpd:C00013
rn:R11832	cpd:C00013
rn:R11833	cpd:C00013
rn:R11834	cpd:C00013
rn:R11835	cpd:C00013
rn:R11836	cpd:C00013
rn:R11837	cpd:C00013
rn:R11838	cpd:C00013
rn:R11839	cpd:C00013
rn:R11840	cpd:C00013
rn:R11841	cpd:C00013
rn:R11842	cpd:C00013
rn:R11843	cpd:C00013
rn:R11844	cpd:C00013
rn:R11845	cpd:C00013
rn:R11846	cpd:C00013
rn:R11847	cpd:C00013
rn:R11848	cpd:C00013
rn:R11849	cpd:C00013
rn:R11850	cpd:C00013
rn:R11851	cpd:C00013
rn:R11852	cpd:C00013
rn:R11853	cpd:C00013
rn:R11854	cpd:C00013
rn:R11855	cpd:C00013
rn:R11856	cpd:C00013
rn:R11857	cpd:C00013
rn:R11858	cpd:C00013
rn:R11859	cpd:C00013
rn:R11860	cpd:C00013
rn:R11872	cpd:C00013
rn:R11896	cpd:C00013
rn:R11920	cpd:C00013
rn:R11922	cpd:C00013
rn:R11924	cpd:C00013
rn:R11926	cpd:C00013
rn:R11940	cpd:C00013
rn:R11950	cpd:C00013
rn:R12050	cpd:C00013
rn:R12056	cpd:C00013
rn:R12059	cpd:C00013
rn:R12062	cpd:C00013
rn:R12063	cpd:C00013
rn:R12066	cpd:C00013
rn:R12089	cpd:C00013
rn:R12099	cpd:C00013
rn:R12148	cpd:C00013
rn:R12235	cpd:C00013
rn:R12247	cpd:C00013
rn:R12255	cpd:C00013
rn:R12258	cpd:C00013
rn:R12259	cpd:C00013
rn:R12260	cpd:C00013
rn:R12261	cpd:C00013
rn:R12269	cpd:C00013
rn:R12271	cpd:C00013
rn:R12280	cpd:C00013
rn:R12281	cpd:C00013
rn:R12283	cpd:C00013
rn:R12284	cpd:C00013
rn:R12285	cpd:C00013
rn:R12286	cpd:C00013
rn:R12300	cpd:C00013
rn:R12308	cpd:C00013
rn:R12311	cpd:C00013
rn:R12312	cpd:C00013
rn:R12352	cpd:C00013
rn:R12353	cpd:C00013
rn:R12354	cpd:C00013
rn:R12363	cpd:C00013
rn:R12364	cpd:C00013
rn:R12365	cpd:C00013
rn:R12393	cpd:C00013
rn:R12395	cpd:C00013
rn:R12396	cpd:C00013
rn:R12398	cpd:C00013
rn:R12417	cpd:C00013
rn:R12419	cpd:C00013
rn:R12429	cpd:C00013
rn:R12433	cpd:C00013
rn:R12434	cpd:C00013
rn:R12437	cpd:C00013
rn:R12439	cpd:C00013
rn:R12449	cpd:C00013
rn:R12456	cpd:C00013
rn:R12485	cpd:C00013
rn:R12490	cpd:C00013
rn:R12494	cpd:C00013
rn:R12495	cpd:C00013
rn:R12498	cpd:C00013
rn:R12562	cpd:C00013
rn:R12568	cpd:C00013
rn:R12572	cpd:C00013
rn:R12573	cpd:C00013
rn:R12575	cpd:C00013
rn:R12576	cpd:C00013
rn:R12580	cpd:C00013
rn:R12581	cpd:C00013
rn:R12590	cpd:C00013
rn:R12596	cpd:C00013
rn:R12598	cpd:C00013
rn:R12599	cpd:C00013
rn:R12638	cpd:C00013
rn:R12639	cpd:C00013
rn:R12640	cpd:C00013
rn:R12642	cpd:C00013
rn:R12646	cpd:C00013
rn:R12647	cpd:C00013
rn:R12669	cpd:C00013
rn:R12672	cpd:C00013
rn:R12699	cpd:C00013
rn:R12721	cpd:C00013
rn:R12723	cpd:C00013
rn:R12725	cpd:C00013
rn:R12727	cpd:C00013
rn:R12728	cpd:C00013
rn:R12730	cpd:C00013
rn:R12765	cpd:C00013
rn:R12767	cpd:C00013
rn:R12772	cpd:C00013
rn:R12774	cpd:C00013
rn:R12777	cpd:C00013
rn:R12779	cpd:C00013
rn:R12781	cpd:C00013
rn:R12782	cpd:C00013
rn:R12784	cpd:C00013
rn:R12789	cpd:C00013
rn:R12805	cpd:C00013
rn:R12812	cpd:C00013
rn:R12825	cpd:C00013
rn:R12863	cpd:C00013
rn:R12867	cpd:C00013
rn:R12871	cpd:C00013
rn:R12873	cpd:C00013
rn:R12875	cpd:C00013
rn:R12881	cpd:C00013
rn:R12904	cpd:C00013
rn:R12943	cpd:C00013
rn:R12945	cpd:C00013
rn:R12968	cpd:C00013
rn:R12998	cpd:C00013
rn:R13006	cpd:C00013
rn:R13007	cpd:C00013
rn:R13030	cpd:C00013
rn:R13099	cpd:C00013
rn:R13100	cpd:C00013
rn:R13101	cpd:C00013
rn:R13102	cpd:C00013
rn:R13103	cpd:C00013
rn:R13104	cpd:C00013
rn:R13207	cpd:C00013
rn:R13209	cpd:C00013
rn:R13210	cpd:C00013
rn:R13211	cpd:C00013
rn:R13226	cpd:C00013
rn:R13228	cpd:C00013
rn:R13229	cpd:C00013
rn:R13230	cpd:C00013
rn:R13231	cpd:C00013
rn:R13232	cpd:C00013
rn:R13234	cpd:C00013
rn:R13235	cpd:C00013
rn:R13241	cpd:C00013
rn:R13274	cpd:C00013
rn:R13292	cpd:C00013
rn:R13293	cpd:C00013
rn:R13294	cpd:C00013
rn:R13295	cpd:C00013
rn:R13296	cpd:C00013
rn:R13300	cpd:C00013
rn:R13302	cpd:C00013
rn:R13303	cpd:C00013
rn:R13304	cpd:C00013
rn:R13310	cpd:C00013
rn:R13311	cpd:C00013
rn:R13312	cpd:C00013
rn:R13313	cpd:C00013
rn:R13315	cpd:C00013
rn:R13316	cpd:C00013
rn:R13317	cpd:C00013
rn:R13318	cpd:C00013
rn:R13319	cpd:C00013
rn:R13320	cpd:C00013
rn:R13353	cpd:C00013
rn:R13355	cpd:C00013
rn:R13461	cpd:C00013
rn:R13496	cpd:C00013
rn:R13497	cpd:C00013
rn:R13505	cpd:C00013
rn:R13506	cpd:C00013
rn:R13507	cpd:C00013
rn:R13509	cpd:C00013
rn:R13510	cpd:C00013
rn:R13511	cpd:C00013
rn:R13518	cpd:C00013
rn:R13520	cpd:C00013
rn:R13526	cpd:C00013
rn:R13527	cpd:C00013
rn:R13528	cpd:C00013
rn:R13530	cpd:C00013
rn:R13532	cpd:C00013
rn:R13534	cpd:C00013
rn:R13535	cpd:C00013
rn:R13576	cpd:C00013
rn:R13578	cpd:C00013
rn:R13579	cpd:C00013
rn:R13580	cpd:C00013
rn:R13581	cpd:C00013
rn:R13582	cpd:C00013
rn:R13584	cpd:C00013
rn:R13585	cpd:C00013
rn:R13587	cpd:C00013
rn:R13591	cpd:C00013
rn:R13592	cpd:C00013
rn:R13595	cpd:C00013
rn:R13596	cpd:C00013
rn:R13601	cpd:C00013
rn:R13602	cpd:C00013
rn:R13603	cpd:C00013
rn:R13610	cpd:C00013
rn:R00005	cpd:C00014
rn:R00018	cpd:C00014
rn:R00084	cpd:C00014
rn:R00088	cpd:C00014
rn:R00123	cpd:C00014
rn:R00131	cpd:C00014
rn:R00141	cpd:C00014
rn:R00143	cpd:C00014
rn:R00145	cpd:C00014
rn:R00146	cpd:C00014
rn:R00148	cpd:C00014
rn:R00149	cpd:C00014
rn:R00150	cpd:C00014
rn:R00152	cpd:C00014
rn:R00153	cpd:C00014
rn:R00181	cpd:C00014
rn:R00189	cpd:C00014
rn:R00193	cpd:C00014
rn:R00195	cpd:C00014
rn:R00213	cpd:C00014
rn:R00220	cpd:C00014
rn:R00221	cpd:C00014
rn:R00223	cpd:C00014
rn:R00243	cpd:C00014
rn:R00248	cpd:C00014
rn:R00250	cpd:C00014
rn:R00253	cpd:C00014
rn:R00254	cpd:C00014
rn:R00256	cpd:C00014
rn:R00269	cpd:C00014
rn:R00270	cpd:C00014
rn:R00277	cpd:C00014
rn:R00279	cpd:C00014
rn:R00283	cpd:C00014
rn:R00284	cpd:C00014
rn:R00321	cpd:C00014
rn:R00347	cpd:C00014
rn:R00348	cpd:C00014
rn:R00357	cpd:C00014
rn:R00359	cpd:C00014
rn:R00364	cpd:C00014
rn:R00365	cpd:C00014
rn:R00366	cpd:C00014
rn:R00396	cpd:C00014
rn:R00445	cpd:C00014
rn:R00446	cpd:C00014
rn:R00447	cpd:C00014
rn:R00469	cpd:C00014
rn:R00482	cpd:C00014
rn:R00483	cpd:C00014
rn:R00484	cpd:C00014
rn:R00485	cpd:C00014
rn:R00486	cpd:C00014
rn:R00490	cpd:C00014
rn:R00524	cpd:C00014
rn:R00532	cpd:C00014
rn:R00540	cpd:C00014
rn:R00552	cpd:C00014
rn:R00571	cpd:C00014
rn:R00581	cpd:C00014
rn:R00606	cpd:C00014
rn:R00648	cpd:C00014
rn:R00654	cpd:C00014
rn:R00665	cpd:C00014
rn:R00671	cpd:C00014
rn:R00673	cpd:C00014
rn:R00675	cpd:C00014
rn:R00676	cpd:C00014
rn:R00677	cpd:C00014
rn:R00681	cpd:C00014
rn:R00682	cpd:C00014
rn:R00688	cpd:C00014
rn:R00689	cpd:C00014
rn:R00697	cpd:C00014
rn:R00728	cpd:C00014
rn:R00729	cpd:C00014
rn:R00737	cpd:C00014
rn:R00748	cpd:C00014
rn:R00749	cpd:C00014
rn:R00765	cpd:C00014
rn:R00782	cpd:C00014
rn:R00787	cpd:C00014
rn:R00789	cpd:C00014
rn:R00790	cpd:C00014
rn:R00823	cpd:C00014
rn:R00825	cpd:C00014
rn:R00905	cpd:C00014
rn:R00917	cpd:C00014
rn:R00974	cpd:C00014
rn:R00980	cpd:C00014
rn:R00985	cpd:C00014
rn:R00996	cpd:C00014
rn:R00997	cpd:C00014
rn:R00999	cpd:C00014
rn:R01001	cpd:C00014
rn:R01031	cpd:C00014
rn:R01032	cpd:C00014
rn:R01053	cpd:C00014
rn:R01088	cpd:C00014
rn:R01134	cpd:C00014
rn:R01149	cpd:C00014
rn:R01151	cpd:C00014
rn:R01152	cpd:C00014
rn:R01168	cpd:C00014
rn:R01212	cpd:C00014
rn:R01221	cpd:C00014
rn:R01230	cpd:C00014
rn:R01244	cpd:C00014
rn:R01258	cpd:C00014
rn:R01259	cpd:C00014
rn:R01268	cpd:C00014
rn:R01283	cpd:C00014
rn:R01286	cpd:C00014
rn:R01340	cpd:C00014
rn:R01342	cpd:C00014
rn:R01374	cpd:C00014
rn:R01410	cpd:C00014
rn:R01411	cpd:C00014
rn:R01416	cpd:C00014
rn:R01434	cpd:C00014
rn:R01469	cpd:C00014
rn:R01485	cpd:C00014
rn:R01544	cpd:C00014
rn:R01560	cpd:C00014
rn:R01563	cpd:C00014
rn:R01579	cpd:C00014
rn:R01586	cpd:C00014
rn:R01619	cpd:C00014
rn:R01649	cpd:C00014
rn:R01650	cpd:C00014
rn:R01663	cpd:C00014
rn:R01676	cpd:C00014
rn:R01685	cpd:C00014
rn:R01710	cpd:C00014
rn:R01853	cpd:C00014
rn:R01854	cpd:C00014
rn:R01874	cpd:C00014
rn:R01878	cpd:C00014
rn:R01887	cpd:C00014
rn:R01922	cpd:C00014
rn:R01937	cpd:C00014
rn:R01938	cpd:C00014
rn:R02145	cpd:C00014
rn:R02150	cpd:C00014
rn:R02173	cpd:C00014
rn:R02190	cpd:C00014
rn:R02196	cpd:C00014
rn:R02197	cpd:C00014
rn:R02233	cpd:C00014
rn:R02273	cpd:C00014
rn:R02280	cpd:C00014
rn:R02286	cpd:C00014
rn:R02302	cpd:C00014
rn:R02322	cpd:C00014
rn:R02325	cpd:C00014
rn:R02359	cpd:C00014
rn:R02382	cpd:C00014
rn:R02408	cpd:C00014
rn:R02423	cpd:C00014
rn:R02457	cpd:C00014
rn:R02485	cpd:C00014
rn:R02529	cpd:C00014
rn:R02532	cpd:C00014
rn:R02540	cpd:C00014
rn:R02556	cpd:C00014
rn:R02605	cpd:C00014
rn:R02612	cpd:C00014
rn:R02613	cpd:C00014
rn:R02618	cpd:C00014
rn:R02621	cpd:C00014
rn:R02622	cpd:C00014
rn:R02711	cpd:C00014
rn:R02712	cpd:C00014
rn:R02755	cpd:C00014
rn:R02815	cpd:C00014
rn:R02908	cpd:C00014
rn:R02922	cpd:C00014
rn:R02923	cpd:C00014
rn:R02938	cpd:C00014
rn:R02953	cpd:C00014
rn:R02974	cpd:C00014
rn:R03030	cpd:C00014
rn:R03046	cpd:C00014
rn:R03093	cpd:C00014
rn:R03096	cpd:C00014
rn:R03139	cpd:C00014
rn:R03148	cpd:C00014
rn:R03180	cpd:C00014
rn:R03188	cpd:C00014
rn:R03349	cpd:C00014
rn:R03358	cpd:C00014
rn:R03459	cpd:C00014
rn:R03528	cpd:C00014
rn:R03540	cpd:C00014
rn:R03542	cpd:C00014
rn:R03593	cpd:C00014
rn:R03613	cpd:C00014
rn:R03696	cpd:C00014
rn:R03800	cpd:C00014
rn:R03804	cpd:C00014
rn:R03887	cpd:C00014
rn:R03909	cpd:C00014
rn:R03983	cpd:C00014
rn:R04011	cpd:C00014
rn:R04012	cpd:C00014
rn:R04025	cpd:C00014
rn:R04027	cpd:C00014
rn:R04058	cpd:C00014
rn:R04125	cpd:C00014
rn:R04140	cpd:C00014
rn:R04189	cpd:C00014
rn:R04200	cpd:C00014
rn:R04201	cpd:C00014
rn:R04239	cpd:C00014
rn:R04283	cpd:C00014
rn:R04300	cpd:C00014
rn:R04341	cpd:C00014
rn:R04349	cpd:C00014
rn:R04350	cpd:C00014
rn:R04397	cpd:C00014
rn:R04641	cpd:C00014
rn:R04666	cpd:C00014
rn:R04674	cpd:C00014
rn:R04687	cpd:C00014
rn:R04688	cpd:C00014
rn:R04731	cpd:C00014
rn:R04770	cpd:C00014
rn:R04857	cpd:C00014
rn:R04890	cpd:C00014
rn:R04893	cpd:C00014
rn:R04907	cpd:C00014
rn:R04908	cpd:C00014
rn:R04930	cpd:C00014
rn:R04941	cpd:C00014
rn:R04975	cpd:C00014
rn:R05030	cpd:C00014
rn:R05077	cpd:C00014
rn:R05079	cpd:C00014
rn:R05156	cpd:C00014
rn:R05169	cpd:C00014
rn:R05170	cpd:C00014
rn:R05172	cpd:C00014
rn:R05185	cpd:C00014
rn:R05186	cpd:C00014
rn:R05279	cpd:C00014
rn:R05280	cpd:C00014
rn:R05334	cpd:C00014
rn:R05358	cpd:C00014
rn:R05546	cpd:C00014
rn:R05551	cpd:C00014
rn:R05552	cpd:C00014
rn:R05554	cpd:C00014
rn:R05563	cpd:C00014
rn:R05569	cpd:C00014
rn:R05574	cpd:C00014
rn:R05585	cpd:C00014
rn:R05590	cpd:C00014
rn:R05591	cpd:C00014
rn:R05712	cpd:C00014
rn:R05758	cpd:C00014
rn:R05780	cpd:C00014
rn:R05782	cpd:C00014
rn:R05783	cpd:C00014
rn:R05861	cpd:C00014
rn:R06124	cpd:C00014
rn:R06131	cpd:C00014
rn:R06132	cpd:C00014
rn:R06134	cpd:C00014
rn:R06138	cpd:C00014
rn:R06154	cpd:C00014
rn:R06740	cpd:C00014
rn:R06852	cpd:C00014
rn:R06967	cpd:C00014
rn:R06968	cpd:C00014
rn:R06969	cpd:C00014
rn:R06970	cpd:C00014
rn:R06971	cpd:C00014
rn:R07164	cpd:C00014
rn:R07165	cpd:C00014
rn:R07166	cpd:C00014
rn:R07167	cpd:C00014
rn:R07226	cpd:C00014
rn:R07307	cpd:C00014
rn:R07316	cpd:C00014
rn:R07400	cpd:C00014
rn:R07415	cpd:C00014
rn:R07598	cpd:C00014
rn:R07634	cpd:C00014
rn:R07641	cpd:C00014
rn:R07700	cpd:C00014
rn:R07782	cpd:C00014
rn:R07793	cpd:C00014
rn:R07855	cpd:C00014
rn:R07984	cpd:C00014
rn:R08170	cpd:C00014
rn:R08221	cpd:C00014
rn:R08228	cpd:C00014
rn:R08305	cpd:C00014
rn:R08308	cpd:C00014
rn:R08348	cpd:C00014
rn:R08365	cpd:C00014
rn:R08514	cpd:C00014
rn:R08569	cpd:C00014
rn:R08583	cpd:C00014
rn:R08637	cpd:C00014
rn:R08654	cpd:C00014
rn:R08660	cpd:C00014
rn:R08667	cpd:C00014
rn:R08686	cpd:C00014
rn:R08698	cpd:C00014
rn:R08846	cpd:C00014
rn:R08920	cpd:C00014
rn:R09253	cpd:C00014
rn:R09285	cpd:C00014
rn:R09287	cpd:C00014
rn:R09366	cpd:C00014
rn:R09377	cpd:C00014
rn:R09493	cpd:C00014
rn:R09519	cpd:C00014
rn:R09537	cpd:C00014
rn:R09566	cpd:C00014
rn:R09647	cpd:C00014
rn:R09648	cpd:C00014
rn:R09649	cpd:C00014
rn:R09650	cpd:C00014
rn:R09660	cpd:C00014
rn:R09661	cpd:C00014
rn:R09680	cpd:C00014
rn:R09683	cpd:C00014
rn:R09799	cpd:C00014
rn:R09809	cpd:C00014
rn:R09830	cpd:C00014
rn:R09876	cpd:C00014
rn:R09948	cpd:C00014
rn:R09950	cpd:C00014
rn:R09978	cpd:C00014
rn:R09983	cpd:C00014
rn:R09993	cpd:C00014
rn:R09998	cpd:C00014
rn:R10002	cpd:C00014
rn:R10012	cpd:C00014
rn:R10014	cpd:C00014
rn:R10054	cpd:C00014
rn:R10079	cpd:C00014
rn:R10086	cpd:C00014
rn:R10088	cpd:C00014
rn:R10223	cpd:C00014
rn:R10231	cpd:C00014
rn:R10232	cpd:C00014
rn:R10245	cpd:C00014
rn:R10270	cpd:C00014
rn:R10277	cpd:C00014
rn:R10312	cpd:C00014
rn:R10408	cpd:C00014
rn:R10470	cpd:C00014
rn:R10695	cpd:C00014
rn:R10775	cpd:C00014
rn:R10949	cpd:C00014
rn:R11017	cpd:C00014
rn:R11018	cpd:C00014
rn:R11023	cpd:C00014
rn:R11031	cpd:C00014
rn:R11032	cpd:C00014
rn:R11094	cpd:C00014
rn:R11098	cpd:C00014
rn:R11099	cpd:C00014
rn:R11209	cpd:C00014
rn:R11328	cpd:C00014
rn:R11409	cpd:C00014
rn:R11532	cpd:C00014
rn:R11559	cpd:C00014
rn:R11560	cpd:C00014
rn:R11604	cpd:C00014
rn:R11617	cpd:C00014
rn:R11619	cpd:C00014
rn:R11864	cpd:C00014
rn:R11916	cpd:C00014
rn:R11917	cpd:C00014
rn:R11918	cpd:C00014
rn:R11919	cpd:C00014
rn:R12084	cpd:C00014
rn:R12152	cpd:C00014
rn:R12162	cpd:C00014
rn:R12185	cpd:C00014
rn:R12188	cpd:C00014
rn:R12331	cpd:C00014
rn:R12333	cpd:C00014
rn:R12408	cpd:C00014
rn:R12623	cpd:C00014
rn:R12625	cpd:C00014
rn:R12684	cpd:C00014
rn:R12686	cpd:C00014
rn:R12937	cpd:C00014
rn:R12938	cpd:C00014
rn:R12938	cpd:C00014
rn:R12939	cpd:C00014
rn:R13021	cpd:C00014
rn:R13022	cpd:C00014
rn:R13023	cpd:C00014
rn:R13080	cpd:C00014
rn:R13138	cpd:C00014
rn:R13139	cpd:C00014
rn:R13141	cpd:C00014
rn:R13194	cpd:C00014
rn:R13195	cpd:C00014
rn:R13308	cpd:C00014
rn:R13389	cpd:C00014
rn:R13420	cpd:C00014
rn:R13421	cpd:C00014
rn:R13558	cpd:C00014
rn:R13625	cpd:C00014
rn:R13628	cpd:C00014
rn:R13629	cpd:C00014
rn:R13636	cpd:C00014
rn:R00155	cpd:C00015
rn:R00156	cpd:C00015
rn:R00157	cpd:C00015
rn:R00158	cpd:C00015
rn:R00159	cpd:C00015
rn:R00292	cpd:C00015
rn:R00414	cpd:C00015
rn:R00417	cpd:C00015
rn:R00438	cpd:C00015
rn:R00503	cpd:C00015
rn:R00506	cpd:C00015
rn:R00659	cpd:C00015
rn:R00766	cpd:C00015
rn:R00769	cpd:C00015
rn:R00806	cpd:C00015
rn:R00809	cpd:C00015
rn:R00836	cpd:C00015
rn:R00853	cpd:C00015
rn:R00854	cpd:C00015
rn:R01005	cpd:C00015
rn:R01008	cpd:C00015
rn:R01192	cpd:C00015
rn:R01205	cpd:C00015
rn:R01240	cpd:C00015
rn:R01304	cpd:C00015
rn:R01383	cpd:C00015
rn:R01472	cpd:C00015
rn:R01474	cpd:C00015
rn:R01497	cpd:C00015
rn:R01500	cpd:C00015
rn:R01722	cpd:C00015
rn:R01912	cpd:C00015
rn:R01928	cpd:C00015
rn:R01994	cpd:C00015
rn:R01995	cpd:C00015
rn:R01996	cpd:C00015
rn:R01997	cpd:C00015
rn:R02018	cpd:C00015
rn:R02113	cpd:C00015
rn:R02118	cpd:C00015
rn:R02119	cpd:C00015
rn:R02158	cpd:C00015
rn:R02179	cpd:C00015
rn:R02183	cpd:C00015
rn:R02256	cpd:C00015
rn:R02335	cpd:C00015
rn:R02358	cpd:C00015
rn:R02380	cpd:C00015
rn:R02388	cpd:C00015
rn:R02389	cpd:C00015
rn:R02478	cpd:C00015
rn:R02502	cpd:C00015
rn:R02594	cpd:C00015
rn:R02654	cpd:C00015
rn:R02689	cpd:C00015
rn:R02691	cpd:C00015
rn:R02707	cpd:C00015
rn:R02709	cpd:C00015
rn:R02716	cpd:C00015
rn:R02717	cpd:C00015
rn:R02737	cpd:C00015
rn:R02789	cpd:C00015
rn:R02790	cpd:C00015
rn:R02791	cpd:C00015
rn:R02889	cpd:C00015
rn:R02897	cpd:C00015
rn:R02902	cpd:C00015
rn:R02932	cpd:C00015
rn:R02951	cpd:C00015
rn:R03078	cpd:C00015
rn:R03079	cpd:C00015
rn:R03091	cpd:C00015
rn:R03094	cpd:C00015
rn:R03118	cpd:C00015
rn:R03190	cpd:C00015
rn:R03213	cpd:C00015
rn:R03238	cpd:C00015
rn:R03267	cpd:C00015
rn:R03268	cpd:C00015
rn:R03297	cpd:C00015
rn:R03354	cpd:C00015
rn:R03380	cpd:C00015
rn:R03486	cpd:C00015
rn:R03490	cpd:C00015
rn:R03513	cpd:C00015
rn:R03514	cpd:C00015
rn:R03526	cpd:C00015
rn:R03547	cpd:C00015
rn:R03548	cpd:C00015
rn:R03558	cpd:C00015
rn:R03565	cpd:C00015
rn:R03573	cpd:C00015
rn:R03574	cpd:C0